<?xml version="1.0" encoding="UTF-8"?>
<!-- Terms and Conditions -->
<!-- 
Copyright (C)) 2005 Applied Biosystems.  
This file may be copied and redistributed freely, without advance permission, 
provided that this Copyright statement is reproduced with each copy.  
 
LIMITATION OF WARRANTY 
NOTHING IN THIS AGREEMENT WILL BE CONSTRUED AS A REPRESENTATION MADE OR 
WARRANTY GIVEN BY APPLIED BIOSYSTEMS OR ANY THIRD PARTY THAT THE USE OF 
DATA PROVIDED HEREUNDER WILL NOT INFRINGE ANY PATENT, COPYRIGHT, TRADEMARK 
OR OTHER RIGHTS OF ANY THIRD PARTY. DATA IS PROVIDED "AS IS" WITHOUT 
WARRANTY OF ANY KIND WHATSOEVER, EXPRESS OR IMPLIED, INCLUDING IMPLIED 
WARRANTIES OF MERCHANTABILITY OR FITNESS FOR A PARTICULAR PURPOSE. APPLIED 
BIOSYSTEMS MAKES NO WARRANTY THAT ITS DATA DOES NOT CONTAIN ERRORS.
-->

<!-- Created by SBML API 2.0(a17.0) -->
<sbml level="2" version="1" xmlns="http://www.sbml.org/sbml/level2" xmlns:celldesigner="http://www.sbml.org/2001/ns/celldesigner">
<model id="_space_5HT1_space_type_space_receptor_space_mediated_space_signaling_space_pathway">
<notes>
<html xmlns="http://www.w3.org/1999/xhtml">
<!--Notes by CellDesigner-->
<body>
<![CDATA[
No pathway definition
]]>
</body>
</html>
</notes>
<annotation>
<celldesigner:modelVersion>2.3</celldesigner:modelVersion>
<celldesigner:modelDisplay sizeX="600" sizeY="600"/>
<celldesigner:listOfCompartmentAliases>
<celldesigner:compartmentAlias compartment="c2" id="ca2">
<celldesigner:class>SQUARE</celldesigner:class>
<celldesigner:bounds h="104.0" w="191.0" x="367.0" y="36.0"/>
<celldesigner:doubleLine innerWidth="1.0" outerWidth="2.0" thickness="12.0"/>
<celldesigner:paint color="ffcccc00" scheme="Color"/>
</celldesigner:compartmentAlias>
<celldesigner:compartmentAlias compartment="c3" id="ca3">
<celldesigner:class>SQUARE_CLOSEUP_SOUTH</celldesigner:class>
<celldesigner:point x="350.0" y="153.0"/>
<celldesigner:doubleLine innerWidth="1.0" outerWidth="2.0" thickness="12.0"/>
<celldesigner:paint color="ffcccc00" scheme="Color"/>
</celldesigner:compartmentAlias>
<celldesigner:compartmentAlias compartment="c4" id="ca4">
<celldesigner:class>SQUARE_CLOSEUP_NORTH</celldesigner:class>
<celldesigner:point x="246.0" y="329.0"/>
<celldesigner:doubleLine innerWidth="1.0" outerWidth="2.0" thickness="12.0"/>
<celldesigner:paint color="ffcccc00" scheme="Color"/>
</celldesigner:compartmentAlias>
</celldesigner:listOfCompartmentAliases>
<celldesigner:listOfSpeciesAliases>
<celldesigner:speciesAlias compartmentAlias="ca3" id="a1" species="s1">
<celldesigner:activity>inactive</celldesigner:activity>
<celldesigner:bounds h="41.0" w="97.0" x="156.0" y="121.0"/>
<celldesigner:singleLine width="1.0"/>
<celldesigner:paint color="ffccffcc" scheme="Color"/>
</celldesigner:speciesAlias>
<celldesigner:speciesAlias compartmentAlias="ca3" id="a2" species="s17">
<celldesigner:activity>inactive</celldesigner:activity>
<celldesigner:bounds h="25.0" w="70.0" x="166.0" y="70.5"/>
<celldesigner:singleLine width="1.0"/>
<celldesigner:paint color="ffccff66" scheme="Color"/>
</celldesigner:speciesAlias>
<celldesigner:speciesAlias compartmentAlias="ca3" id="a3" species="s18">
<celldesigner:activity>inactive</celldesigner:activity>
<celldesigner:bounds h="25.0" w="25.0" x="129.5" y="93.5"/>
<celldesigner:singleLine width="1.0"/>
<celldesigner:paint color="ff9999ff" scheme="Color"/>
</celldesigner:speciesAlias>
<celldesigner:speciesAlias compartmentAlias="ca3" id="a4" species="s19">
<celldesigner:activity>inactive</celldesigner:activity>
<celldesigner:bounds h="25.0" w="25.0" x="250.5" y="95.5"/>
<celldesigner:singleLine width="1.0"/>
<celldesigner:paint color="ff9999ff" scheme="Color"/>
</celldesigner:speciesAlias>
<celldesigner:speciesAlias id="a5" species="s4">
<celldesigner:activity>inactive</celldesigner:activity>
<celldesigner:bounds h="25.0" w="25.0" x="224.25" y="195.5"/>
<celldesigner:singleLine width="1.0"/>
<celldesigner:paint color="ff9999ff" scheme="Color"/>
</celldesigner:speciesAlias>
<celldesigner:speciesAlias id="a6" species="s3">
<celldesigner:activity>inactive</celldesigner:activity>
<celldesigner:bounds h="25.0" w="25.0" x="143.25" y="192.5"/>
<celldesigner:singleLine width="1.0"/>
<celldesigner:paint color="ff9999ff" scheme="Color"/>
</celldesigner:speciesAlias>
<celldesigner:speciesAlias id="a7" species="s11">
<celldesigner:activity>inactive</celldesigner:activity>
<celldesigner:bounds h="25.0" w="70.0" x="165.75" y="216.5"/>
<celldesigner:singleLine width="1.0"/>
<celldesigner:paint color="ffccff66" scheme="Color"/>
</celldesigner:speciesAlias>
<celldesigner:speciesAlias id="a8" species="s8">
<celldesigner:activity>inactive</celldesigner:activity>
<celldesigner:bounds h="25.0" w="25.0" x="63.5" y="194.5"/>
<celldesigner:singleLine width="1.0"/>
<celldesigner:paint color="ff9999ff" scheme="Color"/>
</celldesigner:speciesAlias>
<celldesigner:speciesAlias compartmentAlias="ca3" id="a10" species="s20">
<celldesigner:activity>inactive</celldesigner:activity>
<celldesigner:bounds h="25.0" w="25.0" x="62.5" y="89.5"/>
<celldesigner:singleLine width="1.0"/>
<celldesigner:paint color="ff9999ff" scheme="Color"/>
</celldesigner:speciesAlias>
<celldesigner:speciesAlias id="a11" species="s12">
<celldesigner:activity>inactive</celldesigner:activity>
<celldesigner:bounds h="25.0" w="70.0" x="240.0" y="167.5"/>
<celldesigner:singleLine width="1.0"/>
<celldesigner:paint color="ffccff66" scheme="Color"/>
</celldesigner:speciesAlias>
<celldesigner:speciesAlias compartmentAlias="ca3" id="a12" species="s13">
<celldesigner:activity>inactive</celldesigner:activity>
<celldesigner:bounds h="25.0" w="70.0" x="311.0" y="7.5"/>
<celldesigner:singleLine width="1.0"/>
<celldesigner:paint color="ffccff66" scheme="Color"/>
</celldesigner:speciesAlias>
<celldesigner:speciesAlias compartmentAlias="ca2" id="a13" species="s14">
<celldesigner:activity>inactive</celldesigner:activity>
<celldesigner:bounds h="39.0" w="82.0" x="315.0" y="51.0"/>
<celldesigner:singleLine width="1.0"/>
<celldesigner:paint color="ffccffcc" scheme="Color"/>
</celldesigner:speciesAlias>
<celldesigner:speciesAlias compartmentAlias="ca2" id="a14" species="s15">
<celldesigner:activity>inactive</celldesigner:activity>
<celldesigner:bounds h="25.0" w="70.0" x="442.0" y="70.5"/>
<celldesigner:singleLine width="1.0"/>
<celldesigner:paint color="ffccff66" scheme="Color"/>
</celldesigner:speciesAlias>
<celldesigner:speciesAlias compartmentAlias="ca2" id="a15" species="s16">
<celldesigner:activity>inactive</celldesigner:activity>
<celldesigner:bounds h="33.0" w="133.0" x="397.0" y="123.0"/>
<celldesigner:singleLine width="1.0"/>
<celldesigner:paint color="ffccffcc" scheme="Color"/>
</celldesigner:speciesAlias>
<celldesigner:speciesAlias id="a16" species="s11">
<celldesigner:activity>inactive</celldesigner:activity>
<celldesigner:bounds h="25.0" w="70.0" x="396.0" y="216.5"/>
<celldesigner:singleLine width="1.0"/>
<celldesigner:paint color="ffccff66" scheme="Color"/>
</celldesigner:speciesAlias>
<celldesigner:speciesAlias compartmentAlias="ca4" id="a20" species="s24">
<celldesigner:activity>inactive</celldesigner:activity>
<celldesigner:bounds h="36.0" w="50.0" x="95.03459057690134" y="551.75"/>
<celldesigner:singleLine width="1.0"/>
<celldesigner:paint color="ffccff66" scheme="Color"/>
</celldesigner:speciesAlias>
<celldesigner:speciesAlias compartmentAlias="ca4" id="a21" species="s25">
<celldesigner:activity>inactive</celldesigner:activity>
<celldesigner:bounds h="33.0" w="46.0" x="13.034590576901337" y="472.75"/>
<celldesigner:singleLine width="1.0"/>
<celldesigner:paint color="ffccffcc" scheme="Color"/>
</celldesigner:speciesAlias>
<celldesigner:speciesAlias compartmentAlias="ca4" id="a23" species="s33">
<celldesigner:activity>inactive</celldesigner:activity>
<celldesigner:bounds h="38.0" w="40.0" x="176.03459057690134" y="470.75"/>
<celldesigner:singleLine width="1.0"/>
<celldesigner:paint color="ffccffcc" scheme="Color"/>
</celldesigner:speciesAlias>
<celldesigner:speciesAlias compartmentAlias="ca4" id="a24" species="s25">
<celldesigner:activity>active</celldesigner:activity>
<celldesigner:bounds h="32.0" w="43.0" x="16.034590576901337" y="555.75"/>
<celldesigner:singleLine width="1.0"/>
<celldesigner:paint color="ffccffcc" scheme="Color"/>
</celldesigner:speciesAlias>
<celldesigner:speciesAlias compartmentAlias="ca4" id="a25" species="s29">
<celldesigner:activity>inactive</celldesigner:activity>
<celldesigner:bounds h="26.0" w="29.0" x="177.53459057690134" y="410.75"/>
<celldesigner:singleLine width="1.0"/>
<celldesigner:paint color="ffccff66" scheme="Color"/>
</celldesigner:speciesAlias>
<celldesigner:speciesAlias compartmentAlias="ca4" id="a26" species="s30">
<celldesigner:activity>inactive</celldesigner:activity>
<celldesigner:bounds h="36.0" w="50.0" x="96.03459057690134" y="469.75"/>
<celldesigner:singleLine width="1.0"/>
<celldesigner:paint color="ffccff66" scheme="Color"/>
</celldesigner:speciesAlias>
<celldesigner:speciesAlias compartmentAlias="ca4" id="a28" species="s32">
<celldesigner:activity>inactive</celldesigner:activity>
<celldesigner:bounds h="24.0" w="27.0" x="222.53459057690134" y="404.75"/>
<celldesigner:singleLine width="1.0"/>
<celldesigner:paint color="ffccff66" scheme="Color"/>
</celldesigner:speciesAlias>
<celldesigner:speciesAlias compartmentAlias="ca4" id="a29" species="s33">
<celldesigner:activity>active</celldesigner:activity>
<celldesigner:bounds h="38.0" w="40.0" x="174.53459057690134" y="548.75"/>
<celldesigner:singleLine width="1.0"/>
<celldesigner:paint color="ffccffcc" scheme="Color"/>
</celldesigner:speciesAlias>
<celldesigner:speciesAlias compartmentAlias="ca4" id="a38" species="s38">
<celldesigner:activity>inactive</celldesigner:activity>
<celldesigner:listOfInnerAliases>
<celldesigner:innerAlias heterodimerEntry="inner0">
<celldesigner:activity>inactive</celldesigner:activity>
<celldesigner:bounds h="54.0" w="72.0" x="14.027562007652023" y="304.375"/>
<celldesigner:singleLine width="1.0"/>
<celldesigner:paint color="ffffffcc" scheme="Color"/>
</celldesigner:innerAlias>
<celldesigner:innerAlias heterodimerEntry="inner1">
<celldesigner:activity>inactive</celldesigner:activity>
<celldesigner:bounds h="25.0" w="70.0" x="15.872526854935785" y="289.875"/>
<celldesigner:singleLine width="1.0"/>
<celldesigner:paint color="ffccff66" scheme="Color"/>
</celldesigner:innerAlias>
</celldesigner:listOfInnerAliases>
</celldesigner:speciesAlias>
<celldesigner:speciesAlias compartmentAlias="ca4" id="a49" species="s44">
<celldesigner:activity>inactive</celldesigner:activity>
<celldesigner:listOfInnerAliases>
<celldesigner:innerAlias heterodimerEntry="inner0">
<celldesigner:activity>inactive</celldesigner:activity>
<celldesigner:bounds h="26.0" w="29.0" x="385.542456538592" y="368.75"/>
<celldesigner:singleLine width="1.0"/>
<celldesigner:paint color="ffccff66" scheme="Color"/>
</celldesigner:innerAlias>
<celldesigner:innerAlias heterodimerEntry="inner1">
<celldesigner:activity>inactive</celldesigner:activity>
<celldesigner:bounds h="20.0" w="67.0" x="351.1808188461973" y="351.75"/>
<celldesigner:singleLine width="1.0"/>
<celldesigner:paint color="ffccffcc" scheme="Color"/>
</celldesigner:innerAlias>
<celldesigner:innerAlias heterodimerEntry="inner2">
<celldesigner:activity>inactive</celldesigner:activity>
<celldesigner:bounds h="54.0" w="72.0" x="325.4638227709502" y="302.25"/>
<celldesigner:singleLine width="1.0"/>
<celldesigner:paint color="ffffffcc" scheme="Color"/>
</celldesigner:innerAlias>
</celldesigner:listOfInnerAliases>
</celldesigner:speciesAlias>
<celldesigner:speciesAlias compartmentAlias="ca4" id="a57" species="s47">
<celldesigner:activity>inactive</celldesigner:activity>
<celldesigner:listOfInnerAliases>
<celldesigner:innerAlias heterodimerEntry="inner0">
<celldesigner:activity>inactive</celldesigner:activity>
<celldesigner:bounds h="26.0" w="29.0" x="228.90563678305648" y="370.6875"/>
<celldesigner:singleLine width="1.0"/>
<celldesigner:paint color="ffccff66" scheme="Color"/>
</celldesigner:innerAlias>
<celldesigner:innerAlias heterodimerEntry="inner1">
<celldesigner:activity>inactive</celldesigner:activity>
<celldesigner:bounds h="20.0" w="67.0" x="194.54399909066183" y="353.6875"/>
<celldesigner:singleLine width="1.0"/>
<celldesigner:paint color="ffccffcc" scheme="Color"/>
</celldesigner:innerAlias>
<celldesigner:innerAlias heterodimerEntry="inner2">
<celldesigner:activity>inactive</celldesigner:activity>
<celldesigner:bounds h="54.0" w="72.0" x="167.34186574996758" y="304.1875"/>
<celldesigner:singleLine width="1.0"/>
<celldesigner:paint color="ffffffcc" scheme="Color"/>
</celldesigner:innerAlias>
<celldesigner:innerAlias heterodimerEntry="inner3">
<celldesigner:activity>inactive</celldesigner:activity>
<celldesigner:bounds h="25.0" w="70.0" x="167.0053353012996" y="287.9375"/>
<celldesigner:singleLine width="1.0"/>
<celldesigner:paint color="ffccff66" scheme="Color"/>
</celldesigner:innerAlias>
</celldesigner:listOfInnerAliases>
</celldesigner:speciesAlias>
<celldesigner:speciesAlias compartmentAlias="ca4" id="a59" species="s49">
<celldesigner:activity>inactive</celldesigner:activity>
<celldesigner:bounds h="45.0" w="43.0" x="548.0" y="316.0"/>
<celldesigner:singleLine width="1.0"/>
<celldesigner:paint color="ffccffff" scheme="Color"/>
</celldesigner:speciesAlias>
<celldesigner:speciesAlias compartmentAlias="ca4" id="a60" species="s49">
<celldesigner:activity>active</celldesigner:activity>
<celldesigner:bounds h="45.0" w="59.0" x="442.5" y="317.5"/>
<celldesigner:singleLine width="1.0"/>
<celldesigner:paint color="ffccffff" scheme="Color"/>
</celldesigner:speciesAlias>
<celldesigner:speciesAlias compartmentAlias="ca4" id="a61" species="s51">
<celldesigner:activity>inactive</celldesigner:activity>
<celldesigner:bounds h="25.0" w="25.0" x="458.5" y="374.5"/>
<celldesigner:singleLine width="1.0"/>
<celldesigner:paint color="ff9999ff" scheme="Color"/>
</celldesigner:speciesAlias>
<celldesigner:speciesAlias id="a62" species="s8">
<celldesigner:activity>inactive</celldesigner:activity>
<celldesigner:bounds h="25.0" w="25.0" x="457.5" y="261.5"/>
<celldesigner:singleLine width="1.0"/>
<celldesigner:paint color="ff9999ff" scheme="Color"/>
</celldesigner:speciesAlias>
<celldesigner:speciesAlias compartmentAlias="ca4" id="a66" species="s54">
<celldesigner:activity>inactive</celldesigner:activity>
<celldesigner:listOfInnerAliases>
<celldesigner:innerAlias heterodimerEntry="inner0">
<celldesigner:activity>inactive</celldesigner:activity>
<celldesigner:bounds h="20.0" w="67.0" x="84.07968608261763" y="407.0"/>
<celldesigner:singleLine width="1.0"/>
<celldesigner:paint color="ffccffcc" scheme="Color"/>
</celldesigner:innerAlias>
<celldesigner:innerAlias heterodimerEntry="inner1">
<celldesigner:activity>inactive</celldesigner:activity>
<celldesigner:bounds h="24.0" w="27.0" x="119.45410126721183" y="424.0"/>
<celldesigner:singleLine width="1.0"/>
<celldesigner:paint color="ffccff66" scheme="Color"/>
</celldesigner:innerAlias>
</celldesigner:listOfInnerAliases>
</celldesigner:speciesAlias>
<celldesigner:speciesAlias compartmentAlias="ca3" id="a67" species="s55">
<celldesigner:activity>active</celldesigner:activity>
<celldesigner:bounds h="45.0" w="59.0" x="43.5" y="128.5"/>
<celldesigner:singleLine width="1.0"/>
<celldesigner:paint color="ffccffff" scheme="Color"/>
</celldesigner:speciesAlias>
</celldesigner:listOfSpeciesAliases>
<celldesigner:listOfGroups/>
<celldesigner:listOfProteins>
<celldesigner:protein id="p1" name="5HT transporter" type="GENERIC"/>
<celldesigner:protein id="p3" name="5HT vesicular transporter" type="GENERIC"/>
<celldesigner:protein id="p4" name="SNARE Complex" type="GENERIC"/>
<celldesigner:protein id="p11" name="G-protein" type="GENERIC"/>
<celldesigner:protein id="p7" name="AC" type="GENERIC"/>
<celldesigner:protein id="p8" name="PKA" type="GENERIC"/>
<celldesigner:protein id="p6" name="5HT1 Receptor" type="RECEPTOR"/>
<celldesigner:protein id="p9" name="K_super_+_endsuper__space_channel" type="ION_CHANNEL"/>
</celldesigner:listOfProteins>
<celldesigner:listOfBlockDiagrams/>
</annotation>
<listOfCompartments>
<compartment id="default"/>
<compartment id="c2" name="dense core vesicle" outside="c3">
<annotation>
<celldesigner:name>dense core vesicle</celldesigner:name>
</annotation>
</compartment>
<compartment id="c3" name="Serotonergic Cell in Raphe Nuclei" outside="default">
<annotation>
<celldesigner:name>Serotonergic Cell in Raphe Nuclei</celldesigner:name>
</annotation>
</compartment>
<compartment id="c4" name="Serotonin Sensitive Cell" outside="default">
<annotation>
<celldesigner:name>Serotonin Sensitive Cell</celldesigner:name>
</annotation>
</compartment>
</listOfCompartments>
<listOfSpecies>
<species compartment="c3" id="s1" name="5HT transporter">
<notes>
<html xmlns="http://www.w3.org/1999/xhtml">
<!--Notes by CellDesigner-->
<body>
Long Name:  5HT transporter
Synonym:  Synonym not specified
Accession:  P04409
</body>
</html>
</notes>
<annotation>
<celldesigner:positionToCompartment>transmembrane</celldesigner:positionToCompartment>
<celldesigner:speciesIdentity>
<celldesigner:class>PROTEIN</celldesigner:class>
<celldesigner:proteinReference>p1</celldesigner:proteinReference>
</celldesigner:speciesIdentity>
<celldesigner:listOfCatalyzedReactions>
<celldesigner:catalyzed reaction="re2"/>
</celldesigner:listOfCatalyzedReactions>
</annotation>
</species>
<species compartment="default" id="s3" name="Na+">
<notes>
<html xmlns="http://www.w3.org/1999/xhtml">
<!--Notes by CellDesigner-->
<body>
Long Name:  Na+
Synonym:  Synonym not specified
Accession:  U04955
</body>
</html>
</notes>
<annotation>
<celldesigner:positionToCompartment>inside</celldesigner:positionToCompartment>
<celldesigner:speciesIdentity>
<celldesigner:class>ION</celldesigner:class>
<celldesigner:name>Na+</celldesigner:name>
</celldesigner:speciesIdentity>
</annotation>
</species>
<species compartment="default" id="s4" name="Cl-">
<notes>
<html xmlns="http://www.w3.org/1999/xhtml">
<!--Notes by CellDesigner-->
<body>
Long Name:  Cl-
Synonym:  Synonym not specified
Accession:  U04957
</body>
</html>
</notes>
<annotation>
<celldesigner:positionToCompartment>inside</celldesigner:positionToCompartment>
<celldesigner:speciesIdentity>
<celldesigner:class>ION</celldesigner:class>
<celldesigner:name>Cl-</celldesigner:name>
</celldesigner:speciesIdentity>
</annotation>
</species>
<species compartment="default" id="s8" name="K+">
<notes>
<html xmlns="http://www.w3.org/1999/xhtml">
<!--Notes by CellDesigner-->
<body>
Long Name:  K+
Synonym:  Synonym not specified
Accession:  U04956
</body>
</html>
</notes>
<annotation>
<celldesigner:positionToCompartment>inside</celldesigner:positionToCompartment>
<celldesigner:speciesIdentity>
<celldesigner:class>ION</celldesigner:class>
<celldesigner:name>K+</celldesigner:name>
</celldesigner:speciesIdentity>
</annotation>
</species>
<species compartment="default" id="s11" name="5HT+">
<notes>
<html xmlns="http://www.w3.org/1999/xhtml">
<!--Notes by CellDesigner-->
<body>
Long Name:  5HT+
Synonym:  Synonym not specified
Accession:  S04729
</body>
</html>
</notes>
<annotation>
<celldesigner:positionToCompartment>inside</celldesigner:positionToCompartment>
<celldesigner:speciesIdentity>
<celldesigner:class>SIMPLE_MOLECULE</celldesigner:class>
<celldesigner:name>5HT+</celldesigner:name>
</celldesigner:speciesIdentity>
</annotation>
</species>
<species compartment="default" id="s12" name="Imipramine">
<notes>
<html xmlns="http://www.w3.org/1999/xhtml">
<!--Notes by CellDesigner-->
<body>
Long Name:  Imipramine
Synonym:  Synonym not specified
Accession:  S04730
</body>
</html>
</notes>
<annotation>
<celldesigner:positionToCompartment>inside</celldesigner:positionToCompartment>
<celldesigner:speciesIdentity>
<celldesigner:class>SIMPLE_MOLECULE</celldesigner:class>
<celldesigner:name>Imipramine</celldesigner:name>
</celldesigner:speciesIdentity>
<celldesigner:listOfCatalyzedReactions>
<celldesigner:catalyzed reaction="re2"/>
</celldesigner:listOfCatalyzedReactions>
</annotation>
</species>
<species compartment="c3" id="s13" name="reserpine">
<notes>
<html xmlns="http://www.w3.org/1999/xhtml">
<!--Notes by CellDesigner-->
<body>
Long Name:  reserpine
Synonym:  Synonym not specified
Accession:  S04724
</body>
</html>
</notes>
<annotation>
<celldesigner:positionToCompartment>inside</celldesigner:positionToCompartment>
<celldesigner:speciesIdentity>
<celldesigner:class>SIMPLE_MOLECULE</celldesigner:class>
<celldesigner:name>reserpine</celldesigner:name>
</celldesigner:speciesIdentity>
<celldesigner:listOfCatalyzedReactions>
<celldesigner:catalyzed reaction="re5"/>
</celldesigner:listOfCatalyzedReactions>
</annotation>
</species>
<species compartment="c2" id="s14" name="5HT vesicular transporter">
<notes>
<html xmlns="http://www.w3.org/1999/xhtml">
<!--Notes by CellDesigner-->
<body>
Long Name:  5HT vesicular transporter
Synonym:  CAT-1,VAT,VMAT,monoamine vesicular transporter
Accession:  P04410
</body>
</html>
</notes>
<annotation>
<celldesigner:positionToCompartment>transmembrane</celldesigner:positionToCompartment>
<celldesigner:speciesIdentity>
<celldesigner:class>PROTEIN</celldesigner:class>
<celldesigner:proteinReference>p3</celldesigner:proteinReference>
</celldesigner:speciesIdentity>
<celldesigner:listOfCatalyzedReactions>
<celldesigner:catalyzed reaction="re5"/>
</celldesigner:listOfCatalyzedReactions>
</annotation>
</species>
<species compartment="c2" id="s15" name="5HT+">
<notes>
<html xmlns="http://www.w3.org/1999/xhtml">
<!--Notes by CellDesigner-->
<body>
Long Name:  5HT+
Synonym:  Synonym not specified
Accession:  S04729
</body>
</html>
</notes>
<annotation>
<celldesigner:positionToCompartment>inside</celldesigner:positionToCompartment>
<celldesigner:speciesIdentity>
<celldesigner:class>SIMPLE_MOLECULE</celldesigner:class>
<celldesigner:name>5HT+</celldesigner:name>
</celldesigner:speciesIdentity>
</annotation>
</species>
<species compartment="c2" id="s16" name="SNARE Complex">
<notes>
<html xmlns="http://www.w3.org/1999/xhtml">
<!--Notes by CellDesigner-->
<body>
Long Name:  SNARE Complex
Synonym:  Synonym not specified
Accession:  P04405
</body>
</html>
</notes>
<annotation>
<celldesigner:positionToCompartment>transmembrane</celldesigner:positionToCompartment>
<celldesigner:speciesIdentity>
<celldesigner:class>PROTEIN</celldesigner:class>
<celldesigner:proteinReference>p4</celldesigner:proteinReference>
</celldesigner:speciesIdentity>
<celldesigner:listOfCatalyzedReactions>
<celldesigner:catalyzed reaction="re6"/>
</celldesigner:listOfCatalyzedReactions>
</annotation>
</species>
<species compartment="c3" id="s17" name="5HT+">
<notes>
<html xmlns="http://www.w3.org/1999/xhtml">
<!--Notes by CellDesigner-->
<body>
Long Name:  5HT+
Synonym:  Synonym not specified
Accession:  S04729
</body>
</html>
</notes>
<annotation>
<celldesigner:positionToCompartment>inside</celldesigner:positionToCompartment>
<celldesigner:speciesIdentity>
<celldesigner:class>SIMPLE_MOLECULE</celldesigner:class>
<celldesigner:name>5HT+</celldesigner:name>
</celldesigner:speciesIdentity>
</annotation>
</species>
<species compartment="c3" id="s18" name="Na+">
<notes>
<html xmlns="http://www.w3.org/1999/xhtml">
<!--Notes by CellDesigner-->
<body>
Long Name:  Na+
Synonym:  Synonym not specified
Accession:  U04955
</body>
</html>
</notes>
<annotation>
<celldesigner:positionToCompartment>inside</celldesigner:positionToCompartment>
<celldesigner:speciesIdentity>
<celldesigner:class>ION</celldesigner:class>
<celldesigner:name>Na+</celldesigner:name>
</celldesigner:speciesIdentity>
</annotation>
</species>
<species compartment="c3" id="s19" name="Cl-">
<notes>
<html xmlns="http://www.w3.org/1999/xhtml">
<!--Notes by CellDesigner-->
<body>
Long Name:  Cl-
Synonym:  Synonym not specified
Accession:  U04957
</body>
</html>
</notes>
<annotation>
<celldesigner:positionToCompartment>inside</celldesigner:positionToCompartment>
<celldesigner:speciesIdentity>
<celldesigner:class>ION</celldesigner:class>
<celldesigner:name>Cl-</celldesigner:name>
</celldesigner:speciesIdentity>
</annotation>
</species>
<species compartment="c3" id="s20" name="K+">
<notes>
<html xmlns="http://www.w3.org/1999/xhtml">
<!--Notes by CellDesigner-->
<body>
Long Name:  K+
Synonym:  Synonym not specified
Accession:  U04956
</body>
</html>
</notes>
<annotation>
<celldesigner:positionToCompartment>inside</celldesigner:positionToCompartment>
<celldesigner:speciesIdentity>
<celldesigner:class>ION</celldesigner:class>
<celldesigner:name>K+</celldesigner:name>
</celldesigner:speciesIdentity>
</annotation>
</species>
<species compartment="c4" id="s24" name="cAMP">
<notes>
<html xmlns="http://www.w3.org/1999/xhtml">
<!--Notes by CellDesigner-->
<body>
Long Name:  cAMP
Synonym:  Synonym not specified
Accession:  S04728
</body>
</html>
</notes>
<annotation>
<celldesigner:positionToCompartment>inside</celldesigner:positionToCompartment>
<celldesigner:speciesIdentity>
<celldesigner:class>SIMPLE_MOLECULE</celldesigner:class>
<celldesigner:name>cAMP</celldesigner:name>
</celldesigner:speciesIdentity>
<celldesigner:listOfCatalyzedReactions>
<celldesigner:catalyzed reaction="re8"/>
</celldesigner:listOfCatalyzedReactions>
</annotation>
</species>
<species compartment="c4" id="s25" name="AC">
<notes>
<html xmlns="http://www.w3.org/1999/xhtml">
<!--Notes by CellDesigner-->
<body>
Long Name:  AC
Synonym:  adenylate cyclase,adenylate cyclase 2,adenylate cyclase 7,adenylyl cyclase
Accession:  P04406
</body>
</html>
</notes>
<annotation>
<celldesigner:positionToCompartment>inside</celldesigner:positionToCompartment>
<celldesigner:speciesIdentity>
<celldesigner:class>PROTEIN</celldesigner:class>
<celldesigner:proteinReference>p7</celldesigner:proteinReference>
</celldesigner:speciesIdentity>
<celldesigner:listOfCatalyzedReactions>
<celldesigner:catalyzed reaction="re7"/>
</celldesigner:listOfCatalyzedReactions>
</annotation>
</species>
<species compartment="c4" id="s29" name="GDP">
<notes>
<html xmlns="http://www.w3.org/1999/xhtml">
<!--Notes by CellDesigner-->
<body>
Long Name:  GDP
Synonym:  Synonym not specified
Accession:  S04725
</body>
</html>
</notes>
<annotation>
<celldesigner:positionToCompartment>inside</celldesigner:positionToCompartment>
<celldesigner:speciesIdentity>
<celldesigner:class>SIMPLE_MOLECULE</celldesigner:class>
<celldesigner:name>GDP</celldesigner:name>
</celldesigner:speciesIdentity>
</annotation>
</species>
<species compartment="c4" id="s30" name="ATP">
<notes>
<html xmlns="http://www.w3.org/1999/xhtml">
<!--Notes by CellDesigner-->
<body>
Long Name:  ATP
Synonym:  Synonym not specified
Accession:  S04726
</body>
</html>
</notes>
<annotation>
<celldesigner:positionToCompartment>inside</celldesigner:positionToCompartment>
<celldesigner:speciesIdentity>
<celldesigner:class>SIMPLE_MOLECULE</celldesigner:class>
<celldesigner:name>ATP</celldesigner:name>
</celldesigner:speciesIdentity>
</annotation>
</species>
<species compartment="c4" id="s32" name="GTP">
<notes>
<html xmlns="http://www.w3.org/1999/xhtml">
<!--Notes by CellDesigner-->
<body>
Long Name:  GTP
Synonym:  Synonym not specified
Accession:  S04727
</body>
</html>
</notes>
<annotation>
<celldesigner:positionToCompartment>inside</celldesigner:positionToCompartment>
<celldesigner:speciesIdentity>
<celldesigner:class>SIMPLE_MOLECULE</celldesigner:class>
<celldesigner:name>GTP</celldesigner:name>
</celldesigner:speciesIdentity>
</annotation>
</species>
<species compartment="c4" id="s33" name="PKA">
<notes>
<html xmlns="http://www.w3.org/1999/xhtml">
<!--Notes by CellDesigner-->
<body>
Long Name:  PKA
Synonym:  protein kinase A
Accession:  P04403
</body>
</html>
</notes>
<annotation>
<celldesigner:positionToCompartment>inside</celldesigner:positionToCompartment>
<celldesigner:speciesIdentity>
<celldesigner:class>PROTEIN</celldesigner:class>
<celldesigner:proteinReference>p8</celldesigner:proteinReference>
</celldesigner:speciesIdentity>
<celldesigner:listOfCatalyzedReactions>
<celldesigner:catalyzed reaction="re17"/>
</celldesigner:listOfCatalyzedReactions>
</annotation>
</species>
<species compartment="c4" id="s38" name="Complex(5HT1 Receptor/5HT+)">
<notes>
<html xmlns="http://www.w3.org/1999/xhtml">
<!--Notes by CellDesigner-->
<body>
Long Name:  Long name not specified
Synonym:  Synonym not specified
Accession:  U04953
Heterodimer Member Info:  5HT1 Receptor#PROTEIN#5HT1 Receptor#P04404##;5HT+#SIMPLE_MOLECULE#5HT+#S04729##
</body>
</html>
</notes>
<annotation>
<celldesigner:positionToCompartment>transmembrane</celldesigner:positionToCompartment>
<celldesigner:heterodimerIdentity>
<celldesigner:listOfHeterodimerEntries>
<celldesigner:heterodimerEntry innerId="inner0" originalSpecies="unknown">
<celldesigner:class>PROTEIN</celldesigner:class>
<celldesigner:proteinReference>p6</celldesigner:proteinReference>
</celldesigner:heterodimerEntry>
<celldesigner:heterodimerEntry innerId="inner1" originalSpecies="unknown">
<celldesigner:class>SIMPLE_MOLECULE</celldesigner:class>
<celldesigner:name>5HT+</celldesigner:name>
</celldesigner:heterodimerEntry>
</celldesigner:listOfHeterodimerEntries>
</celldesigner:heterodimerIdentity>
</annotation>
</species>
<species compartment="c4" id="s44" name="Complex(GDP/G-protein/5HT1 Receptor)">
<notes>
<html xmlns="http://www.w3.org/1999/xhtml">
<!--Notes by CellDesigner-->
<body>
Long Name:  Long name not specified
Synonym:  Synonym not specified
Accession:  U04952
Heterodimer Member Info:  GDP#SIMPLE_MOLECULE#GDP#S04725##;5HT1 Receptor#PROTEIN#5HT1 Receptor#P04404##;G-protein#PROTEIN#G-protein#P04408##
</body>
</html>
</notes>
<annotation>
<celldesigner:positionToCompartment>transmembrane</celldesigner:positionToCompartment>
<celldesigner:heterodimerIdentity>
<celldesigner:listOfHeterodimerEntries>
<celldesigner:heterodimerEntry innerId="inner0" originalSpecies="unknown">
<celldesigner:class>SIMPLE_MOLECULE</celldesigner:class>
<celldesigner:name>GDP</celldesigner:name>
</celldesigner:heterodimerEntry>
<celldesigner:heterodimerEntry innerId="inner1" originalSpecies="unknown">
<celldesigner:class>PROTEIN</celldesigner:class>
<celldesigner:proteinReference>p11</celldesigner:proteinReference>
</celldesigner:heterodimerEntry>
<celldesigner:heterodimerEntry innerId="inner2" originalSpecies="unknown">
<celldesigner:class>PROTEIN</celldesigner:class>
<celldesigner:proteinReference>p6</celldesigner:proteinReference>
</celldesigner:heterodimerEntry>
</celldesigner:listOfHeterodimerEntries>
</celldesigner:heterodimerIdentity>
</annotation>
</species>
<species compartment="c4" id="s47" name="Complex(GDP/G-protein/5HT1 Receptor/5HT+)">
<notes>
<html xmlns="http://www.w3.org/1999/xhtml">
<!--Notes by CellDesigner-->
<body>
Long Name:  Long name not specified
Synonym:  Synonym not specified
Accession:  U04954
Heterodimer Member Info:  GDP#SIMPLE_MOLECULE#GDP#S04725##;5HT1 Receptor#PROTEIN#5HT1 Receptor#P04404##;5HT+#SIMPLE_MOLECULE#5HT+#S04729##;G-protein#PROTEIN#G-protein#P04408##
</body>
</html>
</notes>
<annotation>
<celldesigner:positionToCompartment>transmembrane</celldesigner:positionToCompartment>
<celldesigner:heterodimerIdentity>
<celldesigner:listOfHeterodimerEntries>
<celldesigner:heterodimerEntry innerId="inner0" originalSpecies="unknown">
<celldesigner:class>SIMPLE_MOLECULE</celldesigner:class>
<celldesigner:name>GDP</celldesigner:name>
</celldesigner:heterodimerEntry>
<celldesigner:heterodimerEntry innerId="inner1" originalSpecies="unknown">
<celldesigner:class>PROTEIN</celldesigner:class>
<celldesigner:proteinReference>p11</celldesigner:proteinReference>
</celldesigner:heterodimerEntry>
<celldesigner:heterodimerEntry innerId="inner2" originalSpecies="unknown">
<celldesigner:class>PROTEIN</celldesigner:class>
<celldesigner:proteinReference>p6</celldesigner:proteinReference>
</celldesigner:heterodimerEntry>
<celldesigner:heterodimerEntry innerId="inner3" originalSpecies="unknown">
<celldesigner:class>SIMPLE_MOLECULE</celldesigner:class>
<celldesigner:name>5HT+</celldesigner:name>
</celldesigner:heterodimerEntry>
</celldesigner:listOfHeterodimerEntries>
</celldesigner:heterodimerIdentity>
</annotation>
</species>
<species compartment="c4" id="s51" name="K+">
<notes>
<html xmlns="http://www.w3.org/1999/xhtml">
<!--Notes by CellDesigner-->
<body>
Long Name:  K+
Synonym:  Synonym not specified
Accession:  U04956
</body>
</html>
</notes>
<annotation>
<celldesigner:positionToCompartment>inside</celldesigner:positionToCompartment>
<celldesigner:speciesIdentity>
<celldesigner:class>ION</celldesigner:class>
<celldesigner:name>K+</celldesigner:name>
</celldesigner:speciesIdentity>
</annotation>
</species>
<species compartment="c4" id="s54" name="Complex(G-protein/GTP)">
<notes>
<html xmlns="http://www.w3.org/1999/xhtml">
<!--Notes by CellDesigner-->
<body>
Long Name:  Long name not specified
Synonym:  Synonym not specified
Accession:  U04951
Heterodimer Member Info:  GTP#SIMPLE_MOLECULE#GTP#S04727##;G-protein#PROTEIN#G-protein#P04408##
</body>
</html>
</notes>
<annotation>
<celldesigner:positionToCompartment>inside</celldesigner:positionToCompartment>
<celldesigner:heterodimerIdentity>
<celldesigner:listOfHeterodimerEntries>
<celldesigner:heterodimerEntry innerId="inner0" originalSpecies="unknown">
<celldesigner:class>PROTEIN</celldesigner:class>
<celldesigner:proteinReference>p11</celldesigner:proteinReference>
</celldesigner:heterodimerEntry>
<celldesigner:heterodimerEntry innerId="inner1" originalSpecies="unknown">
<celldesigner:class>SIMPLE_MOLECULE</celldesigner:class>
<celldesigner:name>GTP</celldesigner:name>
</celldesigner:heterodimerEntry>
</celldesigner:listOfHeterodimerEntries>
</celldesigner:heterodimerIdentity>
<celldesigner:listOfCatalyzedReactions>
<celldesigner:catalyzed reaction="re9"/>
</celldesigner:listOfCatalyzedReactions>
</annotation>
</species>
<species compartment="c4" id="s49" name="K+">
<notes>
<html xmlns="http://www.w3.org/1999/xhtml">
<!--Notes by CellDesigner-->
<body>
Long Name:  K+ channel
Synonym:  Synonym not specified
Accession:  P04407
</body>
</html>
</notes>
<annotation>
<celldesigner:positionToCompartment>transmembrane</celldesigner:positionToCompartment>
<celldesigner:speciesIdentity>
<celldesigner:class>PROTEIN</celldesigner:class>
<celldesigner:proteinReference>p9</celldesigner:proteinReference>
</celldesigner:speciesIdentity>
<celldesigner:listOfCatalyzedReactions>
<celldesigner:catalyzed reaction="re18"/>
</celldesigner:listOfCatalyzedReactions>
</annotation>
</species>
<species compartment="c3" id="s55" name="K_super_+_endsuper__space_channel">
<notes>
<html xmlns="http://www.w3.org/1999/xhtml">
<!--Notes by CellDesigner-->
<body>
Long Name:  K+ channel
Synonym:  Synonym not specified
Accession:  P04407
</body>
</html>
</notes>
<annotation>
<celldesigner:positionToCompartment>transmembrane</celldesigner:positionToCompartment>
<celldesigner:speciesIdentity>
<celldesigner:class>PROTEIN</celldesigner:class>
<celldesigner:proteinReference>p9</celldesigner:proteinReference>
</celldesigner:speciesIdentity>
<celldesigner:listOfCatalyzedReactions>
<celldesigner:catalyzed reaction="re4"/>
</celldesigner:listOfCatalyzedReactions>
</annotation>
</species>
</listOfSpecies>
<listOfReactions>
<reaction id="re2" reversible="false">
<annotation>
<celldesigner:reactionType>TRANSPORT</celldesigner:reactionType>
<celldesigner:baseReactants>s11</celldesigner:baseReactants>
<celldesigner:baseProducts>s17</celldesigner:baseProducts>
<celldesigner:listOfReactantLinks>
<celldesigner:reactantLink alias="a5" reactant="s4" targetLineIndex="-1,0"/>
<celldesigner:reactantLink alias="a6" reactant="s3" targetLineIndex="-1,0"/>
</celldesigner:listOfReactantLinks>
<celldesigner:listOfProductLinks>
<celldesigner:productLink alias="a3" product="s18" targetLineIndex="-1,2"/>
<celldesigner:productLink alias="a4" product="s19" targetLineIndex="-1,2"/>
</celldesigner:listOfProductLinks>
<celldesigner:editPoints>0.33333333333333326,0.0 0.6666666666666666,0.0</celldesigner:editPoints>
<celldesigner:listOfModification>
<celldesigner:modification aliases="a1" editPoints="0.3333333333333348,-7.105427357601002E-15 0.666666666666667,-7.105427357601002E-15" modifiers="s1" targetLineIndex="-1,1" type="CATALYSIS"/>
<celldesigner:modification aliases="a11" editPoints="0.3333333333333335,1.1102230246251565E-16 0.666666666666667,-3.3306690738754696E-16" modifiers="s12" targetLineIndex="-1,1" type="INHIBITION"/>
</celldesigner:listOfModification>
</annotation>
<listOfReactants>
<speciesReference species="s11">
<annotation>
<celldesigner:alias>a7</celldesigner:alias>
</annotation>
</speciesReference>
<speciesReference species="s4">
<annotation>
<celldesigner:alias>a5</celldesigner:alias>
</annotation>
</speciesReference>
<speciesReference species="s3">
<annotation>
<celldesigner:alias>a6</celldesigner:alias>
</annotation>
</speciesReference>
</listOfReactants>
<listOfProducts>
<speciesReference species="s17">
<annotation>
<celldesigner:alias>a2</celldesigner:alias>
</annotation>
</speciesReference>
<speciesReference species="s18">
<annotation>
<celldesigner:alias>a3</celldesigner:alias>
</annotation>
</speciesReference>
<speciesReference species="s19">
<annotation>
<celldesigner:alias>a4</celldesigner:alias>
</annotation>
</speciesReference>
</listOfProducts>
<listOfModifiers>
<modifierSpeciesReference species="s1">
<annotation>
<celldesigner:alias>a1</celldesigner:alias>
</annotation>
</modifierSpeciesReference>
<modifierSpeciesReference species="s12">
<annotation>
<celldesigner:alias>a11</celldesigner:alias>
</annotation>
</modifierSpeciesReference>
</listOfModifiers>
</reaction>
<reaction id="re4" reversible="false">
<annotation>
<celldesigner:reactionType>TRANSPORT</celldesigner:reactionType>
<celldesigner:baseReactants>s20</celldesigner:baseReactants>
<celldesigner:baseProducts>s8</celldesigner:baseProducts>
<celldesigner:editPoints>0.3333333333333333,-4.440892098500626E-16 0.6666666666666665,-4.440892098500626E-16</celldesigner:editPoints>
<celldesigner:listOfModification>
<celldesigner:modification aliases="a67" editPoints="0.3333333333333339,0.0 0.6666666666666661,0.0" modifiers="s55" targetLineIndex="-1,0" type="CATALYSIS"/>
</celldesigner:listOfModification>
</annotation>
<listOfReactants>
<speciesReference species="s20">
<annotation>
<celldesigner:alias>a10</celldesigner:alias>
</annotation>
</speciesReference>
</listOfReactants>
<listOfProducts>
<speciesReference species="s8">
<annotation>
<celldesigner:alias>a8</celldesigner:alias>
</annotation>
</speciesReference>
</listOfProducts>
<listOfModifiers>
<modifierSpeciesReference species="s55">
<annotation>
<celldesigner:alias>a67</celldesigner:alias>
</annotation>
</modifierSpeciesReference>
</listOfModifiers>
</reaction>
<reaction id="re5" reversible="false">
<annotation>
<celldesigner:reactionType>TRANSPORT</celldesigner:reactionType>
<celldesigner:baseReactants>s17</celldesigner:baseReactants>
<celldesigner:baseProducts>s15</celldesigner:baseProducts>
<celldesigner:offset x="7.0" y="0.0"/>
<celldesigner:editPoints>0.33333333333333337,5.551115123125783E-17 0.6666666666666669,1.1102230246251565E-16</celldesigner:editPoints>
<celldesigner:listOfModification>
<celldesigner:modification aliases="a13" editPoints="0.3333333333333304,0.0 0.6666666666666625,-1.7763568394002505E-15" modifiers="s14" targetLineIndex="-1,1" type="CATALYSIS"/>
<celldesigner:modification aliases="a12" editPoints="0.33333333333333337,0.0 0.6666666666666667,0.0" modifiers="s13" targetLineIndex="-1,1" type="INHIBITION"/>
</celldesigner:listOfModification>
</annotation>
<listOfReactants>
<speciesReference species="s17">
<annotation>
<celldesigner:alias>a2</celldesigner:alias>
</annotation>
</speciesReference>
</listOfReactants>
<listOfProducts>
<speciesReference species="s15">
<annotation>
<celldesigner:alias>a14</celldesigner:alias>
</annotation>
</speciesReference>
</listOfProducts>
<listOfModifiers>
<modifierSpeciesReference species="s14">
<annotation>
<celldesigner:alias>a13</celldesigner:alias>
</annotation>
</modifierSpeciesReference>
<modifierSpeciesReference species="s13">
<annotation>
<celldesigner:alias>a12</celldesigner:alias>
</annotation>
</modifierSpeciesReference>
</listOfModifiers>
</reaction>
<reaction id="re6" reversible="false">
<annotation>
<celldesigner:reactionType>TRANSPORT</celldesigner:reactionType>
<celldesigner:baseReactants>s15</celldesigner:baseReactants>
<celldesigner:baseProducts>s11</celldesigner:baseProducts>
<celldesigner:editPoints>0.33333333333333337,0.0 0.6666666666666666,-4.440892098500626E-16</celldesigner:editPoints>
<celldesigner:listOfModification>
<celldesigner:modification aliases="a15" editPoints="0.33333333333333126,0.0 0.666666666666667,0.0" modifiers="s16" targetLineIndex="-1,1" type="CATALYSIS"/>
</celldesigner:listOfModification>
</annotation>
<listOfReactants>
<speciesReference species="s15">
<annotation>
<celldesigner:alias>a14</celldesigner:alias>
</annotation>
</speciesReference>
</listOfReactants>
<listOfProducts>
<speciesReference species="s11">
<annotation>
<celldesigner:alias>a16</celldesigner:alias>
</annotation>
</speciesReference>
</listOfProducts>
<listOfModifiers>
<modifierSpeciesReference species="s16">
<annotation>
<celldesigner:alias>a15</celldesigner:alias>
</annotation>
</modifierSpeciesReference>
</listOfModifiers>
</reaction>
<reaction id="re7" reversible="false">
<annotation>
<celldesigner:reactionType>STATE_TRANSITION</celldesigner:reactionType>
<celldesigner:baseReactants>s30</celldesigner:baseReactants>
<celldesigner:baseProducts>s24</celldesigner:baseProducts>
<celldesigner:editPoints>0.33333333333333304,-4.440892098500626E-16 0.6666666666666679,-4.440892098500626E-16</celldesigner:editPoints>
<celldesigner:listOfModification>
<celldesigner:modification aliases="a24" editPoints="0.33333333333333304,0.0 0.6666666666666661,0.0" modifiers="s25" targetLineIndex="-1,1" type="CATALYSIS"/>
</celldesigner:listOfModification>
</annotation>
<listOfReactants>
<speciesReference species="s30">
<annotation>
<celldesigner:alias>a26</celldesigner:alias>
</annotation>
</speciesReference>
</listOfReactants>
<listOfProducts>
<speciesReference species="s24">
<annotation>
<celldesigner:alias>a20</celldesigner:alias>
</annotation>
</speciesReference>
</listOfProducts>
<listOfModifiers>
<modifierSpeciesReference species="s25">
<annotation>
<celldesigner:alias>a24</celldesigner:alias>
</annotation>
</modifierSpeciesReference>
</listOfModifiers>
</reaction>
<reaction id="re8" reversible="false">
<annotation>
<celldesigner:reactionType>STATE_TRANSITION</celldesigner:reactionType>
<celldesigner:baseReactants>s33</celldesigner:baseReactants>
<celldesigner:baseProducts>s33</celldesigner:baseProducts>
<celldesigner:editPoints>0.33333333333333304,0.0 0.666666666666667,0.0</celldesigner:editPoints>
<celldesigner:listOfModification>
<celldesigner:modification aliases="a20" editPoints="0.3333333333333326,-8.881784197001252E-16 0.6666666666666656,-8.881784197001252E-16" modifiers="s24" targetLineIndex="-1,1" type="CATALYSIS"/>
</celldesigner:listOfModification>
</annotation>
<listOfReactants>
<speciesReference species="s33">
<annotation>
<celldesigner:alias>a23</celldesigner:alias>
</annotation>
</speciesReference>
</listOfReactants>
<listOfProducts>
<speciesReference species="s33">
<annotation>
<celldesigner:alias>a29</celldesigner:alias>
</annotation>
</speciesReference>
</listOfProducts>
<listOfModifiers>
<modifierSpeciesReference species="s24">
<annotation>
<celldesigner:alias>a20</celldesigner:alias>
</annotation>
</modifierSpeciesReference>
</listOfModifiers>
</reaction>
<reaction id="re9" reversible="false">
<annotation>
<celldesigner:reactionType>STATE_TRANSITION</celldesigner:reactionType>
<celldesigner:baseReactants>s25</celldesigner:baseReactants>
<celldesigner:baseProducts>s25</celldesigner:baseProducts>
<celldesigner:editPoints>0.33333333333333304,8.881784197001252E-16 0.6666666666666661,8.881784197001252E-16</celldesigner:editPoints>
<celldesigner:listOfModification>
<celldesigner:modification aliases="a66" editPoints="0.3333333333333326,0.0 0.6569781413112366,-0.16056299364936288" modifiers="s54" targetLineIndex="-1,1" type="INHIBITION"/>
</celldesigner:listOfModification>
</annotation>
<listOfReactants>
<speciesReference species="s25">
<annotation>
<celldesigner:alias>a21</celldesigner:alias>
</annotation>
</speciesReference>
</listOfReactants>
<listOfProducts>
<speciesReference species="s25">
<annotation>
<celldesigner:alias>a24</celldesigner:alias>
</annotation>
</speciesReference>
</listOfProducts>
<listOfModifiers>
<modifierSpeciesReference species="s54">
<annotation>
<celldesigner:alias>a66</celldesigner:alias>
</annotation>
</modifierSpeciesReference>
</listOfModifiers>
</reaction>
<reaction id="re13" reversible="false">
<annotation>
<celldesigner:reactionType>HETERODIMER_ASSOCIATION</celldesigner:reactionType>
<celldesigner:baseReactants>s11,s44</celldesigner:baseReactants>
<celldesigner:baseProducts>s47</celldesigner:baseProducts>
<celldesigner:offset x="13.0" y="-10.0"/>
<celldesigner:editPoints>0.3333333333333335,0.0 0.666666666666667,-8.881784197001252E-16 2.4308355847734546,0.23466552026048149 2.429561604049546,0.23570046728197624 0.3333333333333335,4.440892098500626E-16 0.666666666666667,4.440892098500626E-16 0.2428818268950268,0.3656365231519292</celldesigner:editPoints>
</annotation>
<listOfReactants>
<speciesReference species="s11">
<annotation>
<celldesigner:alias>a16</celldesigner:alias>
</annotation>
</speciesReference>
<speciesReference species="s44">
<annotation>
<celldesigner:alias>a49</celldesigner:alias>
</annotation>
</speciesReference>
</listOfReactants>
<listOfProducts>
<speciesReference species="s47">
<annotation>
<celldesigner:alias>a57</celldesigner:alias>
</annotation>
</speciesReference>
</listOfProducts>
</reaction>
<reaction id="re15" reversible="false">
<annotation>
<celldesigner:reactionType>TRANSPORT</celldesigner:reactionType>
<celldesigner:baseReactants>s11</celldesigner:baseReactants>
<celldesigner:baseProducts>s11</celldesigner:baseProducts>
<celldesigner:editPoints>0.33333333333333326,0.0 0.6666666666666665,0.0</celldesigner:editPoints>
</annotation>
<listOfReactants>
<speciesReference species="s11">
<annotation>
<celldesigner:alias>a16</celldesigner:alias>
</annotation>
</speciesReference>
</listOfReactants>
<listOfProducts>
<speciesReference species="s11">
<annotation>
<celldesigner:alias>a7</celldesigner:alias>
</annotation>
</speciesReference>
</listOfProducts>
</reaction>
<reaction id="re17" reversible="false">
<annotation>
<celldesigner:reactionType>STATE_TRANSITION</celldesigner:reactionType>
<celldesigner:baseReactants>s49</celldesigner:baseReactants>
<celldesigner:baseProducts>s49</celldesigner:baseProducts>
<celldesigner:editPoints>0.33333333333333304,8.881784197001252E-16 0.6666666666666661,2.6645352591003757E-15</celldesigner:editPoints>
<celldesigner:listOfModification>
<celldesigner:modification aliases="a29" editPoints="0.0030053795402249506,0.010566080124948085 0.9361447840156827,0.08751050156949836" modifiers="s33" targetLineIndex="-1,1" type="CATALYSIS"/>
</celldesigner:listOfModification>
</annotation>
<listOfReactants>
<speciesReference species="s49">
<annotation>
<celldesigner:alias>a60</celldesigner:alias>
</annotation>
</speciesReference>
</listOfReactants>
<listOfProducts>
<speciesReference species="s49">
<annotation>
<celldesigner:alias>a59</celldesigner:alias>
</annotation>
</speciesReference>
</listOfProducts>
<listOfModifiers>
<modifierSpeciesReference species="s33">
<annotation>
<celldesigner:alias>a29</celldesigner:alias>
</annotation>
</modifierSpeciesReference>
</listOfModifiers>
</reaction>
<reaction id="re18" reversible="false">
<annotation>
<celldesigner:reactionType>TRANSPORT</celldesigner:reactionType>
<celldesigner:baseReactants>s51</celldesigner:baseReactants>
<celldesigner:baseProducts>s8</celldesigner:baseProducts>
<celldesigner:offset x="1.0" y="-1.0"/>
<celldesigner:editPoints>0.33333333333333304,0.0 0.6428591839650561,-2.2043965464479953E-4</celldesigner:editPoints>
<celldesigner:listOfModification>
<celldesigner:modification aliases="a60" editPoints="0.3333333333333428,-1.4210854715202004E-14 0.6666666666666714,7.105427357601002E-15" modifiers="s49" targetLineIndex="-1,1" type="CATALYSIS"/>
</celldesigner:listOfModification>
</annotation>
<listOfReactants>
<speciesReference species="s51">
<annotation>
<celldesigner:alias>a61</celldesigner:alias>
</annotation>
</speciesReference>
</listOfReactants>
<listOfProducts>
<speciesReference species="s8">
<annotation>
<celldesigner:alias>a62</celldesigner:alias>
</annotation>
</speciesReference>
</listOfProducts>
<listOfModifiers>
<modifierSpeciesReference species="s49">
<annotation>
<celldesigner:alias>a60</celldesigner:alias>
</annotation>
</modifierSpeciesReference>
</listOfModifiers>
</reaction>
<reaction id="re19" reversible="false">
<annotation>
<celldesigner:reactionType>DISSOCIATION</celldesigner:reactionType>
<celldesigner:baseReactants>s47</celldesigner:baseReactants>
<celldesigner:baseProducts>s38,s54</celldesigner:baseProducts>
<celldesigner:listOfReactantLinks>
<celldesigner:reactantLink alias="a28" reactant="s32" targetLineIndex="0,1"/>
</celldesigner:listOfReactantLinks>
<celldesigner:listOfProductLinks>
<celldesigner:productLink alias="a25" product="s29" targetLineIndex="0,1"/>
</celldesigner:listOfProductLinks>
<celldesigner:editPoints>0.33333333333333337,0.0 0.6666666666666664,0.0 0.3333333333333335,0.0 0.666666666666667,0.0 0.33333333333333304,4.440892098500626E-16 0.666666666666667,2.220446049250313E-16 0.025196575893286166,0.5258001004536164</celldesigner:editPoints>
</annotation>
<listOfReactants>
<speciesReference species="s47">
<annotation>
<celldesigner:alias>a57</celldesigner:alias>
</annotation>
</speciesReference>
<speciesReference species="s32">
<annotation>
<celldesigner:alias>a28</celldesigner:alias>
</annotation>
</speciesReference>
</listOfReactants>
<listOfProducts>
<speciesReference species="s38">
<annotation>
<celldesigner:alias>a38</celldesigner:alias>
</annotation>
</speciesReference>
<speciesReference species="s54">
<annotation>
<celldesigner:alias>a66</celldesigner:alias>
</annotation>
</speciesReference>
<speciesReference species="s29">
<annotation>
<celldesigner:alias>a25</celldesigner:alias>
</annotation>
</speciesReference>
</listOfProducts>
</reaction>
</listOfReactions>
</model>
</sbml>
