<?xml version="1.0" encoding="UTF-8"?>
<!-- Terms and Conditions -->
<!-- 
Copyright (C)) 2005 Applied Biosystems.  
This file may be copied and redistributed freely, without advance permission, 
provided that this Copyright statement is reproduced with each copy.  
 
LIMITATION OF WARRANTY 
NOTHING IN THIS AGREEMENT WILL BE CONSTRUED AS A REPRESENTATION MADE OR 
WARRANTY GIVEN BY APPLIED BIOSYSTEMS OR ANY THIRD PARTY THAT THE USE OF 
DATA PROVIDED HEREUNDER WILL NOT INFRINGE ANY PATENT, COPYRIGHT, TRADEMARK 
OR OTHER RIGHTS OF ANY THIRD PARTY. DATA IS PROVIDED "AS IS" WITHOUT 
WARRANTY OF ANY KIND WHATSOEVER, EXPRESS OR IMPLIED, INCLUDING IMPLIED 
WARRANTIES OF MERCHANTABILITY OR FITNESS FOR A PARTICULAR PURPOSE. APPLIED 
BIOSYSTEMS MAKES NO WARRANTY THAT ITS DATA DOES NOT CONTAIN ERRORS.
-->

<!-- Created by SBML API 2.0(a17.0) -->
<sbml level="2" version="1" xmlns="http://www.sbml.org/sbml/level2" xmlns:celldesigner="http://www.sbml.org/2001/ns/celldesigner">
<model id="_space_5HT4_space_type_space_receptor_space_mediated_space_signaling_space_pathway">
<notes>
<html xmlns="http://www.w3.org/1999/xhtml">
<!--Notes by CellDesigner-->
<body>
<![CDATA[
No pathway definition
]]>
</body>
</html>
</notes>
<annotation>
<celldesigner:modelVersion>2.3</celldesigner:modelVersion>
<celldesigner:modelDisplay sizeX="600" sizeY="600"/>
<celldesigner:listOfCompartmentAliases>
<celldesigner:compartmentAlias compartment="c1" id="ca1">
<celldesigner:class>SQUARE_CLOSEUP_NORTH</celldesigner:class>
<celldesigner:point x="273.0" y="325.0"/>
<celldesigner:doubleLine innerWidth="1.0" outerWidth="2.0" thickness="12.0"/>
<celldesigner:paint color="ffcccc00" scheme="Color"/>
</celldesigner:compartmentAlias>
<celldesigner:compartmentAlias compartment="c2" id="ca2">
<celldesigner:class>SQUARE_CLOSEUP_SOUTH</celldesigner:class>
<celldesigner:point x="398.0" y="146.0"/>
<celldesigner:doubleLine innerWidth="1.0" outerWidth="2.0" thickness="12.0"/>
<celldesigner:paint color="ffcccc00" scheme="Color"/>
</celldesigner:compartmentAlias>
<celldesigner:compartmentAlias compartment="c3" id="ca3">
<celldesigner:class>SQUARE</celldesigner:class>
<celldesigner:bounds h="106.0" w="165.0" x="414.0" y="34.0"/>
<celldesigner:doubleLine innerWidth="1.0" outerWidth="2.0" thickness="12.0"/>
<celldesigner:paint color="ffcccc00" scheme="Color"/>
</celldesigner:compartmentAlias>
</celldesigner:listOfCompartmentAliases>
<celldesigner:listOfSpeciesAliases>
<celldesigner:speciesAlias compartmentAlias="ca3" id="a3" species="s1">
<celldesigner:activity>inactive</celldesigner:activity>
<celldesigner:bounds h="33.0" w="133.0" x="429.0" y="127.25"/>
<celldesigner:singleLine width="1.0"/>
<celldesigner:paint color="ffccffcc" scheme="Color"/>
</celldesigner:speciesAlias>
<celldesigner:speciesAlias id="a4" species="s12">
<celldesigner:activity>inactive</celldesigner:activity>
<celldesigner:bounds h="25.0" w="70.0" x="287.0" y="161.75"/>
<celldesigner:singleLine width="1.0"/>
<celldesigner:paint color="ffccff66" scheme="Color"/>
</celldesigner:speciesAlias>
<celldesigner:speciesAlias id="a5" species="s11">
<celldesigner:activity>inactive</celldesigner:activity>
<celldesigner:bounds h="25.0" w="70.0" x="310.75" y="248.75"/>
<celldesigner:singleLine width="1.0"/>
<celldesigner:paint color="ffccff66" scheme="Color"/>
</celldesigner:speciesAlias>
<celldesigner:speciesAlias compartmentAlias="ca2" id="a6" species="s35">
<celldesigner:activity>inactive</celldesigner:activity>
<celldesigner:bounds h="25.0" w="25.0" x="282.5" y="99.75"/>
<celldesigner:singleLine width="1.0"/>
<celldesigner:paint color="ff9999ff" scheme="Color"/>
</celldesigner:speciesAlias>
<celldesigner:speciesAlias id="a7" species="s2">
<celldesigner:activity>inactive</celldesigner:activity>
<celldesigner:bounds h="25.0" w="25.0" x="275.25" y="198.75"/>
<celldesigner:singleLine width="1.0"/>
<celldesigner:paint color="ff9999ff" scheme="Color"/>
</celldesigner:speciesAlias>
<celldesigner:speciesAlias compartmentAlias="ca2" id="a8" species="s3">
<celldesigner:activity>inactive</celldesigner:activity>
<celldesigner:bounds h="41.0" w="97.0" x="188.0" y="125.25"/>
<celldesigner:singleLine width="1.0"/>
<celldesigner:paint color="ffccffcc" scheme="Color"/>
</celldesigner:speciesAlias>
<celldesigner:speciesAlias compartmentAlias="ca3" id="a9" species="s28">
<celldesigner:activity>inactive</celldesigner:activity>
<celldesigner:bounds h="25.0" w="70.0" x="474.0" y="74.75"/>
<celldesigner:singleLine width="1.0"/>
<celldesigner:paint color="ffccff66" scheme="Color"/>
</celldesigner:speciesAlias>
<celldesigner:speciesAlias compartmentAlias="ca2" id="a10" species="s27">
<celldesigner:activity>inactive</celldesigner:activity>
<celldesigner:bounds h="25.0" w="70.0" x="198.0" y="74.75"/>
<celldesigner:singleLine width="1.0"/>
<celldesigner:paint color="ffccff66" scheme="Color"/>
</celldesigner:speciesAlias>
<celldesigner:speciesAlias compartmentAlias="ca3" id="a11" species="s4">
<celldesigner:activity>inactive</celldesigner:activity>
<celldesigner:bounds h="39.0" w="82.0" x="347.0" y="55.25"/>
<celldesigner:singleLine width="1.0"/>
<celldesigner:paint color="ffccffcc" scheme="Color"/>
</celldesigner:speciesAlias>
<celldesigner:speciesAlias compartmentAlias="ca2" id="a12" species="s36">
<celldesigner:activity>inactive</celldesigner:activity>
<celldesigner:bounds h="25.0" w="25.0" x="161.5" y="97.75"/>
<celldesigner:singleLine width="1.0"/>
<celldesigner:paint color="ff9999ff" scheme="Color"/>
</celldesigner:speciesAlias>
<celldesigner:speciesAlias id="a13" species="s5">
<celldesigner:activity>inactive</celldesigner:activity>
<celldesigner:bounds h="25.0" w="25.0" x="175.25" y="196.75"/>
<celldesigner:singleLine width="1.0"/>
<celldesigner:paint color="ff9999ff" scheme="Color"/>
</celldesigner:speciesAlias>
<celldesigner:speciesAlias compartmentAlias="ca2" id="a14" species="s6">
<celldesigner:activity>active</celldesigner:activity>
<celldesigner:bounds h="39.0" w="111.0" x="36.0" y="129.25"/>
<celldesigner:singleLine width="1.0"/>
<celldesigner:paint color="ffccffff" scheme="Color"/>
</celldesigner:speciesAlias>
<celldesigner:speciesAlias compartmentAlias="ca2" id="a15" species="s37">
<celldesigner:activity>inactive</celldesigner:activity>
<celldesigner:bounds h="25.0" w="25.0" x="94.5" y="93.75"/>
<celldesigner:singleLine width="1.0"/>
<celldesigner:paint color="ff9999ff" scheme="Color"/>
</celldesigner:speciesAlias>
<celldesigner:speciesAlias id="a16" species="s8">
<celldesigner:activity>inactive</celldesigner:activity>
<celldesigner:bounds h="25.0" w="25.0" x="95.5" y="198.75"/>
<celldesigner:singleLine width="1.0"/>
<celldesigner:paint color="ff9999ff" scheme="Color"/>
</celldesigner:speciesAlias>
<celldesigner:speciesAlias compartmentAlias="ca2" id="a17" species="s7">
<celldesigner:activity>inactive</celldesigner:activity>
<celldesigner:bounds h="25.0" w="70.0" x="343.0" y="21.75"/>
<celldesigner:singleLine width="1.0"/>
<celldesigner:paint color="ffccff66" scheme="Color"/>
</celldesigner:speciesAlias>
<celldesigner:speciesAlias compartmentAlias="ca1" id="a22" species="s10">
<celldesigner:activity>inactive</celldesigner:activity>
<celldesigner:listOfInnerAliases>
<celldesigner:innerAlias heterodimerEntry="inner0">
<celldesigner:activity>inactive</celldesigner:activity>
<celldesigner:bounds h="26.0" w="29.0" x="495.2751612501413" y="365.625"/>
<celldesigner:singleLine width="1.0"/>
<celldesigner:paint color="ffccff66" scheme="Color"/>
</celldesigner:innerAlias>
<celldesigner:innerAlias heterodimerEntry="inner1">
<celldesigner:activity>inactive</celldesigner:activity>
<celldesigner:bounds h="20.0" w="67.0" x="460.91352355774666" y="348.625"/>
<celldesigner:singleLine width="1.0"/>
<celldesigner:paint color="ffccffcc" scheme="Color"/>
</celldesigner:innerAlias>
<celldesigner:innerAlias heterodimerEntry="inner2">
<celldesigner:activity>inactive</celldesigner:activity>
<celldesigner:bounds h="54.0" w="72.0" x="435.1965274824995" y="299.125"/>
<celldesigner:singleLine width="1.0"/>
<celldesigner:paint color="ffffffcc" scheme="Color"/>
</celldesigner:innerAlias>
</celldesigner:listOfInnerAliases>
</celldesigner:speciesAlias>
<celldesigner:speciesAlias compartmentAlias="ca1" id="a23" species="s14">
<celldesigner:activity>inactive</celldesigner:activity>
<celldesigner:listOfInnerAliases>
<celldesigner:innerAlias heterodimerEntry="inner0">
<celldesigner:activity>inactive</celldesigner:activity>
<celldesigner:bounds h="26.0" w="29.0" x="290.6383414946058" y="368.5625"/>
<celldesigner:singleLine width="1.0"/>
<celldesigner:paint color="ffccff66" scheme="Color"/>
</celldesigner:innerAlias>
<celldesigner:innerAlias heterodimerEntry="inner1">
<celldesigner:activity>inactive</celldesigner:activity>
<celldesigner:bounds h="20.0" w="67.0" x="256.27670380221116" y="351.5625"/>
<celldesigner:singleLine width="1.0"/>
<celldesigner:paint color="ffccffcc" scheme="Color"/>
</celldesigner:innerAlias>
<celldesigner:innerAlias heterodimerEntry="inner2">
<celldesigner:activity>inactive</celldesigner:activity>
<celldesigner:bounds h="54.0" w="72.0" x="229.0745704615169" y="302.0625"/>
<celldesigner:singleLine width="1.0"/>
<celldesigner:paint color="ffffffcc" scheme="Color"/>
</celldesigner:innerAlias>
<celldesigner:innerAlias heterodimerEntry="inner3">
<celldesigner:activity>inactive</celldesigner:activity>
<celldesigner:bounds h="25.0" w="70.0" x="228.73804001284893" y="285.8125"/>
<celldesigner:singleLine width="1.0"/>
<celldesigner:paint color="ffccff66" scheme="Color"/>
</celldesigner:innerAlias>
</celldesigner:listOfInnerAliases>
</celldesigner:speciesAlias>
<celldesigner:speciesAlias compartmentAlias="ca1" id="a25" species="s16">
<celldesigner:activity>inactive</celldesigner:activity>
<celldesigner:bounds h="24.0" w="27.0" x="238.26729528845067" y="377.625"/>
<celldesigner:singleLine width="1.0"/>
<celldesigner:paint color="ffccff66" scheme="Color"/>
</celldesigner:speciesAlias>
<celldesigner:speciesAlias compartmentAlias="ca1" id="a26" species="s17">
<celldesigner:activity>inactive</celldesigner:activity>
<celldesigner:bounds h="26.0" w="29.0" x="202.26729528845067" y="392.625"/>
<celldesigner:singleLine width="1.0"/>
<celldesigner:paint color="ffccff66" scheme="Color"/>
</celldesigner:speciesAlias>
<celldesigner:speciesAlias compartmentAlias="ca1" id="a28" species="s18">
<celldesigner:activity>inactive</celldesigner:activity>
<celldesigner:listOfInnerAliases>
<celldesigner:innerAlias heterodimerEntry="inner0">
<celldesigner:activity>inactive</celldesigner:activity>
<celldesigner:bounds h="54.0" w="72.0" x="11.760266719201354" y="297.25"/>
<celldesigner:singleLine width="1.0"/>
<celldesigner:paint color="ffffffcc" scheme="Color"/>
</celldesigner:innerAlias>
<celldesigner:innerAlias heterodimerEntry="inner1">
<celldesigner:activity>inactive</celldesigner:activity>
<celldesigner:bounds h="25.0" w="70.0" x="13.605231566485116" y="282.75"/>
<celldesigner:singleLine width="1.0"/>
<celldesigner:paint color="ffccff66" scheme="Color"/>
</celldesigner:innerAlias>
</celldesigner:listOfInnerAliases>
</celldesigner:speciesAlias>
<celldesigner:speciesAlias compartmentAlias="ca1" id="a29" species="s19">
<celldesigner:activity>inactive</celldesigner:activity>
<celldesigner:bounds h="36.0" w="50.0" x="202.76729528845067" y="456.625"/>
<celldesigner:singleLine width="1.0"/>
<celldesigner:paint color="ffccff66" scheme="Color"/>
</celldesigner:speciesAlias>
<celldesigner:speciesAlias compartmentAlias="ca1" id="a30" species="s20">
<celldesigner:activity>inactive</celldesigner:activity>
<celldesigner:bounds h="36.0" w="50.0" x="204.76729528845067" y="536.625"/>
<celldesigner:singleLine width="1.0"/>
<celldesigner:paint color="ffccff66" scheme="Color"/>
</celldesigner:speciesAlias>
<celldesigner:speciesAlias compartmentAlias="ca1" id="a31" species="s21">
<celldesigner:activity>active</celldesigner:activity>
<celldesigner:listOfInnerAliases>
<celldesigner:innerAlias heterodimerEntry="inner0">
<celldesigner:activity>inactive</celldesigner:activity>
<celldesigner:bounds h="20.0" w="67.0" x="104.81239079416696" y="394.625"/>
<celldesigner:singleLine width="1.0"/>
<celldesigner:paint color="ffccffcc" scheme="Color"/>
</celldesigner:innerAlias>
<celldesigner:innerAlias heterodimerEntry="inner1">
<celldesigner:activity>inactive</celldesigner:activity>
<celldesigner:bounds h="26.0" w="29.0" x="139.1740284865616" y="411.625"/>
<celldesigner:singleLine width="1.0"/>
<celldesigner:paint color="ffccff66" scheme="Color"/>
</celldesigner:innerAlias>
</celldesigner:listOfInnerAliases>
</celldesigner:speciesAlias>
<celldesigner:speciesAlias compartmentAlias="ca1" id="a32" species="s26">
<celldesigner:activity>active</celldesigner:activity>
<celldesigner:bounds h="32.0" w="43.0" x="138.76729528845067" y="521.625"/>
<celldesigner:singleLine width="1.0"/>
<celldesigner:paint color="ffccffcc" scheme="Color"/>
</celldesigner:speciesAlias>
<celldesigner:speciesAlias compartmentAlias="ca1" id="a33" species="s26">
<celldesigner:activity>inactive</celldesigner:activity>
<celldesigner:bounds h="33.0" w="46.0" x="54.76729528845067" y="437.625"/>
<celldesigner:singleLine width="1.0"/>
<celldesigner:paint color="ffccffcc" scheme="Color"/>
</celldesigner:speciesAlias>
<celldesigner:speciesAlias compartmentAlias="ca1" id="a34" species="s29">
<celldesigner:activity>inactive</celldesigner:activity>
<celldesigner:bounds h="35.0" w="113.0" x="341.0" y="507.0"/>
<celldesigner:singleLine width="1.0"/>
<celldesigner:paint color="ffcc99ff" scheme="Color"/>
</celldesigner:speciesAlias>
</celldesigner:listOfSpeciesAliases>
<celldesigner:listOfGroups/>
<celldesigner:listOfProteins>
<celldesigner:protein id="p4" name="SNARE Complex" type="GENERIC"/>
<celldesigner:protein id="p1" name="5HT transporter" type="GENERIC"/>
<celldesigner:protein id="p3" name="5HT vesicular transporter" type="GENERIC"/>
<celldesigner:protein id="p11" name="G-protein" type="GENERIC"/>
<celldesigner:protein id="p7" name="AC" type="GENERIC"/>
<celldesigner:protein id="p6" name="5HT4 Receptor" type="RECEPTOR"/>
<celldesigner:protein id="p2" name="K_super_+_endsuper__br_channel" type="ION_CHANNEL"/>
</celldesigner:listOfProteins>
<celldesigner:listOfBlockDiagrams/>
</annotation>
<listOfCompartments>
<compartment id="default"/>
<compartment id="c1" name="Neurons of the Colliculus" outside="default">
<annotation>
<celldesigner:name>Neurons of the Colliculus</celldesigner:name>
</annotation>
</compartment>
<compartment id="c2" name="Serotonergic Neurons of the Dorsal Raphae Nucleus" outside="default">
<annotation>
<celldesigner:name>Serotonergic Neurons of the Dorsal Raphae Nucleus</celldesigner:name>
</annotation>
</compartment>
<compartment id="c3" name="Dense Core Vesicle" outside="c2">
<annotation>
<celldesigner:name>Dense Core Vesicle</celldesigner:name>
</annotation>
</compartment>
</listOfCompartments>
<listOfSpecies>
<species compartment="default" id="s8" name="K+">
<notes>
<html xmlns="http://www.w3.org/1999/xhtml">
<!--Notes by CellDesigner-->
<body>
Long Name:  K+
Synonym:  Synonym not specified
Accession:  U04980
</body>
</html>
</notes>
<annotation>
<celldesigner:positionToCompartment>inside</celldesigner:positionToCompartment>
<celldesigner:speciesIdentity>
<celldesigner:class>ION</celldesigner:class>
<celldesigner:name>K+</celldesigner:name>
</celldesigner:speciesIdentity>
</annotation>
</species>
<species compartment="c3" id="s1" name="SNARE Complex">
<notes>
<html xmlns="http://www.w3.org/1999/xhtml">
<!--Notes by CellDesigner-->
<body>
Long Name:  SNARE Complex
Synonym:  Synonym not specified
Accession:  P04428
</body>
</html>
</notes>
<annotation>
<celldesigner:positionToCompartment>transmembrane</celldesigner:positionToCompartment>
<celldesigner:speciesIdentity>
<celldesigner:class>PROTEIN</celldesigner:class>
<celldesigner:proteinReference>p4</celldesigner:proteinReference>
</celldesigner:speciesIdentity>
<celldesigner:listOfCatalyzedReactions>
<celldesigner:catalyzed reaction="re4"/>
</celldesigner:listOfCatalyzedReactions>
</annotation>
</species>
<species compartment="default" id="s12" name="Imipramine">
<notes>
<html xmlns="http://www.w3.org/1999/xhtml">
<!--Notes by CellDesigner-->
<body>
Long Name:  Imipramine
Synonym:  Synonym not specified
Accession:  S04750
</body>
</html>
</notes>
<annotation>
<celldesigner:positionToCompartment>inside</celldesigner:positionToCompartment>
<celldesigner:speciesIdentity>
<celldesigner:class>SIMPLE_MOLECULE</celldesigner:class>
<celldesigner:name>Imipramine</celldesigner:name>
</celldesigner:speciesIdentity>
<celldesigner:listOfCatalyzedReactions>
<celldesigner:catalyzed reaction="re1"/>
</celldesigner:listOfCatalyzedReactions>
</annotation>
</species>
<species compartment="default" id="s11" name="5HT+">
<notes>
<html xmlns="http://www.w3.org/1999/xhtml">
<!--Notes by CellDesigner-->
<body>
Long Name:  5HT+
Synonym:  Synonym not specified
Accession:  S04749
</body>
</html>
</notes>
<annotation>
<celldesigner:positionToCompartment>inside</celldesigner:positionToCompartment>
<celldesigner:speciesIdentity>
<celldesigner:class>SIMPLE_MOLECULE</celldesigner:class>
<celldesigner:name>5HT+</celldesigner:name>
</celldesigner:speciesIdentity>
</annotation>
</species>
<species compartment="default" id="s2" name="Cl-">
<notes>
<html xmlns="http://www.w3.org/1999/xhtml">
<!--Notes by CellDesigner-->
<body>
Long Name:  Cl-
Synonym:  Synonym not specified
Accession:  U04981
</body>
</html>
</notes>
<annotation>
<celldesigner:positionToCompartment>inside</celldesigner:positionToCompartment>
<celldesigner:speciesIdentity>
<celldesigner:class>ION</celldesigner:class>
<celldesigner:name>Cl-</celldesigner:name>
</celldesigner:speciesIdentity>
</annotation>
</species>
<species compartment="c2" id="s3" name="5HT transporter">
<notes>
<html xmlns="http://www.w3.org/1999/xhtml">
<!--Notes by CellDesigner-->
<body>
Long Name:  5HT transporter
Synonym:  Synonym not specified
Accession:  P04431
</body>
</html>
</notes>
<annotation>
<celldesigner:positionToCompartment>transmembrane</celldesigner:positionToCompartment>
<celldesigner:speciesIdentity>
<celldesigner:class>PROTEIN</celldesigner:class>
<celldesigner:proteinReference>p1</celldesigner:proteinReference>
</celldesigner:speciesIdentity>
<celldesigner:listOfCatalyzedReactions>
<celldesigner:catalyzed reaction="re1"/>
</celldesigner:listOfCatalyzedReactions>
</annotation>
</species>
<species compartment="c3" id="s4" name="5HT vesicular transporter">
<notes>
<html xmlns="http://www.w3.org/1999/xhtml">
<!--Notes by CellDesigner-->
<body>
Long Name:  5HT vesicular transporter
Synonym:  CAT-1,VAT,VMAT,monoamine vesicular transporter
Accession:  P04432
</body>
</html>
</notes>
<annotation>
<celldesigner:positionToCompartment>transmembrane</celldesigner:positionToCompartment>
<celldesigner:speciesIdentity>
<celldesigner:class>PROTEIN</celldesigner:class>
<celldesigner:proteinReference>p3</celldesigner:proteinReference>
</celldesigner:speciesIdentity>
<celldesigner:listOfCatalyzedReactions>
<celldesigner:catalyzed reaction="re3"/>
</celldesigner:listOfCatalyzedReactions>
</annotation>
</species>
<species compartment="default" id="s5" name="Na+">
<notes>
<html xmlns="http://www.w3.org/1999/xhtml">
<!--Notes by CellDesigner-->
<body>
Long Name:  Na+
Synonym:  Synonym not specified
Accession:  U04979
</body>
</html>
</notes>
<annotation>
<celldesigner:positionToCompartment>inside</celldesigner:positionToCompartment>
<celldesigner:speciesIdentity>
<celldesigner:class>ION</celldesigner:class>
<celldesigner:name>Na+</celldesigner:name>
</celldesigner:speciesIdentity>
</annotation>
</species>
<species compartment="c2" id="s7" name="reserpine">
<notes>
<html xmlns="http://www.w3.org/1999/xhtml">
<!--Notes by CellDesigner-->
<body>
Long Name:  reserpine
Synonym:  Synonym not specified
Accession:  S04744
</body>
</html>
</notes>
<annotation>
<celldesigner:positionToCompartment>inside</celldesigner:positionToCompartment>
<celldesigner:speciesIdentity>
<celldesigner:class>SIMPLE_MOLECULE</celldesigner:class>
<celldesigner:name>reserpine</celldesigner:name>
</celldesigner:speciesIdentity>
<celldesigner:listOfCatalyzedReactions>
<celldesigner:catalyzed reaction="re3"/>
</celldesigner:listOfCatalyzedReactions>
</annotation>
</species>
<species compartment="c1" id="s16" name="GTP">
<notes>
<html xmlns="http://www.w3.org/1999/xhtml">
<!--Notes by CellDesigner-->
<body>
Long Name:  GTP
Synonym:  Synonym not specified
Accession:  S04747
</body>
</html>
</notes>
<annotation>
<celldesigner:positionToCompartment>inside</celldesigner:positionToCompartment>
<celldesigner:speciesIdentity>
<celldesigner:class>SIMPLE_MOLECULE</celldesigner:class>
<celldesigner:name>GTP</celldesigner:name>
</celldesigner:speciesIdentity>
</annotation>
</species>
<species compartment="c1" id="s17" name="GDP">
<notes>
<html xmlns="http://www.w3.org/1999/xhtml">
<!--Notes by CellDesigner-->
<body>
Long Name:  GDP
Synonym:  Synonym not specified
Accession:  S04745
</body>
</html>
</notes>
<annotation>
<celldesigner:positionToCompartment>inside</celldesigner:positionToCompartment>
<celldesigner:speciesIdentity>
<celldesigner:class>SIMPLE_MOLECULE</celldesigner:class>
<celldesigner:name>GDP</celldesigner:name>
</celldesigner:speciesIdentity>
</annotation>
</species>
<species compartment="c1" id="s19" name="ATP">
<notes>
<html xmlns="http://www.w3.org/1999/xhtml">
<!--Notes by CellDesigner-->
<body>
Long Name:  ATP
Synonym:  Synonym not specified
Accession:  S04746
</body>
</html>
</notes>
<annotation>
<celldesigner:positionToCompartment>inside</celldesigner:positionToCompartment>
<celldesigner:speciesIdentity>
<celldesigner:class>SIMPLE_MOLECULE</celldesigner:class>
<celldesigner:name>ATP</celldesigner:name>
</celldesigner:speciesIdentity>
</annotation>
</species>
<species compartment="c1" id="s20" name="cAMP">
<notes>
<html xmlns="http://www.w3.org/1999/xhtml">
<!--Notes by CellDesigner-->
<body>
Long Name:  cAMP
Synonym:  Synonym not specified
Accession:  S04748
</body>
</html>
</notes>
<annotation>
<celldesigner:positionToCompartment>inside</celldesigner:positionToCompartment>
<celldesigner:speciesIdentity>
<celldesigner:class>SIMPLE_MOLECULE</celldesigner:class>
<celldesigner:name>cAMP</celldesigner:name>
</celldesigner:speciesIdentity>
</annotation>
</species>
<species compartment="c1" id="s21" name="Complex(G-protein/GDP)">
<notes>
<html xmlns="http://www.w3.org/1999/xhtml">
<!--Notes by CellDesigner-->
<body>
Long Name:  Long name not specified
Synonym:  Synonym not specified
Accession:  U04974
Heterodimer Member Info:  GDP#SIMPLE_MOLECULE#GDP#S04745##;G-protein#PROTEIN#G-protein#P04430##
</body>
</html>
</notes>
<annotation>
<celldesigner:positionToCompartment>inside</celldesigner:positionToCompartment>
<celldesigner:heterodimerIdentity>
<celldesigner:listOfHeterodimerEntries>
<celldesigner:heterodimerEntry innerId="inner0" originalSpecies="unknown">
<celldesigner:class>PROTEIN</celldesigner:class>
<celldesigner:proteinReference>p11</celldesigner:proteinReference>
</celldesigner:heterodimerEntry>
<celldesigner:heterodimerEntry innerId="inner1" originalSpecies="unknown">
<celldesigner:class>SIMPLE_MOLECULE</celldesigner:class>
<celldesigner:name>GDP</celldesigner:name>
</celldesigner:heterodimerEntry>
</celldesigner:listOfHeterodimerEntries>
</celldesigner:heterodimerIdentity>
<celldesigner:listOfCatalyzedReactions>
<celldesigner:catalyzed reaction="re7"/>
</celldesigner:listOfCatalyzedReactions>
</annotation>
</species>
<species compartment="c1" id="s10" name="Complex(GDP/G-protein/5HT4 Receptor)">
<notes>
<html xmlns="http://www.w3.org/1999/xhtml">
<!--Notes by CellDesigner-->
<body>
Long Name:  Long name not specified
Synonym:  Synonym not specified
Accession:  U04976
Heterodimer Member Info:  GDP#SIMPLE_MOLECULE#GDP#S04745##;5HT4 Receptor#PROTEIN#5HT4 Receptor#P04427#5HT-4|serotonin receptor 4#;G-protein#PROTEIN#G-protein#P04430##
</body>
</html>
</notes>
<annotation>
<celldesigner:positionToCompartment>transmembrane</celldesigner:positionToCompartment>
<celldesigner:heterodimerIdentity>
<celldesigner:listOfHeterodimerEntries>
<celldesigner:heterodimerEntry innerId="inner0" originalSpecies="unknown">
<celldesigner:class>SIMPLE_MOLECULE</celldesigner:class>
<celldesigner:name>GDP</celldesigner:name>
</celldesigner:heterodimerEntry>
<celldesigner:heterodimerEntry innerId="inner1" originalSpecies="unknown">
<celldesigner:class>PROTEIN</celldesigner:class>
<celldesigner:proteinReference>p11</celldesigner:proteinReference>
</celldesigner:heterodimerEntry>
<celldesigner:heterodimerEntry innerId="inner2" originalSpecies="unknown">
<celldesigner:class>PROTEIN</celldesigner:class>
<celldesigner:proteinReference>p6</celldesigner:proteinReference>
</celldesigner:heterodimerEntry>
</celldesigner:listOfHeterodimerEntries>
</celldesigner:heterodimerIdentity>
</annotation>
</species>
<species compartment="c1" id="s14" name="Complex(GDP/G-protein/5HT4 Receptor/5HT+)">
<notes>
<html xmlns="http://www.w3.org/1999/xhtml">
<!--Notes by CellDesigner-->
<body>
Long Name:  Long name not specified
Synonym:  Synonym not specified
Accession:  U04977
Heterodimer Member Info:  GDP#SIMPLE_MOLECULE#GDP#S04745##;5HT4 Receptor#PROTEIN#5HT4 Receptor#P04427#5HT-4|serotonin receptor 4#;5HT+#SIMPLE_MOLECULE#5HT+#S04749##;G-protein#PROTEIN#G-protein#P04430##
</body>
</html>
</notes>
<annotation>
<celldesigner:positionToCompartment>transmembrane</celldesigner:positionToCompartment>
<celldesigner:heterodimerIdentity>
<celldesigner:listOfHeterodimerEntries>
<celldesigner:heterodimerEntry innerId="inner0" originalSpecies="unknown">
<celldesigner:class>SIMPLE_MOLECULE</celldesigner:class>
<celldesigner:name>GDP</celldesigner:name>
</celldesigner:heterodimerEntry>
<celldesigner:heterodimerEntry innerId="inner1" originalSpecies="unknown">
<celldesigner:class>PROTEIN</celldesigner:class>
<celldesigner:proteinReference>p11</celldesigner:proteinReference>
</celldesigner:heterodimerEntry>
<celldesigner:heterodimerEntry innerId="inner2" originalSpecies="unknown">
<celldesigner:class>PROTEIN</celldesigner:class>
<celldesigner:proteinReference>p6</celldesigner:proteinReference>
</celldesigner:heterodimerEntry>
<celldesigner:heterodimerEntry innerId="inner3" originalSpecies="unknown">
<celldesigner:class>SIMPLE_MOLECULE</celldesigner:class>
<celldesigner:name>5HT+</celldesigner:name>
</celldesigner:heterodimerEntry>
</celldesigner:listOfHeterodimerEntries>
</celldesigner:heterodimerIdentity>
</annotation>
</species>
<species compartment="c1" id="s18" name="Complex(5HT4 Receptor/5HT+)">
<notes>
<html xmlns="http://www.w3.org/1999/xhtml">
<!--Notes by CellDesigner-->
<body>
Long Name:  Long name not specified
Synonym:  Synonym not specified
Accession:  U04975
Heterodimer Member Info:  5HT4 Receptor#PROTEIN#5HT4 Receptor#P04427#5HT-4|serotonin receptor 4#;5HT+#SIMPLE_MOLECULE#5HT+#S04749##
</body>
</html>
</notes>
<annotation>
<celldesigner:positionToCompartment>transmembrane</celldesigner:positionToCompartment>
<celldesigner:heterodimerIdentity>
<celldesigner:listOfHeterodimerEntries>
<celldesigner:heterodimerEntry innerId="inner0" originalSpecies="unknown">
<celldesigner:class>PROTEIN</celldesigner:class>
<celldesigner:proteinReference>p6</celldesigner:proteinReference>
</celldesigner:heterodimerEntry>
<celldesigner:heterodimerEntry innerId="inner1" originalSpecies="unknown">
<celldesigner:class>SIMPLE_MOLECULE</celldesigner:class>
<celldesigner:name>5HT+</celldesigner:name>
</celldesigner:heterodimerEntry>
</celldesigner:listOfHeterodimerEntries>
</celldesigner:heterodimerIdentity>
</annotation>
</species>
<species compartment="c1" id="s26" name="AC">
<notes>
<html xmlns="http://www.w3.org/1999/xhtml">
<!--Notes by CellDesigner-->
<body>
Long Name:  AC
Synonym:  adenylate cyclase,adenylate cyclase 2,adenylate cyclase 7,adenylyl cyclase
Accession:  P04429
</body>
</html>
</notes>
<annotation>
<celldesigner:positionToCompartment>inside</celldesigner:positionToCompartment>
<celldesigner:speciesIdentity>
<celldesigner:class>PROTEIN</celldesigner:class>
<celldesigner:proteinReference>p7</celldesigner:proteinReference>
</celldesigner:speciesIdentity>
<celldesigner:listOfCatalyzedReactions>
<celldesigner:catalyzed reaction="re5"/>
</celldesigner:listOfCatalyzedReactions>
</annotation>
</species>
<species compartment="c2" id="s35" name="Cl-">
<notes>
<html xmlns="http://www.w3.org/1999/xhtml">
<!--Notes by CellDesigner-->
<body>
Long Name:  Cl-
Synonym:  Synonym not specified
Accession:  U04981
</body>
</html>
</notes>
<annotation>
<celldesigner:positionToCompartment>inside</celldesigner:positionToCompartment>
<celldesigner:speciesIdentity>
<celldesigner:class>ION</celldesigner:class>
<celldesigner:name>Cl-</celldesigner:name>
</celldesigner:speciesIdentity>
</annotation>
</species>
<species compartment="c2" id="s27" name="5HT+">
<notes>
<html xmlns="http://www.w3.org/1999/xhtml">
<!--Notes by CellDesigner-->
<body>
Long Name:  5HT+
Synonym:  Synonym not specified
Accession:  S04749
</body>
</html>
</notes>
<annotation>
<celldesigner:positionToCompartment>inside</celldesigner:positionToCompartment>
<celldesigner:speciesIdentity>
<celldesigner:class>SIMPLE_MOLECULE</celldesigner:class>
<celldesigner:name>5HT+</celldesigner:name>
</celldesigner:speciesIdentity>
</annotation>
</species>
<species compartment="c2" id="s36" name="Na+">
<notes>
<html xmlns="http://www.w3.org/1999/xhtml">
<!--Notes by CellDesigner-->
<body>
Long Name:  Na+
Synonym:  Synonym not specified
Accession:  U04979
</body>
</html>
</notes>
<annotation>
<celldesigner:positionToCompartment>inside</celldesigner:positionToCompartment>
<celldesigner:speciesIdentity>
<celldesigner:class>ION</celldesigner:class>
<celldesigner:name>Na+</celldesigner:name>
</celldesigner:speciesIdentity>
</annotation>
</species>
<species compartment="c2" id="s37" name="K+">
<notes>
<html xmlns="http://www.w3.org/1999/xhtml">
<!--Notes by CellDesigner-->
<body>
Long Name:  K+
Synonym:  Synonym not specified
Accession:  U04980
</body>
</html>
</notes>
<annotation>
<celldesigner:positionToCompartment>inside</celldesigner:positionToCompartment>
<celldesigner:speciesIdentity>
<celldesigner:class>ION</celldesigner:class>
<celldesigner:name>K+</celldesigner:name>
</celldesigner:speciesIdentity>
</annotation>
</species>
<species compartment="c3" id="s28" name="5HT+">
<notes>
<html xmlns="http://www.w3.org/1999/xhtml">
<!--Notes by CellDesigner-->
<body>
Long Name:  5HT+
Synonym:  Synonym not specified
Accession:  S04749
</body>
</html>
</notes>
<annotation>
<celldesigner:positionToCompartment>inside</celldesigner:positionToCompartment>
<celldesigner:speciesIdentity>
<celldesigner:class>SIMPLE_MOLECULE</celldesigner:class>
<celldesigner:name>5HT+</celldesigner:name>
</celldesigner:speciesIdentity>
</annotation>
</species>
<species compartment="c1" id="s29" name="Effect unknown">
<notes>
<html xmlns="http://www.w3.org/1999/xhtml">
<!--Notes by CellDesigner-->
<body>
Long Name:  Effect unknown
Synonym:  Synonym not specified
Accession:  U04978
</body>
</html>
</notes>
<annotation>
<celldesigner:positionToCompartment>inside</celldesigner:positionToCompartment>
<celldesigner:speciesIdentity>
<celldesigner:class>PHENOTYPE</celldesigner:class>
<celldesigner:name>Effect unknown</celldesigner:name>
</celldesigner:speciesIdentity>
</annotation>
</species>
<species compartment="c2" id="s6" name="K+ Channel">
<notes>
<html xmlns="http://www.w3.org/1999/xhtml">
<!--Notes by CellDesigner-->
<body>
Long Name:  K+ channel
Synonym:  Kcnk3,Potassium channel subfamily K member 3,Potassium channel subfamily K member 9,TASK-1,TASK-3,TWIK
Accession:  P04426
</body>
</html>
</notes>
<annotation>
<celldesigner:positionToCompartment>transmembrane</celldesigner:positionToCompartment>
<celldesigner:speciesIdentity>
<celldesigner:class>PROTEIN</celldesigner:class>
<celldesigner:proteinReference>p2</celldesigner:proteinReference>
</celldesigner:speciesIdentity>
<celldesigner:listOfCatalyzedReactions>
<celldesigner:catalyzed reaction="re2"/>
</celldesigner:listOfCatalyzedReactions>
</annotation>
</species>
</listOfSpecies>
<listOfReactions>
<reaction id="re1" reversible="false">
<annotation>
<celldesigner:reactionType>TRANSPORT</celldesigner:reactionType>
<celldesigner:baseReactants>s11</celldesigner:baseReactants>
<celldesigner:baseProducts>s27</celldesigner:baseProducts>
<celldesigner:listOfReactantLinks>
<celldesigner:reactantLink alias="a7" reactant="s2" targetLineIndex="-1,1"/>
<celldesigner:reactantLink alias="a13" reactant="s5" targetLineIndex="-1,1"/>
</celldesigner:listOfReactantLinks>
<celldesigner:listOfProductLinks>
<celldesigner:productLink alias="a12" product="s36" targetLineIndex="-1,2"/>
<celldesigner:productLink alias="a6" product="s35" targetLineIndex="-1,2"/>
</celldesigner:listOfProductLinks>
<celldesigner:editPoints>0.48830874103625366,-0.3729110504683669 0.7353272551662235,-0.20884206118778714</celldesigner:editPoints>
<celldesigner:listOfModification>
<celldesigner:modification aliases="a8" editPoints="0.3333333333333348,-7.105427357601002E-15 0.666666666666667,-7.105427357601002E-15" modifiers="s3" targetLineIndex="-1,1" type="CATALYSIS"/>
<celldesigner:modification aliases="a4" editPoints="0.3333333333333335,1.1102230246251565E-16 0.666666666666667,-3.3306690738754696E-16" modifiers="s12" targetLineIndex="-1,1" type="INHIBITION"/>
</celldesigner:listOfModification>
</annotation>
<listOfReactants>
<speciesReference species="s11">
<annotation>
<celldesigner:alias>a5</celldesigner:alias>
</annotation>
</speciesReference>
<speciesReference species="s2">
<annotation>
<celldesigner:alias>a7</celldesigner:alias>
</annotation>
</speciesReference>
<speciesReference species="s5">
<annotation>
<celldesigner:alias>a13</celldesigner:alias>
</annotation>
</speciesReference>
</listOfReactants>
<listOfProducts>
<speciesReference species="s27">
<annotation>
<celldesigner:alias>a10</celldesigner:alias>
</annotation>
</speciesReference>
<speciesReference species="s36">
<annotation>
<celldesigner:alias>a12</celldesigner:alias>
</annotation>
</speciesReference>
<speciesReference species="s35">
<annotation>
<celldesigner:alias>a6</celldesigner:alias>
</annotation>
</speciesReference>
</listOfProducts>
<listOfModifiers>
<modifierSpeciesReference species="s3">
<annotation>
<celldesigner:alias>a8</celldesigner:alias>
</annotation>
</modifierSpeciesReference>
<modifierSpeciesReference species="s12">
<annotation>
<celldesigner:alias>a4</celldesigner:alias>
</annotation>
</modifierSpeciesReference>
</listOfModifiers>
</reaction>
<reaction id="re2" reversible="false">
<annotation>
<celldesigner:reactionType>TRANSPORT</celldesigner:reactionType>
<celldesigner:baseReactants>s37</celldesigner:baseReactants>
<celldesigner:baseProducts>s8</celldesigner:baseProducts>
<celldesigner:editPoints>0.3333333333333333,-4.440892098500626E-16 0.6666666666666665,-4.440892098500626E-16</celldesigner:editPoints>
<celldesigner:listOfModification>
<celldesigner:modification aliases="a14" editPoints="0.33333333333333437,0.0 0.6666666666666661,0.0" modifiers="s6" targetLineIndex="-1,0" type="CATALYSIS"/>
</celldesigner:listOfModification>
</annotation>
<listOfReactants>
<speciesReference species="s37">
<annotation>
<celldesigner:alias>a15</celldesigner:alias>
</annotation>
</speciesReference>
</listOfReactants>
<listOfProducts>
<speciesReference species="s8">
<annotation>
<celldesigner:alias>a16</celldesigner:alias>
</annotation>
</speciesReference>
</listOfProducts>
<listOfModifiers>
<modifierSpeciesReference species="s6">
<annotation>
<celldesigner:alias>a14</celldesigner:alias>
</annotation>
</modifierSpeciesReference>
</listOfModifiers>
</reaction>
<reaction id="re3" reversible="false">
<annotation>
<celldesigner:reactionType>TRANSPORT</celldesigner:reactionType>
<celldesigner:baseReactants>s27</celldesigner:baseReactants>
<celldesigner:baseProducts>s28</celldesigner:baseProducts>
<celldesigner:offset x="7.0" y="0.0"/>
<celldesigner:editPoints>0.33333333333333337,5.551115123125783E-17 0.6666666666666669,1.1102230246251565E-16</celldesigner:editPoints>
<celldesigner:listOfModification>
<celldesigner:modification aliases="a11" editPoints="0.3333333333333304,0.0 0.6666666666666625,-1.7763568394002505E-15" modifiers="s4" targetLineIndex="-1,1" type="CATALYSIS"/>
<celldesigner:modification aliases="a17" editPoints="0.33333333333333337,0.0 0.6666666666666667,0.0" modifiers="s7" targetLineIndex="-1,1" type="INHIBITION"/>
</celldesigner:listOfModification>
</annotation>
<listOfReactants>
<speciesReference species="s27">
<annotation>
<celldesigner:alias>a10</celldesigner:alias>
</annotation>
</speciesReference>
</listOfReactants>
<listOfProducts>
<speciesReference species="s28">
<annotation>
<celldesigner:alias>a9</celldesigner:alias>
</annotation>
</speciesReference>
</listOfProducts>
<listOfModifiers>
<modifierSpeciesReference species="s4">
<annotation>
<celldesigner:alias>a11</celldesigner:alias>
</annotation>
</modifierSpeciesReference>
<modifierSpeciesReference species="s7">
<annotation>
<celldesigner:alias>a17</celldesigner:alias>
</annotation>
</modifierSpeciesReference>
</listOfModifiers>
</reaction>
<reaction id="re4" reversible="false">
<annotation>
<celldesigner:reactionType>TRANSPORT</celldesigner:reactionType>
<celldesigner:baseReactants>s28</celldesigner:baseReactants>
<celldesigner:baseProducts>s11</celldesigner:baseProducts>
<celldesigner:editPoints>0.0694528432628796,-0.1340014186097911 0.550255604977365,-0.07499152734579861</celldesigner:editPoints>
<celldesigner:listOfModification>
<celldesigner:modification aliases="a3" editPoints="0.33333333333333215,0.0 0.6666666666666661,0.0" modifiers="s1" targetLineIndex="-1,1" type="CATALYSIS"/>
</celldesigner:listOfModification>
</annotation>
<listOfReactants>
<speciesReference species="s28">
<annotation>
<celldesigner:alias>a9</celldesigner:alias>
</annotation>
</speciesReference>
</listOfReactants>
<listOfProducts>
<speciesReference species="s11">
<annotation>
<celldesigner:alias>a5</celldesigner:alias>
</annotation>
</speciesReference>
</listOfProducts>
<listOfModifiers>
<modifierSpeciesReference species="s1">
<annotation>
<celldesigner:alias>a3</celldesigner:alias>
</annotation>
</modifierSpeciesReference>
</listOfModifiers>
</reaction>
<reaction id="re5" reversible="false">
<annotation>
<celldesigner:reactionType>STATE_TRANSITION</celldesigner:reactionType>
<celldesigner:baseReactants>s19</celldesigner:baseReactants>
<celldesigner:baseProducts>s20</celldesigner:baseProducts>
<celldesigner:editPoints>0.33333333333333304,-4.440892098500626E-16 0.6666666666666679,-4.440892098500626E-16</celldesigner:editPoints>
<celldesigner:listOfModification>
<celldesigner:modification aliases="a32" editPoints="0.33333333333333304,0.0 0.6666666666666661,0.0" modifiers="s26" targetLineIndex="-1,1" type="CATALYSIS"/>
</celldesigner:listOfModification>
</annotation>
<listOfReactants>
<speciesReference species="s19">
<annotation>
<celldesigner:alias>a29</celldesigner:alias>
</annotation>
</speciesReference>
</listOfReactants>
<listOfProducts>
<speciesReference species="s20">
<annotation>
<celldesigner:alias>a30</celldesigner:alias>
</annotation>
</speciesReference>
</listOfProducts>
<listOfModifiers>
<modifierSpeciesReference species="s26">
<annotation>
<celldesigner:alias>a32</celldesigner:alias>
</annotation>
</modifierSpeciesReference>
</listOfModifiers>
</reaction>
<reaction id="re7" reversible="false">
<annotation>
<celldesigner:reactionType>STATE_TRANSITION</celldesigner:reactionType>
<celldesigner:baseReactants>s26</celldesigner:baseReactants>
<celldesigner:baseProducts>s26</celldesigner:baseProducts>
<celldesigner:editPoints>0.33333333333333304,8.881784197001252E-16 0.6666666666666661,8.881784197001252E-16</celldesigner:editPoints>
<celldesigner:listOfModification>
<celldesigner:modification aliases="a31" editPoints="0.3333333333333335,0.0 0.666666666666667,0.0" modifiers="s21" targetLineIndex="-1,1" type="CATALYSIS"/>
</celldesigner:listOfModification>
</annotation>
<listOfReactants>
<speciesReference species="s26">
<annotation>
<celldesigner:alias>a33</celldesigner:alias>
</annotation>
</speciesReference>
</listOfReactants>
<listOfProducts>
<speciesReference species="s26">
<annotation>
<celldesigner:alias>a32</celldesigner:alias>
</annotation>
</speciesReference>
</listOfProducts>
<listOfModifiers>
<modifierSpeciesReference species="s21">
<annotation>
<celldesigner:alias>a31</celldesigner:alias>
</annotation>
</modifierSpeciesReference>
</listOfModifiers>
</reaction>
<reaction id="re8" reversible="false">
<annotation>
<celldesigner:reactionType>DISSOCIATION</celldesigner:reactionType>
<celldesigner:baseReactants>s14</celldesigner:baseReactants>
<celldesigner:baseProducts>s21,s18</celldesigner:baseProducts>
<celldesigner:listOfReactantLinks>
<celldesigner:reactantLink alias="a25" reactant="s16" targetLineIndex="0,1"/>
</celldesigner:listOfReactantLinks>
<celldesigner:listOfProductLinks>
<celldesigner:productLink alias="a26" product="s17" targetLineIndex="0,1"/>
</celldesigner:listOfProductLinks>
<celldesigner:offset x="-7.0" y="-1.0"/>
<celldesigner:editPoints>0.33333333333333304,0.0 0.6666666666666669,-8.881784197001252E-16 0.3333333333333339,0.0 0.666666666666667,8.881784197001252E-16 0.3333333333333335,0.0 0.6666666666666665,4.440892098500626E-16 0.3333333333333335,0.3333333333333339</celldesigner:editPoints>
</annotation>
<listOfReactants>
<speciesReference species="s14">
<annotation>
<celldesigner:alias>a23</celldesigner:alias>
</annotation>
</speciesReference>
<speciesReference species="s16">
<annotation>
<celldesigner:alias>a25</celldesigner:alias>
</annotation>
</speciesReference>
</listOfReactants>
<listOfProducts>
<speciesReference species="s21">
<annotation>
<celldesigner:alias>a31</celldesigner:alias>
</annotation>
</speciesReference>
<speciesReference species="s18">
<annotation>
<celldesigner:alias>a28</celldesigner:alias>
</annotation>
</speciesReference>
<speciesReference species="s17">
<annotation>
<celldesigner:alias>a26</celldesigner:alias>
</annotation>
</speciesReference>
</listOfProducts>
</reaction>
<reaction id="re11" reversible="false">
<annotation>
<celldesigner:reactionType>HETERODIMER_ASSOCIATION</celldesigner:reactionType>
<celldesigner:baseReactants>s11,s10</celldesigner:baseReactants>
<celldesigner:baseProducts>s14</celldesigner:baseProducts>
<celldesigner:editPoints>0.3333333333333337,-8.881784197001252E-16 0.6666666666666663,-8.881784197001252E-16 0.33333333333333304,4.440892098500626E-16 0.666666666666667,-4.440892098500626E-16 0.3333333333333335,-4.440892098500626E-16 0.6666666666666665,0.0 0.3333333333333339,0.33333333333333326</celldesigner:editPoints>
</annotation>
<listOfReactants>
<speciesReference species="s11">
<annotation>
<celldesigner:alias>a5</celldesigner:alias>
</annotation>
</speciesReference>
<speciesReference species="s10">
<annotation>
<celldesigner:alias>a22</celldesigner:alias>
</annotation>
</speciesReference>
</listOfReactants>
<listOfProducts>
<speciesReference species="s14">
<annotation>
<celldesigner:alias>a23</celldesigner:alias>
</annotation>
</speciesReference>
</listOfProducts>
</reaction>
<reaction id="re12" reversible="false">
<annotation>
<celldesigner:reactionType>UNKNOWN_TRANSITION</celldesigner:reactionType>
<celldesigner:baseReactants>s20</celldesigner:baseReactants>
<celldesigner:baseProducts>s29</celldesigner:baseProducts>
<celldesigner:editPoints>0.33333333333333337,-4.440892098500626E-16 0.6666666666666669,-4.440892098500626E-16</celldesigner:editPoints>
</annotation>
<listOfReactants>
<speciesReference species="s20">
<annotation>
<celldesigner:alias>a30</celldesigner:alias>
</annotation>
</speciesReference>
</listOfReactants>
<listOfProducts>
<speciesReference species="s29">
<annotation>
<celldesigner:alias>a34</celldesigner:alias>
</annotation>
</speciesReference>
</listOfProducts>
</reaction>
</listOfReactions>
</model>
</sbml>
