<?xml version="1.0" encoding="UTF-8"?>
<!-- Terms and Conditions -->
<!-- 
Copyright (C)) 2005 Applied Biosystems.  
This file may be copied and redistributed freely, without advance permission, 
provided that this Copyright statement is reproduced with each copy.  
 
LIMITATION OF WARRANTY 
NOTHING IN THIS AGREEMENT WILL BE CONSTRUED AS A REPRESENTATION MADE OR 
WARRANTY GIVEN BY APPLIED BIOSYSTEMS OR ANY THIRD PARTY THAT THE USE OF 
DATA PROVIDED HEREUNDER WILL NOT INFRINGE ANY PATENT, COPYRIGHT, TRADEMARK 
OR OTHER RIGHTS OF ANY THIRD PARTY. DATA IS PROVIDED "AS IS" WITHOUT 
WARRANTY OF ANY KIND WHATSOEVER, EXPRESS OR IMPLIED, INCLUDING IMPLIED 
WARRANTIES OF MERCHANTABILITY OR FITNESS FOR A PARTICULAR PURPOSE. APPLIED 
BIOSYSTEMS MAKES NO WARRANTY THAT ITS DATA DOES NOT CONTAIN ERRORS.
-->

<!-- Created by SBML API 2.0(a17.0) -->
<sbml level="2" version="1" xmlns="http://www.sbml.org/sbml/level2" xmlns:celldesigner="http://www.sbml.org/2001/ns/celldesigner">
<model id="Arginine_space_biosynthesis">
<notes>
<html xmlns="http://www.w3.org/1999/xhtml">
<!--Notes by CellDesigner-->
<body>
<![CDATA[
Prokaryote biosynthesis of the amino acid arginine critical for protein biosynthesis.
Website=www.biocyc.org/Ecoli/Pathways/
free text=Biochemistry (text)  Voet and Voet
]]>
</body>
</html>
</notes>
<annotation>
<celldesigner:modelVersion>2.3</celldesigner:modelVersion>
<celldesigner:modelDisplay sizeX="1000" sizeY="1000"/>
<celldesigner:listOfCompartmentAliases/>
<celldesigner:listOfSpeciesAliases>
<celldesigner:speciesAlias id="a1" species="s1">
<celldesigner:activity>inactive</celldesigner:activity>
<celldesigner:bounds h="22.0" w="72.0" x="425.0" y="22.0"/>
<celldesigner:singleLine width="1.0"/>
<celldesigner:paint color="ffccff66" scheme="Color"/>
</celldesigner:speciesAlias>
<celldesigner:speciesAlias id="a2" species="s2">
<celldesigner:activity>inactive</celldesigner:activity>
<celldesigner:bounds h="19.0" w="106.0" x="408.0" y="109.0"/>
<celldesigner:singleLine width="1.0"/>
<celldesigner:paint color="ffccff66" scheme="Color"/>
</celldesigner:speciesAlias>
<celldesigner:speciesAlias id="a3" species="s3">
<celldesigner:activity>inactive</celldesigner:activity>
<celldesigner:bounds h="34.0" w="141.0" x="391.0" y="185.0"/>
<celldesigner:singleLine width="1.0"/>
<celldesigner:paint color="ffccff66" scheme="Color"/>
</celldesigner:speciesAlias>
<celldesigner:speciesAlias id="a4" species="s4">
<celldesigner:activity>inactive</celldesigner:activity>
<celldesigner:bounds h="31.0" w="119.0" x="401.0" y="278.0"/>
<celldesigner:singleLine width="1.0"/>
<celldesigner:paint color="ffccff66" scheme="Color"/>
</celldesigner:speciesAlias>
<celldesigner:speciesAlias id="a5" species="s5">
<celldesigner:activity>inactive</celldesigner:activity>
<celldesigner:bounds h="25.0" w="112.0" x="406.0" y="367.0"/>
<celldesigner:singleLine width="1.0"/>
<celldesigner:paint color="ffccff66" scheme="Color"/>
</celldesigner:speciesAlias>
<celldesigner:speciesAlias id="a6" species="s6">
<celldesigner:activity>inactive</celldesigner:activity>
<celldesigner:bounds h="31.0" w="78.0" x="422.0" y="453.0"/>
<celldesigner:singleLine width="1.0"/>
<celldesigner:paint color="ffccff66" scheme="Color"/>
</celldesigner:speciesAlias>
<celldesigner:speciesAlias id="a7" species="s7">
<celldesigner:activity>inactive</celldesigner:activity>
<celldesigner:bounds h="29.0" w="78.0" x="422.0" y="546.0"/>
<celldesigner:singleLine width="1.0"/>
<celldesigner:paint color="ffccff66" scheme="Color"/>
</celldesigner:speciesAlias>
<celldesigner:speciesAlias id="a8" species="s8">
<celldesigner:activity>inactive</celldesigner:activity>
<celldesigner:bounds h="30.0" w="111.0" x="407.0" y="645.0"/>
<celldesigner:singleLine width="1.0"/>
<celldesigner:paint color="ffccff66" scheme="Color"/>
</celldesigner:speciesAlias>
<celldesigner:speciesAlias id="a9" species="s9">
<celldesigner:activity>inactive</celldesigner:activity>
<celldesigner:bounds h="54.0" w="128.0" x="400.0" y="753.0"/>
<celldesigner:singleLine width="1.0"/>
<celldesigner:paint color="ffccff66" scheme="Color"/>
</celldesigner:speciesAlias>
<celldesigner:speciesAlias id="a10" species="s10">
<celldesigner:activity>inactive</celldesigner:activity>
<celldesigner:bounds h="21.0" w="89.0" x="338.0" y="46.0"/>
<celldesigner:singleLine width="1.0"/>
<celldesigner:paint color="ffccff66" scheme="Color"/>
</celldesigner:speciesAlias>
<celldesigner:speciesAlias id="a11" species="s11">
<celldesigner:activity>inactive</celldesigner:activity>
<celldesigner:bounds h="18.0" w="68.0" x="341.0" y="83.0"/>
<celldesigner:singleLine width="1.0"/>
<celldesigner:paint color="ffccff66" scheme="Color"/>
</celldesigner:speciesAlias>
<celldesigner:speciesAlias id="a12" species="s12">
<celldesigner:activity>inactive</celldesigner:activity>
<celldesigner:bounds h="18.0" w="69.0" x="337.0" y="123.0"/>
<celldesigner:singleLine width="1.0"/>
<celldesigner:paint color="ffccff66" scheme="Color"/>
</celldesigner:speciesAlias>
<celldesigner:speciesAlias id="a13" species="s13">
<celldesigner:activity>inactive</celldesigner:activity>
<celldesigner:bounds h="18.0" w="68.0" x="337.0" y="160.0"/>
<celldesigner:singleLine width="1.0"/>
<celldesigner:paint color="ffccff66" scheme="Color"/>
</celldesigner:speciesAlias>
<celldesigner:speciesAlias id="a14" species="s14">
<celldesigner:activity>inactive</celldesigner:activity>
<celldesigner:bounds h="20.0" w="71.0" x="323.0" y="215.0"/>
<celldesigner:singleLine width="1.0"/>
<celldesigner:paint color="ffccff66" scheme="Color"/>
</celldesigner:speciesAlias>
<celldesigner:speciesAlias id="a15" species="s15">
<celldesigner:activity>inactive</celldesigner:activity>
<celldesigner:bounds h="20.0" w="71.0" x="321.0" y="256.0"/>
<celldesigner:singleLine width="1.0"/>
<celldesigner:paint color="ffccff66" scheme="Color"/>
</celldesigner:speciesAlias>
<celldesigner:speciesAlias id="a16" species="s1">
<celldesigner:activity>inactive</celldesigner:activity>
<celldesigner:bounds h="23.0" w="91.0" x="296.0" y="300.0"/>
<celldesigner:singleLine width="1.0"/>
<celldesigner:paint color="ffccff66" scheme="Color"/>
</celldesigner:speciesAlias>
<celldesigner:speciesAlias id="a17" species="s16">
<celldesigner:activity>inactive</celldesigner:activity>
<celldesigner:bounds h="26.0" w="95.0" x="321.0" y="337.0"/>
<celldesigner:singleLine width="1.0"/>
<celldesigner:paint color="ffccff66" scheme="Color"/>
</celldesigner:speciesAlias>
<celldesigner:speciesAlias id="a18" species="s17">
<celldesigner:activity>inactive</celldesigner:activity>
<celldesigner:bounds h="18.0" w="58.0" x="323.0" y="381.0"/>
<celldesigner:singleLine width="1.0"/>
<celldesigner:paint color="ffccff66" scheme="Color"/>
</celldesigner:speciesAlias>
<celldesigner:speciesAlias id="a19" species="s18">
<celldesigner:activity>inactive</celldesigner:activity>
<celldesigner:bounds h="29.0" w="81.0" x="315.0" y="429.0"/>
<celldesigner:singleLine width="1.0"/>
<celldesigner:paint color="ffccff66" scheme="Color"/>
</celldesigner:speciesAlias>
<celldesigner:speciesAlias id="a20" species="s12">
<celldesigner:activity>inactive</celldesigner:activity>
<celldesigner:bounds h="17.0" w="40.0" x="346.0" y="582.0"/>
<celldesigner:singleLine width="1.0"/>
<celldesigner:paint color="ffccff66" scheme="Color"/>
</celldesigner:speciesAlias>
<celldesigner:speciesAlias id="a21" species="s19">
<celldesigner:activity>inactive</celldesigner:activity>
<celldesigner:bounds h="27.0" w="82.0" x="241.0" y="554.0"/>
<celldesigner:singleLine width="1.0"/>
<celldesigner:paint color="ffccff66" scheme="Color"/>
</celldesigner:speciesAlias>
<celldesigner:speciesAlias id="a22" species="s20">
<celldesigner:activity>inactive</celldesigner:activity>
<celldesigner:bounds h="16.0" w="42.0" x="380.0" y="613.0"/>
<celldesigner:singleLine width="1.0"/>
<celldesigner:paint color="ffccff66" scheme="Color"/>
</celldesigner:speciesAlias>
<celldesigner:speciesAlias id="a23" species="s21">
<celldesigner:activity>inactive</celldesigner:activity>
<celldesigner:bounds h="19.0" w="57.0" x="311.0" y="635.0"/>
<celldesigner:singleLine width="1.0"/>
<celldesigner:paint color="ffccff66" scheme="Color"/>
</celldesigner:speciesAlias>
<celldesigner:speciesAlias id="a24" species="s22">
<celldesigner:activity>inactive</celldesigner:activity>
<celldesigner:bounds h="25.0" w="87.0" x="326.0" y="730.0"/>
<celldesigner:singleLine width="1.0"/>
<celldesigner:paint color="ffccff66" scheme="Color"/>
</celldesigner:speciesAlias>
<celldesigner:speciesAlias id="a25" species="s23">
<celldesigner:activity>inactive</celldesigner:activity>
<celldesigner:bounds h="33.0" w="87.0" x="210.0" y="467.0"/>
<celldesigner:singleLine width="1.0"/>
<celldesigner:paint color="ffccff66" scheme="Color"/>
</celldesigner:speciesAlias>
<celldesigner:speciesAlias id="a26" species="s24">
<celldesigner:activity>inactive</celldesigner:activity>
<celldesigner:bounds h="19.0" w="67.0" x="127.0" y="193.0"/>
<celldesigner:singleLine width="1.0"/>
<celldesigner:paint color="ffccff66" scheme="Color"/>
</celldesigner:speciesAlias>
<celldesigner:speciesAlias id="a27" species="s25">
<celldesigner:activity>inactive</celldesigner:activity>
<celldesigner:bounds h="18.0" w="69.0" x="140.0" y="374.0"/>
<celldesigner:singleLine width="1.0"/>
<celldesigner:paint color="ffccff66" scheme="Color"/>
</celldesigner:speciesAlias>
<celldesigner:speciesAlias id="a28" species="s26">
<celldesigner:activity>inactive</celldesigner:activity>
<celldesigner:bounds h="22.0" w="69.0" x="131.0" y="222.0"/>
<celldesigner:singleLine width="1.0"/>
<celldesigner:paint color="ffccff66" scheme="Color"/>
</celldesigner:speciesAlias>
<celldesigner:speciesAlias id="a29" species="s1">
<celldesigner:activity>inactive</celldesigner:activity>
<celldesigner:bounds h="19.0" w="67.0" x="147.0" y="407.0"/>
<celldesigner:singleLine width="1.0"/>
<celldesigner:paint color="ffccff66" scheme="Color"/>
</celldesigner:speciesAlias>
<celldesigner:speciesAlias id="a31" species="s17">
<celldesigner:activity>inactive</celldesigner:activity>
<celldesigner:bounds h="17.0" w="53.0" x="137.0" y="250.0"/>
<celldesigner:singleLine width="1.0"/>
<celldesigner:paint color="ffccff66" scheme="Color"/>
</celldesigner:speciesAlias>
<celldesigner:speciesAlias id="a33" species="s29">
<celldesigner:activity>inactive</celldesigner:activity>
<celldesigner:bounds h="17.0" w="48.0" x="145.0" y="453.0"/>
<celldesigner:singleLine width="1.0"/>
<celldesigner:paint color="ffccff66" scheme="Color"/>
</celldesigner:speciesAlias>
<celldesigner:speciesAlias id="a34" species="s30">
<celldesigner:activity>inactive</celldesigner:activity>
<celldesigner:bounds h="23.0" w="55.0" x="226.0" y="201.0"/>
<celldesigner:singleLine width="1.0"/>
<celldesigner:paint color="ffccff66" scheme="Color"/>
</celldesigner:speciesAlias>
<celldesigner:speciesAlias id="a35" species="s31">
<celldesigner:activity>inactive</celldesigner:activity>
<celldesigner:bounds h="30.0" w="116.0" x="610.0" y="61.0"/>
<celldesigner:singleLine width="1.0"/>
<celldesigner:paint color="ffccffcc" scheme="Color"/>
</celldesigner:speciesAlias>
<celldesigner:speciesAlias id="a36" species="s32">
<celldesigner:activity>inactive</celldesigner:activity>
<celldesigner:bounds h="34.0" w="110.0" x="611.0" y="139.0"/>
<celldesigner:singleLine width="1.0"/>
<celldesigner:paint color="ffccffcc" scheme="Color"/>
</celldesigner:speciesAlias>
<celldesigner:speciesAlias id="a37" species="s33">
<celldesigner:activity>inactive</celldesigner:activity>
<celldesigner:bounds h="37.0" w="159.0" x="578.0" y="230.0"/>
<celldesigner:singleLine width="1.0"/>
<celldesigner:paint color="ffccffcc" scheme="Color"/>
</celldesigner:speciesAlias>
<celldesigner:speciesAlias id="a38" species="s34">
<celldesigner:activity>inactive</celldesigner:activity>
<celldesigner:bounds h="32.0" w="123.0" x="581.0" y="321.0"/>
<celldesigner:singleLine width="1.0"/>
<celldesigner:paint color="ffccffcc" scheme="Color"/>
</celldesigner:speciesAlias>
<celldesigner:speciesAlias id="a39" species="s35">
<celldesigner:activity>inactive</celldesigner:activity>
<celldesigner:bounds h="35.0" w="106.0" x="582.0" y="405.0"/>
<celldesigner:singleLine width="1.0"/>
<celldesigner:paint color="ffccffcc" scheme="Color"/>
</celldesigner:speciesAlias>
<celldesigner:speciesAlias id="a40" species="s36">
<celldesigner:activity>inactive</celldesigner:activity>
<celldesigner:bounds h="35.0" w="111.0" x="577.0" y="593.0"/>
<celldesigner:singleLine width="1.0"/>
<celldesigner:paint color="ffccffcc" scheme="Color"/>
</celldesigner:speciesAlias>
<celldesigner:speciesAlias id="a41" species="s37">
<celldesigner:activity>inactive</celldesigner:activity>
<celldesigner:bounds h="29.0" w="112.0" x="579.0" y="696.0"/>
<celldesigner:singleLine width="1.0"/>
<celldesigner:paint color="ffccffcc" scheme="Color"/>
</celldesigner:speciesAlias>
<celldesigner:speciesAlias id="a42" species="s38">
<celldesigner:activity>inactive</celldesigner:activity>
<celldesigner:bounds h="47.0" w="72.0" x="52.0" y="293.0"/>
<celldesigner:singleLine width="1.0"/>
<celldesigner:paint color="ffccffcc" scheme="Color"/>
</celldesigner:speciesAlias>
<celldesigner:speciesAlias id="a43" species="s39">
<celldesigner:activity>inactive</celldesigner:activity>
<celldesigner:bounds h="32.0" w="119.0" x="576.0" y="497.0"/>
<celldesigner:singleLine width="1.0"/>
<celldesigner:paint color="ffccffcc" scheme="Color"/>
</celldesigner:speciesAlias>
</celldesigner:listOfSpeciesAliases>
<celldesigner:listOfGroups/>
<celldesigner:listOfProteins>
<celldesigner:protein id="p1" name="N-acetylglutamate_br_synthase" type="GENERIC"/>
<celldesigner:protein id="p2" name="N-acetylglutamate_br_kinase" type="GENERIC"/>
<celldesigner:protein id="p5" name="N-actetylornithine_br_deacetylase" type="GENERIC"/>
<celldesigner:protein id="p6" name="Argininosuccinate_br_synthase" type="GENERIC"/>
<celldesigner:protein id="p7" name="argininosuccinate_br_lyase" type="GENERIC"/>
<celldesigner:protein id="p8" name="Carbamoyl_br_phosphate_br_synthase" type="GENERIC"/>
<celldesigner:protein id="p9" name="Ornithine carbamoyl_br_transferase" type="GENERIC"/>
<celldesigner:protein id="p3" name="N-acetylglutamylphosphate_br_reductase" type="GENERIC"/>
<celldesigner:protein id="p4" name="N-acetylornithine_br_aminotransferase" type="GENERIC"/>
</celldesigner:listOfProteins>
<celldesigner:listOfBlockDiagrams/>
</annotation>
<listOfCompartments>
<compartment id="default" size="1.0"/>
</listOfCompartments>
<listOfSpecies>
<species compartment="default" id="s1" initialAmount="0.0" name="glutamate">
<notes>
<html xmlns="http://www.w3.org/1999/xhtml">
<!--Notes by CellDesigner-->
<body>
Long Name:  glutamate
Synonym:  Synonym not specified
Accession:  S03372
</body>
</html>
</notes>
<annotation>
<celldesigner:positionToCompartment>inside</celldesigner:positionToCompartment>
<celldesigner:speciesIdentity>
<celldesigner:class>SIMPLE_MOLECULE</celldesigner:class>
<celldesigner:name>glutamate</celldesigner:name>
</celldesigner:speciesIdentity>
</annotation>
</species>
<species compartment="default" id="s2" initialAmount="0.0" name="N-acetylglutamate">
<notes>
<html xmlns="http://www.w3.org/1999/xhtml">
<!--Notes by CellDesigner-->
<body>
Long Name:  N-acetylglutamate
Synonym:  Synonym not specified
Accession:  S03379
</body>
</html>
</notes>
<annotation>
<celldesigner:positionToCompartment>inside</celldesigner:positionToCompartment>
<celldesigner:speciesIdentity>
<celldesigner:class>SIMPLE_MOLECULE</celldesigner:class>
<celldesigner:name>N-acetylglutamate</celldesigner:name>
</celldesigner:speciesIdentity>
</annotation>
</species>
<species compartment="default" id="s4" initialAmount="0.0" name="N-acetylglutamyl_br_semialdehyde">
<notes>
<html xmlns="http://www.w3.org/1999/xhtml">
<!--Notes by CellDesigner-->
<body>
Long Name:  N-acetylglutamyl semialdehyde
Synonym:  Synonym not specified
Accession:  S03363
</body>
</html>
</notes>
<annotation>
<celldesigner:positionToCompartment>inside</celldesigner:positionToCompartment>
<celldesigner:speciesIdentity>
<celldesigner:class>SIMPLE_MOLECULE</celldesigner:class>
<celldesigner:name>N-acetylglutamyl_br_semialdehyde</celldesigner:name>
</celldesigner:speciesIdentity>
</annotation>
</species>
<species compartment="default" id="s5" initialAmount="0.0" name="N-acetylornithine">
<notes>
<html xmlns="http://www.w3.org/1999/xhtml">
<!--Notes by CellDesigner-->
<body>
Long Name:  N-acetylornithine
Synonym:  Synonym not specified
Accession:  S03377
</body>
</html>
</notes>
<annotation>
<celldesigner:positionToCompartment>inside</celldesigner:positionToCompartment>
<celldesigner:speciesIdentity>
<celldesigner:class>SIMPLE_MOLECULE</celldesigner:class>
<celldesigner:name>N-acetylornithine</celldesigner:name>
</celldesigner:speciesIdentity>
</annotation>
</species>
<species compartment="default" id="s6" initialAmount="0.0" name="ornithine">
<notes>
<html xmlns="http://www.w3.org/1999/xhtml">
<!--Notes by CellDesigner-->
<body>
Long Name:  ornithine
Synonym:  Synonym not specified
Accession:  S03371
</body>
</html>
</notes>
<annotation>
<celldesigner:positionToCompartment>inside</celldesigner:positionToCompartment>
<celldesigner:speciesIdentity>
<celldesigner:class>SIMPLE_MOLECULE</celldesigner:class>
<celldesigner:name>ornithine</celldesigner:name>
</celldesigner:speciesIdentity>
</annotation>
</species>
<species compartment="default" id="s7" initialAmount="0.0" name="citrulline">
<notes>
<html xmlns="http://www.w3.org/1999/xhtml">
<!--Notes by CellDesigner-->
<body>
Long Name:  citrulline
Synonym:  Synonym not specified
Accession:  S03359
</body>
</html>
</notes>
<annotation>
<celldesigner:positionToCompartment>inside</celldesigner:positionToCompartment>
<celldesigner:speciesIdentity>
<celldesigner:class>SIMPLE_MOLECULE</celldesigner:class>
<celldesigner:name>citrulline</celldesigner:name>
</celldesigner:speciesIdentity>
</annotation>
</species>
<species compartment="default" id="s9" initialAmount="0.0" name="arginine">
<notes>
<html xmlns="http://www.w3.org/1999/xhtml">
<!--Notes by CellDesigner-->
<body>
Long Name:  arginine
Synonym:  Synonym not specified
Accession:  S03370
</body>
</html>
</notes>
<annotation>
<celldesigner:positionToCompartment>inside</celldesigner:positionToCompartment>
<celldesigner:speciesIdentity>
<celldesigner:class>SIMPLE_MOLECULE</celldesigner:class>
<celldesigner:name>arginine</celldesigner:name>
</celldesigner:speciesIdentity>
</annotation>
</species>
<species compartment="default" id="s10" initialAmount="0.0" name="Acetyl-CoA">
<notes>
<html xmlns="http://www.w3.org/1999/xhtml">
<!--Notes by CellDesigner-->
<body>
Long Name:  Acetyl-CoA
Synonym:  Synonym not specified
Accession:  S03353
</body>
</html>
</notes>
<annotation>
<celldesigner:positionToCompartment>inside</celldesigner:positionToCompartment>
<celldesigner:speciesIdentity>
<celldesigner:class>SIMPLE_MOLECULE</celldesigner:class>
<celldesigner:name>Acetyl-CoA</celldesigner:name>
</celldesigner:speciesIdentity>
</annotation>
</species>
<species compartment="default" id="s11" initialAmount="0.0" name="CoA">
<notes>
<html xmlns="http://www.w3.org/1999/xhtml">
<!--Notes by CellDesigner-->
<body>
Long Name:  CoA
Synonym:  Synonym not specified
Accession:  S03365
</body>
</html>
</notes>
<annotation>
<celldesigner:positionToCompartment>inside</celldesigner:positionToCompartment>
<celldesigner:speciesIdentity>
<celldesigner:class>SIMPLE_MOLECULE</celldesigner:class>
<celldesigner:name>CoA</celldesigner:name>
</celldesigner:speciesIdentity>
</annotation>
</species>
<species compartment="default" id="s12" initialAmount="0.0" name="ATP">
<notes>
<html xmlns="http://www.w3.org/1999/xhtml">
<!--Notes by CellDesigner-->
<body>
Long Name:  ATP
Synonym:  Synonym not specified
Accession:  S03362
</body>
</html>
</notes>
<annotation>
<celldesigner:positionToCompartment>inside</celldesigner:positionToCompartment>
<celldesigner:speciesIdentity>
<celldesigner:class>SIMPLE_MOLECULE</celldesigner:class>
<celldesigner:name>ATP</celldesigner:name>
</celldesigner:speciesIdentity>
</annotation>
</species>
<species compartment="default" id="s13" initialAmount="0.0" name="ADP">
<notes>
<html xmlns="http://www.w3.org/1999/xhtml">
<!--Notes by CellDesigner-->
<body>
Long Name:  ADP
Synonym:  Synonym not specified
Accession:  S03366
</body>
</html>
</notes>
<annotation>
<celldesigner:positionToCompartment>inside</celldesigner:positionToCompartment>
<celldesigner:speciesIdentity>
<celldesigner:class>SIMPLE_MOLECULE</celldesigner:class>
<celldesigner:name>ADP</celldesigner:name>
</celldesigner:speciesIdentity>
</annotation>
</species>
<species compartment="default" id="s14" initialAmount="0.0" name="NADPH">
<notes>
<html xmlns="http://www.w3.org/1999/xhtml">
<!--Notes by CellDesigner-->
<body>
Long Name:  NADPH
Synonym:  Synonym not specified
Accession:  S03373
</body>
</html>
</notes>
<annotation>
<celldesigner:positionToCompartment>inside</celldesigner:positionToCompartment>
<celldesigner:speciesIdentity>
<celldesigner:class>SIMPLE_MOLECULE</celldesigner:class>
<celldesigner:name>NADPH</celldesigner:name>
</celldesigner:speciesIdentity>
</annotation>
</species>
<species compartment="default" id="s15" initialAmount="0.0" name="NADP">
<notes>
<html xmlns="http://www.w3.org/1999/xhtml">
<!--Notes by CellDesigner-->
<body>
Long Name:  NADP
Synonym:  Synonym not specified
Accession:  S03360
</body>
</html>
</notes>
<annotation>
<celldesigner:positionToCompartment>inside</celldesigner:positionToCompartment>
<celldesigner:speciesIdentity>
<celldesigner:class>SIMPLE_MOLECULE</celldesigner:class>
<celldesigner:name>NADP</celldesigner:name>
</celldesigner:speciesIdentity>
</annotation>
</species>
<species compartment="default" id="s16" initialAmount="0.0" name="ketoglutarate">
<notes>
<html xmlns="http://www.w3.org/1999/xhtml">
<!--Notes by CellDesigner-->
<body>
Long Name:  ketoglutarate
Synonym:  Synonym not specified
Accession:  S03367
</body>
</html>
</notes>
<annotation>
<celldesigner:positionToCompartment>inside</celldesigner:positionToCompartment>
<celldesigner:speciesIdentity>
<celldesigner:class>SIMPLE_MOLECULE</celldesigner:class>
<celldesigner:name>ketoglutarate</celldesigner:name>
</celldesigner:speciesIdentity>
</annotation>
</species>
<species compartment="default" id="s17" initialAmount="0.0" name="H_sub_2_endsub_O">
<notes>
<html xmlns="http://www.w3.org/1999/xhtml">
<!--Notes by CellDesigner-->
<body>
Long Name:  H2O
Synonym:  Synonym not specified
Accession:  S03375
</body>
</html>
</notes>
<annotation>
<celldesigner:positionToCompartment>inside</celldesigner:positionToCompartment>
<celldesigner:speciesIdentity>
<celldesigner:class>SIMPLE_MOLECULE</celldesigner:class>
<celldesigner:name>H_sub_2_endsub_O</celldesigner:name>
</celldesigner:speciesIdentity>
</annotation>
</species>
<species compartment="default" id="s18" initialAmount="0.0" name="acetate">
<notes>
<html xmlns="http://www.w3.org/1999/xhtml">
<!--Notes by CellDesigner-->
<body>
Long Name:  acetate
Synonym:  Synonym not specified
Accession:  S03354
</body>
</html>
</notes>
<annotation>
<celldesigner:positionToCompartment>inside</celldesigner:positionToCompartment>
<celldesigner:speciesIdentity>
<celldesigner:class>SIMPLE_MOLECULE</celldesigner:class>
<celldesigner:name>acetate</celldesigner:name>
</celldesigner:speciesIdentity>
</annotation>
</species>
<species compartment="default" id="s19" initialAmount="0.0" name="aspartate">
<notes>
<html xmlns="http://www.w3.org/1999/xhtml">
<!--Notes by CellDesigner-->
<body>
Long Name:  aspartate
Synonym:  Synonym not specified
Accession:  S03358
</body>
</html>
</notes>
<annotation>
<celldesigner:positionToCompartment>inside</celldesigner:positionToCompartment>
<celldesigner:speciesIdentity>
<celldesigner:class>SIMPLE_MOLECULE</celldesigner:class>
<celldesigner:name>aspartate</celldesigner:name>
</celldesigner:speciesIdentity>
</annotation>
</species>
<species compartment="default" id="s20" initialAmount="0.0" name="AMP">
<notes>
<html xmlns="http://www.w3.org/1999/xhtml">
<!--Notes by CellDesigner-->
<body>
Long Name:  AMP
Synonym:  Synonym not specified
Accession:  S03369
</body>
</html>
</notes>
<annotation>
<celldesigner:positionToCompartment>inside</celldesigner:positionToCompartment>
<celldesigner:speciesIdentity>
<celldesigner:class>SIMPLE_MOLECULE</celldesigner:class>
<celldesigner:name>AMP</celldesigner:name>
</celldesigner:speciesIdentity>
</annotation>
</species>
<species compartment="default" id="s21" initialAmount="0.0" name="PP_sub_i">
<notes>
<html xmlns="http://www.w3.org/1999/xhtml">
<!--Notes by CellDesigner-->
<body>
Long Name:  PPi
Synonym:  Synonym not specified
Accession:  S03376
</body>
</html>
</notes>
<annotation>
<celldesigner:positionToCompartment>inside</celldesigner:positionToCompartment>
<celldesigner:speciesIdentity>
<celldesigner:class>SIMPLE_MOLECULE</celldesigner:class>
<celldesigner:name>PP_sub_i</celldesigner:name>
</celldesigner:speciesIdentity>
</annotation>
</species>
<species compartment="default" id="s22" initialAmount="0.0" name="fumarate">
<notes>
<html xmlns="http://www.w3.org/1999/xhtml">
<!--Notes by CellDesigner-->
<body>
Long Name:  fumarate
Synonym:  Synonym not specified
Accession:  S03378
</body>
</html>
</notes>
<annotation>
<celldesigner:positionToCompartment>inside</celldesigner:positionToCompartment>
<celldesigner:speciesIdentity>
<celldesigner:class>SIMPLE_MOLECULE</celldesigner:class>
<celldesigner:name>fumarate</celldesigner:name>
</celldesigner:speciesIdentity>
</annotation>
</species>
<species compartment="default" id="s23" initialAmount="0.0" name="carbamoyl_br_phosphate">
<notes>
<html xmlns="http://www.w3.org/1999/xhtml">
<!--Notes by CellDesigner-->
<body>
Long Name:  carbamoyl phosphate
Synonym:  Synonym not specified
Accession:  S03357
</body>
</html>
</notes>
<annotation>
<celldesigner:positionToCompartment>inside</celldesigner:positionToCompartment>
<celldesigner:speciesIdentity>
<celldesigner:class>SIMPLE_MOLECULE</celldesigner:class>
<celldesigner:name>carbamoyl_br_phosphate</celldesigner:name>
</celldesigner:speciesIdentity>
</annotation>
</species>
<species compartment="default" id="s24" initialAmount="0.0" name="2  ATP">
<notes>
<html xmlns="http://www.w3.org/1999/xhtml">
<!--Notes by CellDesigner-->
<body>
Long Name:  2  ATP
Synonym:  Synonym not specified
Accession:  S03368
</body>
</html>
</notes>
<annotation>
<celldesigner:positionToCompartment>inside</celldesigner:positionToCompartment>
<celldesigner:speciesIdentity>
<celldesigner:class>SIMPLE_MOLECULE</celldesigner:class>
<celldesigner:name>2  ATP</celldesigner:name>
</celldesigner:speciesIdentity>
</annotation>
</species>
<species compartment="default" id="s25" initialAmount="0.0" name="2 ADP">
<notes>
<html xmlns="http://www.w3.org/1999/xhtml">
<!--Notes by CellDesigner-->
<body>
Long Name:  2 ADP
Synonym:  Synonym not specified
Accession:  S03355
</body>
</html>
</notes>
<annotation>
<celldesigner:positionToCompartment>inside</celldesigner:positionToCompartment>
<celldesigner:speciesIdentity>
<celldesigner:class>SIMPLE_MOLECULE</celldesigner:class>
<celldesigner:name>2 ADP</celldesigner:name>
</celldesigner:speciesIdentity>
</annotation>
</species>
<species compartment="default" id="s26" initialAmount="0.0" name="glutamine">
<notes>
<html xmlns="http://www.w3.org/1999/xhtml">
<!--Notes by CellDesigner-->
<body>
Long Name:  glutamine
Synonym:  Synonym not specified
Accession:  S03374
</body>
</html>
</notes>
<annotation>
<celldesigner:positionToCompartment>inside</celldesigner:positionToCompartment>
<celldesigner:speciesIdentity>
<celldesigner:class>SIMPLE_MOLECULE</celldesigner:class>
<celldesigner:name>glutamine</celldesigner:name>
</celldesigner:speciesIdentity>
</annotation>
</species>
<species compartment="default" id="s29" initialAmount="0.0" name="PO_sub_4">
<notes>
<html xmlns="http://www.w3.org/1999/xhtml">
<!--Notes by CellDesigner-->
<body>
Long Name:  PO4
Synonym:  Synonym not specified
Accession:  S03364
</body>
</html>
</notes>
<annotation>
<celldesigner:positionToCompartment>inside</celldesigner:positionToCompartment>
<celldesigner:speciesIdentity>
<celldesigner:class>SIMPLE_MOLECULE</celldesigner:class>
<celldesigner:name>PO_sub_4</celldesigner:name>
</celldesigner:speciesIdentity>
</annotation>
</species>
<species compartment="default" id="s30" initialAmount="0.0" name="HCO_sub_3">
<notes>
<html xmlns="http://www.w3.org/1999/xhtml">
<!--Notes by CellDesigner-->
<body>
Long Name:  HCO3
Synonym:  Synonym not specified
Accession:  S03352
</body>
</html>
</notes>
<annotation>
<celldesigner:positionToCompartment>inside</celldesigner:positionToCompartment>
<celldesigner:speciesIdentity>
<celldesigner:class>SIMPLE_MOLECULE</celldesigner:class>
<celldesigner:name>HCO_sub_3</celldesigner:name>
</celldesigner:speciesIdentity>
</annotation>
</species>
<species compartment="default" id="s31" initialAmount="0.0" name="N-acetylglutamate_br_synthase">
<notes>
<html xmlns="http://www.w3.org/1999/xhtml">
<!--Notes by CellDesigner-->
<body>
Long Name:  N-acetylglutamate synthase
Synonym:  Synonym not specified
Accession:  P02848
</body>
</html>
</notes>
<annotation>
<celldesigner:positionToCompartment>inside</celldesigner:positionToCompartment>
<celldesigner:speciesIdentity>
<celldesigner:class>PROTEIN</celldesigner:class>
<celldesigner:proteinReference>p1</celldesigner:proteinReference>
</celldesigner:speciesIdentity>
<celldesigner:listOfCatalyzedReactions>
<celldesigner:catalyzed reaction="r1"/>
</celldesigner:listOfCatalyzedReactions>
</annotation>
</species>
<species compartment="default" id="s32" initialAmount="0.0" name="N-acetylglutamate_br_kinase">
<notes>
<html xmlns="http://www.w3.org/1999/xhtml">
<!--Notes by CellDesigner-->
<body>
Long Name:  N-acetylglutamate kinase
Synonym:  Synonym not specified
Accession:  P02843
</body>
</html>
</notes>
<annotation>
<celldesigner:positionToCompartment>inside</celldesigner:positionToCompartment>
<celldesigner:speciesIdentity>
<celldesigner:class>PROTEIN</celldesigner:class>
<celldesigner:proteinReference>p2</celldesigner:proteinReference>
</celldesigner:speciesIdentity>
<celldesigner:listOfCatalyzedReactions>
<celldesigner:catalyzed reaction="r2"/>
</celldesigner:listOfCatalyzedReactions>
</annotation>
</species>
<species compartment="default" id="s35" initialAmount="0.0" name="N-actetylornithine_br_deacetylase">
<notes>
<html xmlns="http://www.w3.org/1999/xhtml">
<!--Notes by CellDesigner-->
<body>
Long Name:  N-acetylornithine deacetylase
Synonym:  Synonym not specified
Accession:  P02847
</body>
</html>
</notes>
<annotation>
<celldesigner:positionToCompartment>inside</celldesigner:positionToCompartment>
<celldesigner:speciesIdentity>
<celldesigner:class>PROTEIN</celldesigner:class>
<celldesigner:proteinReference>p5</celldesigner:proteinReference>
</celldesigner:speciesIdentity>
<celldesigner:listOfCatalyzedReactions>
<celldesigner:catalyzed reaction="r5"/>
</celldesigner:listOfCatalyzedReactions>
</annotation>
</species>
<species compartment="default" id="s36" initialAmount="0.0" name="Argininosuccinate_br_synthase">
<notes>
<html xmlns="http://www.w3.org/1999/xhtml">
<!--Notes by CellDesigner-->
<body>
Long Name:  Argininosuccinate synthase
Synonym:  Synonym not specified
Accession:  P02840
</body>
</html>
</notes>
<annotation>
<celldesigner:positionToCompartment>inside</celldesigner:positionToCompartment>
<celldesigner:speciesIdentity>
<celldesigner:class>PROTEIN</celldesigner:class>
<celldesigner:proteinReference>p6</celldesigner:proteinReference>
</celldesigner:speciesIdentity>
<celldesigner:listOfCatalyzedReactions>
<celldesigner:catalyzed reaction="r7"/>
</celldesigner:listOfCatalyzedReactions>
</annotation>
</species>
<species compartment="default" id="s37" initialAmount="0.0" name="argininosuccinate_br_lyase">
<notes>
<html xmlns="http://www.w3.org/1999/xhtml">
<!--Notes by CellDesigner-->
<body>
Long Name:  argininosuccinate lyase
Synonym:  Synonym not specified
Accession:  P02841
</body>
</html>
</notes>
<annotation>
<celldesigner:positionToCompartment>inside</celldesigner:positionToCompartment>
<celldesigner:speciesIdentity>
<celldesigner:class>PROTEIN</celldesigner:class>
<celldesigner:proteinReference>p7</celldesigner:proteinReference>
</celldesigner:speciesIdentity>
<celldesigner:listOfCatalyzedReactions>
<celldesigner:catalyzed reaction="r8"/>
</celldesigner:listOfCatalyzedReactions>
</annotation>
</species>
<species compartment="default" id="s38" initialAmount="0.0" name="Carbamoyl_br_phosphate_br_synthase">
<notes>
<html xmlns="http://www.w3.org/1999/xhtml">
<!--Notes by CellDesigner-->
<body>
Long Name:  Carbamoyl phosphate synthase
Synonym:  Synonym not specified
Accession:  P02845
</body>
</html>
</notes>
<annotation>
<celldesigner:positionToCompartment>inside</celldesigner:positionToCompartment>
<celldesigner:speciesIdentity>
<celldesigner:class>PROTEIN</celldesigner:class>
<celldesigner:proteinReference>p8</celldesigner:proteinReference>
</celldesigner:speciesIdentity>
<celldesigner:listOfCatalyzedReactions>
<celldesigner:catalyzed reaction="r10"/>
</celldesigner:listOfCatalyzedReactions>
</annotation>
</species>
<species compartment="default" id="s39" initialAmount="0.0" name="Ornithine carbamoyl_br_transferase">
<notes>
<html xmlns="http://www.w3.org/1999/xhtml">
<!--Notes by CellDesigner-->
<body>
Long Name:  Ornithine carbamoyl transferase
Synonym:  Synonym not specified
Accession:  P02846
</body>
</html>
</notes>
<annotation>
<celldesigner:positionToCompartment>inside</celldesigner:positionToCompartment>
<celldesigner:speciesIdentity>
<celldesigner:class>PROTEIN</celldesigner:class>
<celldesigner:proteinReference>p9</celldesigner:proteinReference>
</celldesigner:speciesIdentity>
<celldesigner:listOfCatalyzedReactions>
<celldesigner:catalyzed reaction="r6"/>
</celldesigner:listOfCatalyzedReactions>
</annotation>
</species>
<species compartment="default" id="s3" initialAmount="0.0" name="N-acetylglutamyl_br_phosphate">
<notes>
<html xmlns="http://www.w3.org/1999/xhtml">
<!--Notes by CellDesigner-->
<body>
Long Name:  N-acetylglutamatyl phosphate
Synonym:  Synonym not specified
Accession:  S03361
</body>
</html>
</notes>
<annotation>
<celldesigner:positionToCompartment>inside</celldesigner:positionToCompartment>
<celldesigner:speciesIdentity>
<celldesigner:class>SIMPLE_MOLECULE</celldesigner:class>
<celldesigner:name>N-acetylglutamyl_br_phosphate</celldesigner:name>
</celldesigner:speciesIdentity>
</annotation>
</species>
<species compartment="default" id="s33" initialAmount="0.0" name="N-acetylglutamaylphosphate_br_reductase">
<notes>
<html xmlns="http://www.w3.org/1999/xhtml">
<!--Notes by CellDesigner-->
<body>
Long Name:  N-acetylglutamylphosphate reductase
Synonym:  Synonym not specified
Accession:  P02844
</body>
</html>
</notes>
<annotation>
<celldesigner:positionToCompartment>inside</celldesigner:positionToCompartment>
<celldesigner:speciesIdentity>
<celldesigner:class>PROTEIN</celldesigner:class>
<celldesigner:proteinReference>p3</celldesigner:proteinReference>
</celldesigner:speciesIdentity>
<celldesigner:listOfCatalyzedReactions>
<celldesigner:catalyzed reaction="r3"/>
</celldesigner:listOfCatalyzedReactions>
</annotation>
</species>
<species compartment="default" id="s34" initialAmount="0.0" name="N-acetylorninithine_br_aminotransferase">
<notes>
<html xmlns="http://www.w3.org/1999/xhtml">
<!--Notes by CellDesigner-->
<body>
Long Name:  N-acetylornithine aminotransferase
Synonym:  Synonym not specified
Accession:  P02842
</body>
</html>
</notes>
<annotation>
<celldesigner:positionToCompartment>inside</celldesigner:positionToCompartment>
<celldesigner:speciesIdentity>
<celldesigner:class>PROTEIN</celldesigner:class>
<celldesigner:proteinReference>p4</celldesigner:proteinReference>
</celldesigner:speciesIdentity>
<celldesigner:listOfCatalyzedReactions>
<celldesigner:catalyzed reaction="r4"/>
</celldesigner:listOfCatalyzedReactions>
</annotation>
</species>
<species compartment="default" id="s8" initialAmount="0.0" name="argininosuccinate">
<notes>
<html xmlns="http://www.w3.org/1999/xhtml">
<!--Notes by CellDesigner-->
<body>
Long Name:  arginosuccinate
Synonym:  Synonym not specified
Accession:  S03356
</body>
</html>
</notes>
<annotation>
<celldesigner:positionToCompartment>inside</celldesigner:positionToCompartment>
<celldesigner:speciesIdentity>
<celldesigner:class>SIMPLE_MOLECULE</celldesigner:class>
<celldesigner:name>argininosuccinate</celldesigner:name>
</celldesigner:speciesIdentity>
</annotation>
</species>
</listOfSpecies>
<listOfReactions>
<reaction id="r1" reversible="false">
<annotation>
<celldesigner:reactionType>STATE_TRANSITION</celldesigner:reactionType>
<celldesigner:baseReactants>s1</celldesigner:baseReactants>
<celldesigner:baseProducts>s2</celldesigner:baseProducts>
<celldesigner:listOfReactantLinks>
<celldesigner:reactantLink alias="a10" reactant="s10" targetLineIndex="-1,1"/>
</celldesigner:listOfReactantLinks>
<celldesigner:listOfProductLinks>
<celldesigner:productLink alias="a11" product="s11" targetLineIndex="-1,1"/>
</celldesigner:listOfProductLinks>
<celldesigner:editPoints>0.33333333333333326,0.0 0.6666666666666666,8.881784197001252E-16</celldesigner:editPoints>
<celldesigner:listOfModification>
<celldesigner:modification aliases="a35" editPoints="0.33333333333333304,1.1102230246251565E-16 0.6666666666666665,-1.1102230246251565E-16" modifiers="s31" targetLineIndex="-1,1" type="CATALYSIS"/>
</celldesigner:listOfModification>
</annotation>
<listOfReactants>
<speciesReference species="s1">
<annotation>
<celldesigner:alias>a1</celldesigner:alias>
</annotation>
</speciesReference>
<speciesReference species="s10">
<annotation>
<celldesigner:alias>a10</celldesigner:alias>
</annotation>
</speciesReference>
</listOfReactants>
<listOfProducts>
<speciesReference species="s2">
<annotation>
<celldesigner:alias>a2</celldesigner:alias>
</annotation>
</speciesReference>
<speciesReference species="s11">
<annotation>
<celldesigner:alias>a11</celldesigner:alias>
</annotation>
</speciesReference>
</listOfProducts>
<listOfModifiers>
<modifierSpeciesReference species="s31">
<annotation>
<celldesigner:alias>a35</celldesigner:alias>
</annotation>
</modifierSpeciesReference>
</listOfModifiers>
</reaction>
<reaction id="r2" reversible="false">
<annotation>
<celldesigner:reactionType>STATE_TRANSITION</celldesigner:reactionType>
<celldesigner:baseReactants>s2</celldesigner:baseReactants>
<celldesigner:baseProducts>s3</celldesigner:baseProducts>
<celldesigner:listOfReactantLinks>
<celldesigner:reactantLink alias="a12" reactant="s12" targetLineIndex="-1,0"/>
</celldesigner:listOfReactantLinks>
<celldesigner:listOfProductLinks>
<celldesigner:productLink alias="a13" product="s13" targetLineIndex="-1,1"/>
</celldesigner:listOfProductLinks>
<celldesigner:editPoints>0.33333333333333326,0.0 0.6666666666666667,0.0</celldesigner:editPoints>
<celldesigner:listOfModification>
<celldesigner:modification aliases="a36" editPoints="0.3333333333333339,1.1102230246251565E-16 0.666666666666667,2.7755575615628914E-16" modifiers="s32" targetLineIndex="-1,1" type="CATALYSIS"/>
</celldesigner:listOfModification>
</annotation>
<listOfReactants>
<speciesReference species="s2">
<annotation>
<celldesigner:alias>a2</celldesigner:alias>
</annotation>
</speciesReference>
<speciesReference species="s12">
<annotation>
<celldesigner:alias>a12</celldesigner:alias>
</annotation>
</speciesReference>
</listOfReactants>
<listOfProducts>
<speciesReference species="s3">
<annotation>
<celldesigner:alias>a3</celldesigner:alias>
</annotation>
</speciesReference>
<speciesReference species="s13">
<annotation>
<celldesigner:alias>a13</celldesigner:alias>
</annotation>
</speciesReference>
</listOfProducts>
<listOfModifiers>
<modifierSpeciesReference species="s32">
<annotation>
<celldesigner:alias>a36</celldesigner:alias>
</annotation>
</modifierSpeciesReference>
</listOfModifiers>
</reaction>
<reaction id="r3" reversible="false">
<annotation>
<celldesigner:reactionType>STATE_TRANSITION</celldesigner:reactionType>
<celldesigner:baseReactants>s3</celldesigner:baseReactants>
<celldesigner:baseProducts>s4</celldesigner:baseProducts>
<celldesigner:listOfReactantLinks>
<celldesigner:reactantLink alias="a14" reactant="s14" targetLineIndex="-1,1"/>
</celldesigner:listOfReactantLinks>
<celldesigner:listOfProductLinks>
<celldesigner:productLink alias="a15" product="s15" targetLineIndex="-1,1"/>
</celldesigner:listOfProductLinks>
<celldesigner:editPoints>0.3333333333333328,8.881784197001252E-16 0.6666666666666667,8.881784197001252E-16</celldesigner:editPoints>
<celldesigner:listOfModification>
<celldesigner:modification aliases="a37" editPoints="0.33333333333333304,5.551115123125783E-17 0.6666666666666661,1.1102230246251565E-16" modifiers="s33" targetLineIndex="-1,1" type="CATALYSIS"/>
</celldesigner:listOfModification>
</annotation>
<listOfReactants>
<speciesReference species="s3">
<annotation>
<celldesigner:alias>a3</celldesigner:alias>
</annotation>
</speciesReference>
<speciesReference species="s14">
<annotation>
<celldesigner:alias>a14</celldesigner:alias>
</annotation>
</speciesReference>
</listOfReactants>
<listOfProducts>
<speciesReference species="s4">
<annotation>
<celldesigner:alias>a4</celldesigner:alias>
</annotation>
</speciesReference>
<speciesReference species="s15">
<annotation>
<celldesigner:alias>a15</celldesigner:alias>
</annotation>
</speciesReference>
</listOfProducts>
<listOfModifiers>
<modifierSpeciesReference species="s33">
<annotation>
<celldesigner:alias>a37</celldesigner:alias>
</annotation>
</modifierSpeciesReference>
</listOfModifiers>
</reaction>
<reaction id="r4" reversible="false">
<annotation>
<celldesigner:reactionType>STATE_TRANSITION</celldesigner:reactionType>
<celldesigner:baseReactants>s4</celldesigner:baseReactants>
<celldesigner:baseProducts>s5</celldesigner:baseProducts>
<celldesigner:listOfReactantLinks>
<celldesigner:reactantLink alias="a16" reactant="s1" targetLineIndex="-1,0"/>
</celldesigner:listOfReactantLinks>
<celldesigner:listOfProductLinks>
<celldesigner:productLink alias="a17" product="s16" targetLineIndex="-1,1"/>
</celldesigner:listOfProductLinks>
<celldesigner:editPoints>0.3333333333333335,0.0 0.6666666666666665,0.0</celldesigner:editPoints>
<celldesigner:listOfModification>
<celldesigner:modification aliases="a38" editPoints="0.3333333333333335,4.440892098500626E-16 0.6666666666666674,8.881784197001252E-16" modifiers="s34" targetLineIndex="-1,1" type="CATALYSIS"/>
</celldesigner:listOfModification>
</annotation>
<listOfReactants>
<speciesReference species="s4">
<annotation>
<celldesigner:alias>a4</celldesigner:alias>
</annotation>
</speciesReference>
<speciesReference species="s1">
<annotation>
<celldesigner:alias>a16</celldesigner:alias>
</annotation>
</speciesReference>
</listOfReactants>
<listOfProducts>
<speciesReference species="s5">
<annotation>
<celldesigner:alias>a5</celldesigner:alias>
</annotation>
</speciesReference>
<speciesReference species="s16">
<annotation>
<celldesigner:alias>a17</celldesigner:alias>
</annotation>
</speciesReference>
</listOfProducts>
<listOfModifiers>
<modifierSpeciesReference species="s34">
<annotation>
<celldesigner:alias>a38</celldesigner:alias>
</annotation>
</modifierSpeciesReference>
</listOfModifiers>
</reaction>
<reaction id="r5" reversible="false">
<annotation>
<celldesigner:reactionType>STATE_TRANSITION</celldesigner:reactionType>
<celldesigner:baseReactants>s5</celldesigner:baseReactants>
<celldesigner:baseProducts>s6</celldesigner:baseProducts>
<celldesigner:listOfReactantLinks>
<celldesigner:reactantLink alias="a18" reactant="s17" targetLineIndex="-1,0"/>
</celldesigner:listOfReactantLinks>
<celldesigner:listOfProductLinks>
<celldesigner:productLink alias="a19" product="s18" targetLineIndex="-1,1"/>
</celldesigner:listOfProductLinks>
<celldesigner:editPoints>0.3333333333333339,8.881784197001252E-16 0.6666666666666679,0.0</celldesigner:editPoints>
<celldesigner:listOfModification>
<celldesigner:modification aliases="a39" editPoints="0.33333333333333304,1.3322676295501878E-15 0.6666666666666665,2.220446049250313E-15" modifiers="s35" targetLineIndex="-1,1" type="CATALYSIS"/>
</celldesigner:listOfModification>
</annotation>
<listOfReactants>
<speciesReference species="s5">
<annotation>
<celldesigner:alias>a5</celldesigner:alias>
</annotation>
</speciesReference>
<speciesReference species="s17">
<annotation>
<celldesigner:alias>a18</celldesigner:alias>
</annotation>
</speciesReference>
</listOfReactants>
<listOfProducts>
<speciesReference species="s6">
<annotation>
<celldesigner:alias>a6</celldesigner:alias>
</annotation>
</speciesReference>
<speciesReference species="s18">
<annotation>
<celldesigner:alias>a19</celldesigner:alias>
</annotation>
</speciesReference>
</listOfProducts>
<listOfModifiers>
<modifierSpeciesReference species="s35">
<annotation>
<celldesigner:alias>a39</celldesigner:alias>
</annotation>
</modifierSpeciesReference>
</listOfModifiers>
</reaction>
<reaction id="r6" reversible="false">
<annotation>
<celldesigner:reactionType>STATE_TRANSITION</celldesigner:reactionType>
<celldesigner:baseReactants>s6</celldesigner:baseReactants>
<celldesigner:baseProducts>s7</celldesigner:baseProducts>
<celldesigner:listOfReactantLinks>
<celldesigner:reactantLink alias="a25" reactant="s23" targetLineIndex="-1,0"/>
</celldesigner:listOfReactantLinks>
<celldesigner:offset x="-1.0" y="-2.0"/>
<celldesigner:editPoints>0.3333333333333339,-8.881784197001252E-16 0.666666666666667,0.0</celldesigner:editPoints>
<celldesigner:listOfModification>
<celldesigner:modification aliases="a43" editPoints="0.33333333333333304,-4.440892098500626E-16 0.666666666666667,-4.440892098500626E-16" modifiers="s39" targetLineIndex="-1,1" type="CATALYSIS"/>
</celldesigner:listOfModification>
</annotation>
<listOfReactants>
<speciesReference species="s6">
<annotation>
<celldesigner:alias>a6</celldesigner:alias>
</annotation>
</speciesReference>
<speciesReference species="s23">
<annotation>
<celldesigner:alias>a25</celldesigner:alias>
</annotation>
</speciesReference>
</listOfReactants>
<listOfProducts>
<speciesReference species="s7">
<annotation>
<celldesigner:alias>a7</celldesigner:alias>
</annotation>
</speciesReference>
</listOfProducts>
<listOfModifiers>
<modifierSpeciesReference species="s39">
<annotation>
<celldesigner:alias>a43</celldesigner:alias>
</annotation>
</modifierSpeciesReference>
</listOfModifiers>
</reaction>
<reaction id="r7" reversible="false">
<annotation>
<celldesigner:reactionType>STATE_TRANSITION</celldesigner:reactionType>
<celldesigner:baseReactants>s7</celldesigner:baseReactants>
<celldesigner:baseProducts>s8</celldesigner:baseProducts>
<celldesigner:listOfReactantLinks>
<celldesigner:reactantLink alias="a20" reactant="s12" targetLineIndex="-1,0"/>
<celldesigner:reactantLink alias="a21" reactant="s19" targetLineIndex="-1,0"/>
</celldesigner:listOfReactantLinks>
<celldesigner:listOfProductLinks>
<celldesigner:productLink alias="a22" product="s20" targetLineIndex="-1,1"/>
<celldesigner:productLink alias="a23" product="s21" targetLineIndex="-1,2"/>
</celldesigner:listOfProductLinks>
<celldesigner:editPoints>0.33333333333333215,8.881784197001252E-16 0.6666666666666661,0.0</celldesigner:editPoints>
<celldesigner:listOfModification>
<celldesigner:modification aliases="a40" editPoints="0.33333333333333304,-4.440892098500626E-16 0.666666666666667,-4.440892098500626E-16" modifiers="s36" targetLineIndex="-1,1" type="CATALYSIS"/>
</celldesigner:listOfModification>
</annotation>
<listOfReactants>
<speciesReference species="s7">
<annotation>
<celldesigner:alias>a7</celldesigner:alias>
</annotation>
</speciesReference>
<speciesReference species="s12">
<annotation>
<celldesigner:alias>a20</celldesigner:alias>
</annotation>
</speciesReference>
<speciesReference species="s19">
<annotation>
<celldesigner:alias>a21</celldesigner:alias>
</annotation>
</speciesReference>
</listOfReactants>
<listOfProducts>
<speciesReference species="s8">
<annotation>
<celldesigner:alias>a8</celldesigner:alias>
</annotation>
</speciesReference>
<speciesReference species="s20">
<annotation>
<celldesigner:alias>a22</celldesigner:alias>
</annotation>
</speciesReference>
<speciesReference species="s21">
<annotation>
<celldesigner:alias>a23</celldesigner:alias>
</annotation>
</speciesReference>
</listOfProducts>
<listOfModifiers>
<modifierSpeciesReference species="s36">
<annotation>
<celldesigner:alias>a40</celldesigner:alias>
</annotation>
</modifierSpeciesReference>
</listOfModifiers>
</reaction>
<reaction id="r8" reversible="false">
<annotation>
<celldesigner:reactionType>STATE_TRANSITION</celldesigner:reactionType>
<celldesigner:baseReactants>s8</celldesigner:baseReactants>
<celldesigner:baseProducts>s9</celldesigner:baseProducts>
<celldesigner:listOfProductLinks>
<celldesigner:productLink alias="a24" product="s22" targetLineIndex="-1,0"/>
</celldesigner:listOfProductLinks>
<celldesigner:offset x="-4.0" y="2.0"/>
<celldesigner:editPoints>0.3333333333333339,-1.7763568394002505E-15 0.6666666666666679,-8.881784197001252E-16</celldesigner:editPoints>
<celldesigner:listOfModification>
<celldesigner:modification aliases="a41" editPoints="0.33333333333333304,0.0 0.666666666666667,0.0" modifiers="s37" targetLineIndex="-1,1" type="CATALYSIS"/>
</celldesigner:listOfModification>
</annotation>
<listOfReactants>
<speciesReference species="s8">
<annotation>
<celldesigner:alias>a8</celldesigner:alias>
</annotation>
</speciesReference>
</listOfReactants>
<listOfProducts>
<speciesReference species="s9">
<annotation>
<celldesigner:alias>a9</celldesigner:alias>
</annotation>
</speciesReference>
<speciesReference species="s22">
<annotation>
<celldesigner:alias>a24</celldesigner:alias>
</annotation>
</speciesReference>
</listOfProducts>
<listOfModifiers>
<modifierSpeciesReference species="s37">
<annotation>
<celldesigner:alias>a41</celldesigner:alias>
</annotation>
</modifierSpeciesReference>
</listOfModifiers>
</reaction>
<reaction id="r10" reversible="false">
<annotation>
<celldesigner:reactionType>STATE_TRANSITION</celldesigner:reactionType>
<celldesigner:baseReactants>s30</celldesigner:baseReactants>
<celldesigner:baseProducts>s23</celldesigner:baseProducts>
<celldesigner:listOfReactantLinks>
<celldesigner:reactantLink alias="a26" reactant="s24" targetLineIndex="-1,0"/>
<celldesigner:reactantLink alias="a28" reactant="s26" targetLineIndex="-1,0"/>
<celldesigner:reactantLink alias="a31" reactant="s17" targetLineIndex="-1,0"/>
</celldesigner:listOfReactantLinks>
<celldesigner:listOfProductLinks>
<celldesigner:productLink alias="a27" product="s25" targetLineIndex="-1,1"/>
<celldesigner:productLink alias="a29" product="s1" targetLineIndex="-1,1"/>
<celldesigner:productLink alias="a33" product="s29" targetLineIndex="-1,2"/>
</celldesigner:listOfProductLinks>
<celldesigner:editPoints>0.33333333333333304,-2.220446049250313E-16 0.6666666666666663,-2.220446049250313E-16</celldesigner:editPoints>
<celldesigner:listOfModification>
<celldesigner:modification aliases="a42" editPoints="0.33333333333333326,0.0 0.6666666666666667,-8.881784197001252E-16" modifiers="s38" targetLineIndex="-1,1" type="CATALYSIS"/>
</celldesigner:listOfModification>
</annotation>
<listOfReactants>
<speciesReference species="s30">
<annotation>
<celldesigner:alias>a34</celldesigner:alias>
</annotation>
</speciesReference>
<speciesReference species="s24">
<annotation>
<celldesigner:alias>a26</celldesigner:alias>
</annotation>
</speciesReference>
<speciesReference species="s26">
<annotation>
<celldesigner:alias>a28</celldesigner:alias>
</annotation>
</speciesReference>
<speciesReference species="s17">
<annotation>
<celldesigner:alias>a31</celldesigner:alias>
</annotation>
</speciesReference>
</listOfReactants>
<listOfProducts>
<speciesReference species="s23">
<annotation>
<celldesigner:alias>a25</celldesigner:alias>
</annotation>
</speciesReference>
<speciesReference species="s25">
<annotation>
<celldesigner:alias>a27</celldesigner:alias>
</annotation>
</speciesReference>
<speciesReference species="s1">
<annotation>
<celldesigner:alias>a29</celldesigner:alias>
</annotation>
</speciesReference>
<speciesReference species="s29">
<annotation>
<celldesigner:alias>a33</celldesigner:alias>
</annotation>
</speciesReference>
</listOfProducts>
<listOfModifiers>
<modifierSpeciesReference species="s38">
<annotation>
<celldesigner:alias>a42</celldesigner:alias>
</annotation>
</modifierSpeciesReference>
</listOfModifiers>
</reaction>
</listOfReactions>
</model>
</sbml>
