<?xml version="1.0" encoding="UTF-8"?>
<!-- Terms and Conditions -->
<!-- 
Copyright (C)) 2005 Applied Biosystems.  
This file may be copied and redistributed freely, without advance permission, 
provided that this Copyright statement is reproduced with each copy.  
 
LIMITATION OF WARRANTY 
NOTHING IN THIS AGREEMENT WILL BE CONSTRUED AS A REPRESENTATION MADE OR 
WARRANTY GIVEN BY APPLIED BIOSYSTEMS OR ANY THIRD PARTY THAT THE USE OF 
DATA PROVIDED HEREUNDER WILL NOT INFRINGE ANY PATENT, COPYRIGHT, TRADEMARK 
OR OTHER RIGHTS OF ANY THIRD PARTY. DATA IS PROVIDED "AS IS" WITHOUT 
WARRANTY OF ANY KIND WHATSOEVER, EXPRESS OR IMPLIED, INCLUDING IMPLIED 
WARRANTIES OF MERCHANTABILITY OR FITNESS FOR A PARTICULAR PURPOSE. APPLIED 
BIOSYSTEMS MAKES NO WARRANTY THAT ITS DATA DOES NOT CONTAIN ERRORS.
-->

<!-- Created by SBML API 2.0(a17.0) -->
<sbml level="2" version="1" xmlns="http://www.sbml.org/sbml/level2" xmlns:celldesigner="http://www.sbml.org/2001/ns/celldesigner">
<model id="ATP_space_synthesis">
<notes>
<html xmlns="http://www.w3.org/1999/xhtml">
<!--Notes by CellDesigner-->
<body>
ATP Synthesis (Oxidative Phosphorylation): 
=================================
The process responsible for the for mation of ATP from ADP and phosphate 
in the mitochondria is known as oxidative phosphorylation to distinguish it 
from the sustrate-level phosphorylation in the glycolytic pathway that can 
take place in the absence of oxygen.  The enrgy required for ATP synthesis 
in the mitochondria is released by the removal of pairs of hydrogens from 
a range of substrates including pyruvate, glutamate, and intermediates in the 
TCA cycle and in the beta-oxidation pathway for fatty acids.  These substrate 
oxidations are coupled to the reduction of the coenzymes NAD+ or FAD 
in the mitochondrial matrix.  The reduced forms of these coenzymes are reoxidized by 
molecular oxygen using a series of electron carriers on the inner membrane is 
known as the respiratory chain.

References:
==========
1. Human Metabolism by Ramsey Bronk
2. Biochemiscal Pathways - An Atlas of Biochemistry and Molecular 
Biology Edited by Gerhard Michal. 
3. Color Atlas of Biochemistry by Jan Koolman and Klaus-Heinrich Rohm.
</body>
</html>
</notes>
<annotation>
<celldesigner:modelVersion>2.3</celldesigner:modelVersion>
<celldesigner:modelDisplay sizeX="1200" sizeY="400"/>
<celldesigner:listOfCompartmentAliases>
<celldesigner:compartmentAlias compartment="c6" id="ca6">
<celldesigner:class>SQUARE_CLOSEUP_NORTH</celldesigner:class>
<celldesigner:point x="611.0" y="233.0"/>
<celldesigner:doubleLine innerWidth="1.0" outerWidth="2.0" thickness="12.0"/>
<celldesigner:paint color="ffcccc00" scheme="Color"/>
</celldesigner:compartmentAlias>
<celldesigner:compartmentAlias compartment="c8" id="ca8">
<celldesigner:class>SQUARE_CLOSEUP_SOUTH</celldesigner:class>
<celldesigner:point x="667.0" y="182.0"/>
<celldesigner:doubleLine innerWidth="1.0" outerWidth="2.0" thickness="12.0"/>
<celldesigner:paint color="ffcccc00" scheme="Color"/>
</celldesigner:compartmentAlias>
</celldesigner:listOfCompartmentAliases>
<celldesigner:listOfSpeciesAliases>
<celldesigner:speciesAlias compartmentAlias="ca6" id="a214" species="s179">
<celldesigner:activity>inactive</celldesigner:activity>
<celldesigner:bounds h="24.0" w="84.0" x="651.0" y="257.0"/>
<celldesigner:singleLine width="1.0"/>
<celldesigner:paint color="ffccff66" scheme="Color"/>
</celldesigner:speciesAlias>
<celldesigner:speciesAlias compartmentAlias="ca8" id="a236" species="s219">
<celldesigner:activity>inactive</celldesigner:activity>
<celldesigner:bounds h="24.0" w="45.0" x="210.0" y="124.0"/>
<celldesigner:singleLine width="1.0"/>
<celldesigner:paint color="ffccff66" scheme="Color"/>
</celldesigner:speciesAlias>
<celldesigner:speciesAlias compartmentAlias="ca6" id="a241" species="s180">
<celldesigner:activity>inactive</celldesigner:activity>
<celldesigner:bounds h="24.0" w="54.0" x="563.0" y="257.0"/>
<celldesigner:singleLine width="1.0"/>
<celldesigner:paint color="ffccff66" scheme="Color"/>
</celldesigner:speciesAlias>
<celldesigner:speciesAlias compartmentAlias="ca6" id="a251" species="s296">
<celldesigner:activity>inactive</celldesigner:activity>
<celldesigner:bounds h="34.0" w="78.0" x="1109.0" y="255.0"/>
<celldesigner:singleLine width="1.0"/>
<celldesigner:paint color="ffccff66" scheme="Color"/>
</celldesigner:speciesAlias>
<celldesigner:speciesAlias compartmentAlias="ca8" id="a253" species="s239">
<celldesigner:activity>inactive</celldesigner:activity>
<celldesigner:bounds h="58.0" w="43.0" x="107.0" y="176.0"/>
<celldesigner:singleLine width="1.0"/>
<celldesigner:paint color="ffccffff" scheme="Color"/>
</celldesigner:speciesAlias>
<celldesigner:speciesAlias compartmentAlias="ca8" id="a257" species="s245">
<celldesigner:activity>inactive</celldesigner:activity>
<celldesigner:bounds h="58.0" w="45.0" x="235.0" y="174.0"/>
<celldesigner:singleLine width="1.0"/>
<celldesigner:paint color="ffccffff" scheme="Color"/>
</celldesigner:speciesAlias>
<celldesigner:speciesAlias compartmentAlias="ca6" id="a258" species="s246">
<celldesigner:activity>inactive</celldesigner:activity>
<celldesigner:bounds h="24.0" w="45.0" x="200.38383045525893" y="261.0"/>
<celldesigner:singleLine width="1.0"/>
<celldesigner:paint color="ffccff66" scheme="Color"/>
</celldesigner:speciesAlias>
<celldesigner:speciesAlias compartmentAlias="ca8" id="a259" species="s249">
<celldesigner:activity>inactive</celldesigner:activity>
<celldesigner:bounds h="24.0" w="45.0" x="261.38383045525893" y="124.0"/>
<celldesigner:singleLine width="1.0"/>
<celldesigner:paint color="ffccff66" scheme="Color"/>
</celldesigner:speciesAlias>
<celldesigner:speciesAlias compartmentAlias="ca6" id="a260" species="s250">
<celldesigner:activity>inactive</celldesigner:activity>
<celldesigner:bounds h="24.0" w="45.0" x="258.38383045525893" y="269.0"/>
<celldesigner:singleLine width="1.0"/>
<celldesigner:paint color="ffccff66" scheme="Color"/>
</celldesigner:speciesAlias>
<celldesigner:speciesAlias compartmentAlias="ca8" id="a262" species="s252">
<celldesigner:activity>inactive</celldesigner:activity>
<celldesigner:bounds h="55.0" w="43.0" x="420.0" y="177.0"/>
<celldesigner:singleLine width="1.0"/>
<celldesigner:paint color="ffccffff" scheme="Color"/>
</celldesigner:speciesAlias>
<celldesigner:speciesAlias compartmentAlias="ca8" id="a264" species="s258">
<celldesigner:activity>inactive</celldesigner:activity>
<celldesigner:bounds h="25.0" w="25.0" x="95.5" y="124.5"/>
<celldesigner:singleLine width="1.0"/>
<celldesigner:paint color="ff9999ff" scheme="Color"/>
</celldesigner:speciesAlias>
<celldesigner:speciesAlias compartmentAlias="ca6" id="a265" species="s254">
<celldesigner:activity>inactive</celldesigner:activity>
<celldesigner:bounds h="25.0" w="25.0" x="144.38383045525893" y="296.5"/>
<celldesigner:singleLine width="1.0"/>
<celldesigner:paint color="ff9999ff" scheme="Color"/>
</celldesigner:speciesAlias>
<celldesigner:speciesAlias compartmentAlias="ca6" id="a266" species="s256">
<celldesigner:activity>inactive</celldesigner:activity>
<celldesigner:bounds h="25.0" w="25.0" x="88.38383045525893" y="261.5"/>
<celldesigner:singleLine width="1.0"/>
<celldesigner:paint color="ff9999ff" scheme="Color"/>
</celldesigner:speciesAlias>
<celldesigner:speciesAlias compartmentAlias="ca8" id="a267" species="s259">
<celldesigner:activity>inactive</celldesigner:activity>
<celldesigner:bounds h="25.0" w="25.0" x="137.38383045525893" y="125.5"/>
<celldesigner:singleLine width="1.0"/>
<celldesigner:paint color="ff9999ff" scheme="Color"/>
</celldesigner:speciesAlias>
<celldesigner:speciesAlias compartmentAlias="ca6" id="a302" species="s282">
<celldesigner:activity>inactive</celldesigner:activity>
<celldesigner:listOfInnerAliases>
<celldesigner:innerAlias heterodimerEntry="inner0">
<celldesigner:activity>inactive</celldesigner:activity>
<celldesigner:bounds h="62.0" w="35.0" x="401.54754858840613" y="264.13426300810227"/>
<celldesigner:singleLine width="1.0"/>
<celldesigner:paint color="ffccffcc" scheme="Color"/>
</celldesigner:innerAlias>
<celldesigner:innerAlias heterodimerEntry="inner1">
<celldesigner:activity>inactive</celldesigner:activity>
<celldesigner:bounds h="33.0" w="58.0" x="411.4096842925021" y="231.63426300810227"/>
<celldesigner:singleLine width="1.0"/>
<celldesigner:paint color="ffccffcc" scheme="Color"/>
</celldesigner:innerAlias>
<celldesigner:innerAlias heterodimerEntry="inner2">
<celldesigner:activity>inactive</celldesigner:activity>
<celldesigner:bounds h="62.0" w="35.0" x="436.9786164404541" y="262.7445752563573"/>
<celldesigner:singleLine width="1.0"/>
<celldesigner:paint color="ffccffcc" scheme="Color"/>
</celldesigner:innerAlias>
</celldesigner:listOfInnerAliases>
</celldesigner:speciesAlias>
<celldesigner:speciesAlias compartmentAlias="ca8" id="a303" species="s284">
<celldesigner:activity>inactive</celldesigner:activity>
<celldesigner:bounds h="27.0" w="41.0" x="389.38383045525893" y="126.5"/>
<celldesigner:singleLine width="1.0"/>
<celldesigner:paint color="ff9999ff" scheme="Color"/>
</celldesigner:speciesAlias>
<celldesigner:speciesAlias compartmentAlias="ca6" id="a304" species="s246">
<celldesigner:activity>inactive</celldesigner:activity>
<celldesigner:bounds h="24.0" w="45.0" x="524.3838304552589" y="290.0"/>
<celldesigner:singleLine width="1.0"/>
<celldesigner:paint color="ffccff66" scheme="Color"/>
</celldesigner:speciesAlias>
<celldesigner:speciesAlias compartmentAlias="ca8" id="a305" species="s286">
<celldesigner:activity>inactive</celldesigner:activity>
<celldesigner:bounds h="61.0" w="90.0" x="596.0" y="177.0"/>
<celldesigner:singleLine width="1.0"/>
<celldesigner:paint color="ffccffcc" scheme="Color"/>
</celldesigner:speciesAlias>
<celldesigner:speciesAlias compartmentAlias="ca8" id="a306" species="s287">
<celldesigner:activity>inactive</celldesigner:activity>
<celldesigner:bounds h="32.0" w="50.0" x="693.0" y="141.0"/>
<celldesigner:singleLine width="1.0"/>
<celldesigner:paint color="ffccffcc" scheme="Color"/>
</celldesigner:speciesAlias>
<celldesigner:speciesAlias compartmentAlias="ca8" id="a311" species="s292">
<celldesigner:activity>inactive</celldesigner:activity>
<celldesigner:listOfInnerAliases>
<celldesigner:innerAlias heterodimerEntry="inner0">
<celldesigner:activity>inactive</celldesigner:activity>
<celldesigner:bounds h="59.0" w="68.0" x="771.0" y="175.0"/>
<celldesigner:singleLine width="1.0"/>
<celldesigner:paint color="ffccffcc" scheme="Color"/>
</celldesigner:innerAlias>
<celldesigner:innerAlias heterodimerEntry="inner1">
<celldesigner:activity>inactive</celldesigner:activity>
<celldesigner:bounds h="41.0" w="43.0" x="838.5" y="184.0"/>
<celldesigner:singleLine width="1.0"/>
<celldesigner:paint color="ffccffcc" scheme="Color"/>
</celldesigner:innerAlias>
<celldesigner:innerAlias heterodimerEntry="inner2">
<celldesigner:activity>inactive</celldesigner:activity>
<celldesigner:bounds h="41.0" w="67.0" x="881.75" y="194.82066869301005"/>
<celldesigner:singleLine width="1.0"/>
<celldesigner:paint color="ffccffcc" scheme="Color"/>
</celldesigner:innerAlias>
</celldesigner:listOfInnerAliases>
</celldesigner:speciesAlias>
<celldesigner:speciesAlias compartmentAlias="ca6" id="a313" species="s294">
<celldesigner:activity>inactive</celldesigner:activity>
<celldesigner:listOfInnerAliases>
<celldesigner:innerAlias heterodimerEntry="inner0">
<celldesigner:activity>inactive</celldesigner:activity>
<celldesigner:bounds h="62.0" w="32.0" x="420.16470353015575" y="322.9957778498912"/>
<celldesigner:singleLine width="1.0"/>
<celldesigner:paint color="ffccffcc" scheme="Color"/>
</celldesigner:innerAlias>
<celldesigner:innerAlias heterodimerEntry="inner1">
<celldesigner:activity>inactive</celldesigner:activity>
<celldesigner:bounds h="62.0" w="32.0" x="388.16470353015575" y="321.5907595523997"/>
<celldesigner:singleLine width="1.0"/>
<celldesigner:paint color="ffccffcc" scheme="Color"/>
</celldesigner:innerAlias>
<celldesigner:innerAlias heterodimerEntry="inner2">
<celldesigner:activity>inactive</celldesigner:activity>
<celldesigner:bounds h="62.0" w="32.0" x="452.16470353015575" y="320.71360499131896"/>
<celldesigner:singleLine width="1.0"/>
<celldesigner:paint color="ffccffcc" scheme="Color"/>
</celldesigner:innerAlias>
</celldesigner:listOfInnerAliases>
</celldesigner:speciesAlias>
<celldesigner:speciesAlias compartmentAlias="ca8" id="a314" species="s295">
<celldesigner:activity>inactive</celldesigner:activity>
<celldesigner:bounds h="61.0" w="90.0" x="1045.0" y="178.0"/>
<celldesigner:singleLine width="1.0"/>
<celldesigner:paint color="ffccffcc" scheme="Color"/>
</celldesigner:speciesAlias>
<celldesigner:speciesAlias compartmentAlias="ca6" id="a315" species="s299">
<celldesigner:activity>inactive</celldesigner:activity>
<celldesigner:bounds h="32.0" w="67.0" x="999.8838304552589" y="253.0"/>
<celldesigner:singleLine width="1.0"/>
<celldesigner:paint color="ffccff66" scheme="Color"/>
</celldesigner:speciesAlias>
<celldesigner:speciesAlias compartmentAlias="ca6" id="a317" species="s301">
<celldesigner:activity>inactive</celldesigner:activity>
<celldesigner:bounds h="22.0" w="72.0" x="924.0" y="266.0"/>
<celldesigner:singleLine width="1.0"/>
<celldesigner:paint color="ffccff66" scheme="Color"/>
</celldesigner:speciesAlias>
<celldesigner:speciesAlias compartmentAlias="ca6" id="a318" species="s303">
<celldesigner:activity>inactive</celldesigner:activity>
<celldesigner:bounds h="22.0" w="72.0" x="821.8838304552589" y="269.0"/>
<celldesigner:singleLine width="1.0"/>
<celldesigner:paint color="ffccff66" scheme="Color"/>
</celldesigner:speciesAlias>
<celldesigner:speciesAlias compartmentAlias="ca8" id="a320" species="s259">
<celldesigner:activity>inactive</celldesigner:activity>
<celldesigner:bounds h="25.0" w="25.0" x="799.3838304552589" y="124.5"/>
<celldesigner:singleLine width="1.0"/>
<celldesigner:paint color="ff9999ff" scheme="Color"/>
</celldesigner:speciesAlias>
<celldesigner:speciesAlias compartmentAlias="ca8" id="a321" species="s259">
<celldesigner:activity>inactive</celldesigner:activity>
<celldesigner:bounds h="25.0" w="25.0" x="1115.383830455259" y="120.5"/>
<celldesigner:singleLine width="1.0"/>
<celldesigner:paint color="ff9999ff" scheme="Color"/>
</celldesigner:speciesAlias>
</celldesigner:listOfSpeciesAliases>
<celldesigner:listOfGroups/>
<celldesigner:listOfProteins>
<celldesigner:protein id="p74" name="Phosphate_br_transporter" type="ION_CHANNEL"/>
<celldesigner:protein id="p75" name="Adenine_br_nucleotide_br_transporter" type="ION_CHANNEL"/>
<celldesigner:protein id="p78" name="ATP_br_synthetase F_sub_0_endsub_" type="ION_CHANNEL"/>
<celldesigner:protein id="p80" name="F_sub_1_endsub_ _alpha_" type="GENERIC"/>
<celldesigner:protein id="p81" name="F_sub_1_endsub_ _beta_" type="GENERIC"/>
<celldesigner:protein id="p82" name="F_sub_1_endsub_ _gamma_" type="GENERIC"/>
<celldesigner:protein id="p83" name="Cytochrome_br_oxidase aa_sub_3_endsub_" type="GENERIC"/>
<celldesigner:protein id="p84" name="Cyt C" type="GENERIC"/>
<celldesigner:protein id="p85" name="Cyt bc_sub_1_endsub_" type="GENERIC"/>
<celldesigner:protein id="p86" name="UQ_br_UQH_sub_2_endsub_" type="GENERIC"/>
<celldesigner:protein id="p87" name="FAD_br_FeS" type="GENERIC"/>
<celldesigner:protein id="p88" name="FMN_br_FeS" type="GENERIC"/>
</celldesigner:listOfProteins>
<celldesigner:listOfBlockDiagrams/>
</annotation>
<listOfCompartments>
<compartment id="default" size="1.0"/>
<compartment id="c6" name="Matrix" outside="default" size="1.0">
<annotation>
<celldesigner:name>Matrix</celldesigner:name>
</annotation>
</compartment>
<compartment id="c8" name="Outer Compartment" outside="default" size="1.0">
<annotation>
<celldesigner:name>Outer Compartment</celldesigner:name>
</annotation>
</compartment>
</listOfCompartments>
<listOfSpecies>
<species compartment="c6" id="s180" initialAmount="0.0" name="H_sub_2_endsub_O">
<annotation>
<celldesigner:positionToCompartment>inside</celldesigner:positionToCompartment>
<celldesigner:speciesIdentity>
<celldesigner:class>SIMPLE_MOLECULE</celldesigner:class>
<celldesigner:name>H_sub_2_endsub_O</celldesigner:name>
</celldesigner:speciesIdentity>
</annotation>
</species>
<species compartment="c8" id="s239" initialAmount="0.0" name="Phosphate_br_transporter">
<annotation>
<celldesigner:positionToCompartment>outerSurface</celldesigner:positionToCompartment>
<celldesigner:speciesIdentity>
<celldesigner:class>PROTEIN</celldesigner:class>
<celldesigner:proteinReference>p74</celldesigner:proteinReference>
</celldesigner:speciesIdentity>
<celldesigner:listOfCatalyzedReactions>
<celldesigner:catalyzed reaction="re34"/>
<celldesigner:catalyzed reaction="re35"/>
</celldesigner:listOfCatalyzedReactions>
</annotation>
</species>
<species compartment="c8" id="s245" initialAmount="0.0" name="Adenine_br_nucleotide_br_transporter">
<annotation>
<celldesigner:positionToCompartment>transmembrane</celldesigner:positionToCompartment>
<celldesigner:speciesIdentity>
<celldesigner:class>PROTEIN</celldesigner:class>
<celldesigner:proteinReference>p75</celldesigner:proteinReference>
</celldesigner:speciesIdentity>
<celldesigner:listOfCatalyzedReactions>
<celldesigner:catalyzed reaction="re36"/>
<celldesigner:catalyzed reaction="re37"/>
</celldesigner:listOfCatalyzedReactions>
</annotation>
</species>
<species compartment="c8" id="s219" initialAmount="0.0" name="ATP_super_4-">
<annotation>
<celldesigner:positionToCompartment>inside</celldesigner:positionToCompartment>
<celldesigner:speciesIdentity>
<celldesigner:class>SIMPLE_MOLECULE</celldesigner:class>
<celldesigner:name>ATP_super_4-</celldesigner:name>
</celldesigner:speciesIdentity>
</annotation>
</species>
<species compartment="c6" id="s246" initialAmount="0.0" name="ATP_super_4-">
<annotation>
<celldesigner:positionToCompartment>inside</celldesigner:positionToCompartment>
<celldesigner:speciesIdentity>
<celldesigner:class>SIMPLE_MOLECULE</celldesigner:class>
<celldesigner:name>ATP_super_4-</celldesigner:name>
</celldesigner:speciesIdentity>
</annotation>
</species>
<species compartment="c8" id="s249" initialAmount="0.0" name="ATP_super_3-">
<annotation>
<celldesigner:positionToCompartment>inside</celldesigner:positionToCompartment>
<celldesigner:speciesIdentity>
<celldesigner:class>SIMPLE_MOLECULE</celldesigner:class>
<celldesigner:name>ATP_super_3-</celldesigner:name>
</celldesigner:speciesIdentity>
</annotation>
</species>
<species compartment="c6" id="s250" initialAmount="0.0" name="ATP_super_3-">
<annotation>
<celldesigner:positionToCompartment>inside</celldesigner:positionToCompartment>
<celldesigner:speciesIdentity>
<celldesigner:class>SIMPLE_MOLECULE</celldesigner:class>
<celldesigner:name>ATP_super_3-</celldesigner:name>
</celldesigner:speciesIdentity>
</annotation>
</species>
<species compartment="c8" id="s252" initialAmount="0.0" name="ATP_br_synthetase F_sub_0_endsub_">
<annotation>
<celldesigner:positionToCompartment>outerSurface</celldesigner:positionToCompartment>
<celldesigner:speciesIdentity>
<celldesigner:class>PROTEIN</celldesigner:class>
<celldesigner:proteinReference>p78</celldesigner:proteinReference>
</celldesigner:speciesIdentity>
</annotation>
</species>
<species compartment="c6" id="s254" initialAmount="0.0" name="P_sub_i_endsub__super_-_endsuper_">
<annotation>
<celldesigner:positionToCompartment>inside</celldesigner:positionToCompartment>
<celldesigner:speciesIdentity>
<celldesigner:class>ION</celldesigner:class>
<celldesigner:name>P_sub_i_endsub__super_-_endsuper_</celldesigner:name>
</celldesigner:speciesIdentity>
</annotation>
</species>
<species compartment="c6" id="s256" initialAmount="0.0" name="H_super_+_endsuper_">
<annotation>
<celldesigner:positionToCompartment>inside</celldesigner:positionToCompartment>
<celldesigner:speciesIdentity>
<celldesigner:class>ION</celldesigner:class>
<celldesigner:name>H_super_+_endsuper_</celldesigner:name>
</celldesigner:speciesIdentity>
</annotation>
</species>
<species compartment="c8" id="s258" initialAmount="0.0" name="P_sub_i_endsub__super_-_endsuper_">
<annotation>
<celldesigner:positionToCompartment>inside</celldesigner:positionToCompartment>
<celldesigner:speciesIdentity>
<celldesigner:class>ION</celldesigner:class>
<celldesigner:name>P_sub_i_endsub__super_-_endsuper_</celldesigner:name>
</celldesigner:speciesIdentity>
</annotation>
</species>
<species compartment="c8" id="s259" initialAmount="0.0" name="H_super_+_endsuper_">
<annotation>
<celldesigner:positionToCompartment>inside</celldesigner:positionToCompartment>
<celldesigner:speciesIdentity>
<celldesigner:class>ION</celldesigner:class>
<celldesigner:name>H_super_+_endsuper_</celldesigner:name>
</celldesigner:speciesIdentity>
</annotation>
</species>
<species compartment="c6" id="s282" initialAmount="0.0" name="Complex(F_sub_1_endsub_ _beta_/F_sub_1_endsub_ _gamma_/F_sub_1_endsub_ _beta_)">
<annotation>
<celldesigner:positionToCompartment>transmembrane</celldesigner:positionToCompartment>
<celldesigner:heterodimerIdentity>
<celldesigner:listOfHeterodimerEntries>
<celldesigner:heterodimerEntry innerId="inner0" originalSpecies="unknown">
<celldesigner:class>PROTEIN</celldesigner:class>
<celldesigner:proteinReference>p81</celldesigner:proteinReference>
</celldesigner:heterodimerEntry>
<celldesigner:heterodimerEntry innerId="inner1" originalSpecies="unknown">
<celldesigner:class>PROTEIN</celldesigner:class>
<celldesigner:proteinReference>p82</celldesigner:proteinReference>
</celldesigner:heterodimerEntry>
<celldesigner:heterodimerEntry innerId="inner2" originalSpecies="unknown">
<celldesigner:class>PROTEIN</celldesigner:class>
<celldesigner:proteinReference>p81</celldesigner:proteinReference>
</celldesigner:heterodimerEntry>
</celldesigner:listOfHeterodimerEntries>
</celldesigner:heterodimerIdentity>
<celldesigner:listOfCatalyzedReactions>
<celldesigner:catalyzed reaction="re38"/>
</celldesigner:listOfCatalyzedReactions>
</annotation>
</species>
<species compartment="c8" id="s284" initialAmount="0.0" name="3H_super_+_endsuper_">
<annotation>
<celldesigner:positionToCompartment>inside</celldesigner:positionToCompartment>
<celldesigner:speciesIdentity>
<celldesigner:class>ION</celldesigner:class>
<celldesigner:name>3H_super_+_endsuper_</celldesigner:name>
</celldesigner:speciesIdentity>
</annotation>
</species>
<species compartment="c8" id="s286" initialAmount="0.0" name="Cytochrome_br_oxidase aa_sub_3_endsub_">
<notes>
<html xmlns="http://www.w3.org/1999/xhtml">
<!--Notes by CellDesigner-->
<body>
Cytochromes;
</body>
</html>
</notes>
<annotation>
<celldesigner:positionToCompartment>outerSurface</celldesigner:positionToCompartment>
<celldesigner:speciesIdentity>
<celldesigner:class>PROTEIN</celldesigner:class>
<celldesigner:proteinReference>p83</celldesigner:proteinReference>
</celldesigner:speciesIdentity>
<celldesigner:listOfCatalyzedReactions>
<celldesigner:catalyzed reaction="r133"/>
</celldesigner:listOfCatalyzedReactions>
</annotation>
</species>
<species compartment="c8" id="s287" initialAmount="0.0" name="Cyt C">
<annotation>
<celldesigner:positionToCompartment>inside</celldesigner:positionToCompartment>
<celldesigner:speciesIdentity>
<celldesigner:class>PROTEIN</celldesigner:class>
<celldesigner:proteinReference>p84</celldesigner:proteinReference>
</celldesigner:speciesIdentity>
</annotation>
</species>
<species compartment="c8" id="s292" initialAmount="0.0" name="Complex(Cyt bc_sub_1_endsub_/UQ_br_UQH_sub_2_endsub_/FAD_br_FeS)">
<notes>
<html xmlns="http://www.w3.org/1999/xhtml">
<!--Notes by CellDesigner-->
<body>
UQ - Ubiquinone;
UQH2 - Reduced ubiquinone;
FAD - Flavin adenine nucleotide;
FeS - Iron Sulfur protein;
Cytochromes;
</body>
</html>
</notes>
<annotation>
<celldesigner:positionToCompartment>outerSurface</celldesigner:positionToCompartment>
<celldesigner:heterodimerIdentity>
<celldesigner:listOfHeterodimerEntries>
<celldesigner:heterodimerEntry innerId="inner0" originalSpecies="unknown">
<celldesigner:class>PROTEIN</celldesigner:class>
<celldesigner:proteinReference>p85</celldesigner:proteinReference>
</celldesigner:heterodimerEntry>
<celldesigner:heterodimerEntry innerId="inner1" originalSpecies="unknown">
<celldesigner:class>PROTEIN</celldesigner:class>
<celldesigner:proteinReference>p86</celldesigner:proteinReference>
</celldesigner:heterodimerEntry>
<celldesigner:heterodimerEntry innerId="inner2" originalSpecies="unknown">
<celldesigner:class>PROTEIN</celldesigner:class>
<celldesigner:proteinReference>p87</celldesigner:proteinReference>
</celldesigner:heterodimerEntry>
</celldesigner:listOfHeterodimerEntries>
</celldesigner:heterodimerIdentity>
<celldesigner:listOfCatalyzedReactions>
<celldesigner:catalyzed reaction="r127"/>
</celldesigner:listOfCatalyzedReactions>
</annotation>
</species>
<species compartment="c6" id="s294" initialAmount="0.0" name="Complex(F_sub_1_endsub_ _alpha_/F_sub_1_endsub_ _alpha_/F_sub_1_endsub_ _alpha_)">
<annotation>
<celldesigner:positionToCompartment>inside</celldesigner:positionToCompartment>
<celldesigner:heterodimerIdentity>
<celldesigner:listOfHeterodimerEntries>
<celldesigner:heterodimerEntry innerId="inner0" originalSpecies="unknown">
<celldesigner:class>PROTEIN</celldesigner:class>
<celldesigner:proteinReference>p80</celldesigner:proteinReference>
</celldesigner:heterodimerEntry>
<celldesigner:heterodimerEntry innerId="inner1" originalSpecies="unknown">
<celldesigner:class>PROTEIN</celldesigner:class>
<celldesigner:proteinReference>p80</celldesigner:proteinReference>
</celldesigner:heterodimerEntry>
<celldesigner:heterodimerEntry innerId="inner2" originalSpecies="unknown">
<celldesigner:class>PROTEIN</celldesigner:class>
<celldesigner:proteinReference>p80</celldesigner:proteinReference>
</celldesigner:heterodimerEntry>
</celldesigner:listOfHeterodimerEntries>
</celldesigner:heterodimerIdentity>
</annotation>
</species>
<species compartment="c8" id="s295" initialAmount="0.0" name="FMN_br_FeS">
<notes>
<html xmlns="http://www.w3.org/1999/xhtml">
<!--Notes by CellDesigner-->
<body>
Flavin mononucleotide
</body>
</html>
</notes>
<annotation>
<celldesigner:positionToCompartment>outerSurface</celldesigner:positionToCompartment>
<celldesigner:speciesIdentity>
<celldesigner:class>PROTEIN</celldesigner:class>
<celldesigner:proteinReference>p88</celldesigner:proteinReference>
</celldesigner:speciesIdentity>
<celldesigner:listOfCatalyzedReactions>
<celldesigner:catalyzed reaction="r126"/>
</celldesigner:listOfCatalyzedReactions>
</annotation>
</species>
<species compartment="c6" id="s296" initialAmount="0.0" name="NADH">
<annotation>
<celldesigner:positionToCompartment>inside</celldesigner:positionToCompartment>
<celldesigner:speciesIdentity>
<celldesigner:class>SIMPLE_MOLECULE</celldesigner:class>
<celldesigner:name>NADH</celldesigner:name>
</celldesigner:speciesIdentity>
</annotation>
</species>
<species compartment="c6" id="s299" initialAmount="0.0" name="NAD_super_+_endsuper_">
<annotation>
<celldesigner:positionToCompartment>inside</celldesigner:positionToCompartment>
<celldesigner:speciesIdentity>
<celldesigner:class>SIMPLE_MOLECULE</celldesigner:class>
<celldesigner:name>NAD_super_+_endsuper_</celldesigner:name>
</celldesigner:speciesIdentity>
</annotation>
</species>
<species compartment="c6" id="s301" initialAmount="0.0" name="Succinate">
<annotation>
<celldesigner:positionToCompartment>inside</celldesigner:positionToCompartment>
<celldesigner:speciesIdentity>
<celldesigner:class>SIMPLE_MOLECULE</celldesigner:class>
<celldesigner:name>Succinate</celldesigner:name>
</celldesigner:speciesIdentity>
</annotation>
</species>
<species compartment="c6" id="s303" initialAmount="0.0" name="Fumarate">
<annotation>
<celldesigner:positionToCompartment>inside</celldesigner:positionToCompartment>
<celldesigner:speciesIdentity>
<celldesigner:class>SIMPLE_MOLECULE</celldesigner:class>
<celldesigner:name>Fumarate</celldesigner:name>
</celldesigner:speciesIdentity>
</annotation>
</species>
<species compartment="c6" id="s179" initialAmount="0.0" name="2H_super_+_endsuper_ + 1/2O_sub_2_endsub_">
<annotation>
<celldesigner:positionToCompartment>inside</celldesigner:positionToCompartment>
<celldesigner:speciesIdentity>
<celldesigner:class>SIMPLE_MOLECULE</celldesigner:class>
<celldesigner:name>2H_super_+_endsuper_ + 1/2O_sub_2_endsub_</celldesigner:name>
</celldesigner:speciesIdentity>
</annotation>
</species>
</listOfSpecies>
<listOfReactions>
<reaction id="r117" reversible="false">
<annotation>
<celldesigner:reactionType>TRANSPORT</celldesigner:reactionType>
<celldesigner:baseReactants>s284</celldesigner:baseReactants>
<celldesigner:baseProducts>s252</celldesigner:baseProducts>
<celldesigner:editPoints>0.33333333333333304,-8.881784197001252E-16 0.666666666666667,-8.881784197001252E-16</celldesigner:editPoints>
</annotation>
<listOfReactants>
<speciesReference species="s284">
<annotation>
<celldesigner:alias>a303</celldesigner:alias>
</annotation>
</speciesReference>
</listOfReactants>
<listOfProducts>
<speciesReference species="s252">
<annotation>
<celldesigner:alias>a262</celldesigner:alias>
</annotation>
</speciesReference>
</listOfProducts>
</reaction>
<reaction id="r126" reversible="false">
<annotation>
<celldesigner:reactionType>STATE_TRANSITION</celldesigner:reactionType>
<celldesigner:baseReactants>s296</celldesigner:baseReactants>
<celldesigner:baseProducts>s299</celldesigner:baseProducts>
<celldesigner:offset x="2.0" y="-41.0"/>
<celldesigner:editPoints>0.33333333333333215,-1.7763568394002505E-15 0.6666666666666679,-3.552713678800501E-15</celldesigner:editPoints>
<celldesigner:listOfModification>
<celldesigner:modification aliases="a314" editPoints="0.33333333333333215,7.105427357601002E-15 0.6666666666666679,-7.105427357601002E-15" modifiers="s295" targetLineIndex="-1,1" type="CATALYSIS"/>
</celldesigner:listOfModification>
</annotation>
<listOfReactants>
<speciesReference species="s296">
<annotation>
<celldesigner:alias>a251</celldesigner:alias>
</annotation>
</speciesReference>
</listOfReactants>
<listOfProducts>
<speciesReference species="s299">
<annotation>
<celldesigner:alias>a315</celldesigner:alias>
</annotation>
</speciesReference>
</listOfProducts>
<listOfModifiers>
<modifierSpeciesReference species="s295">
<annotation>
<celldesigner:alias>a314</celldesigner:alias>
</annotation>
</modifierSpeciesReference>
</listOfModifiers>
</reaction>
<reaction id="r127" reversible="false">
<annotation>
<celldesigner:reactionType>STATE_TRANSITION</celldesigner:reactionType>
<celldesigner:baseReactants>s301</celldesigner:baseReactants>
<celldesigner:baseProducts>s303</celldesigner:baseProducts>
<celldesigner:offset x="4.0" y="-42.0"/>
<celldesigner:editPoints>0.3333333333333339,1.3322676295501878E-15 0.6666666666666661,2.6645352591003757E-15</celldesigner:editPoints>
<celldesigner:listOfModification>
<celldesigner:modification aliases="a311" editPoints="0.33333333333333215,8.881784197001252E-16 0.6666666666666679,-8.881784197001252E-16" modifiers="s292" targetLineIndex="-1,1" type="CATALYSIS"/>
</celldesigner:listOfModification>
</annotation>
<listOfReactants>
<speciesReference species="s301">
<annotation>
<celldesigner:alias>a317</celldesigner:alias>
</annotation>
</speciesReference>
</listOfReactants>
<listOfProducts>
<speciesReference species="s303">
<annotation>
<celldesigner:alias>a318</celldesigner:alias>
</annotation>
</speciesReference>
</listOfProducts>
<listOfModifiers>
<modifierSpeciesReference species="s292">
<annotation>
<celldesigner:alias>a311</celldesigner:alias>
</annotation>
</modifierSpeciesReference>
</listOfModifiers>
</reaction>
<reaction id="r130" reversible="false">
<annotation>
<celldesigner:reactionType>TRANSPORT</celldesigner:reactionType>
<celldesigner:baseReactants>s292</celldesigner:baseReactants>
<celldesigner:baseProducts>s259</celldesigner:baseProducts>
<celldesigner:editPoints>0.3333333333333348,1.7763568394002505E-15 0.6666666666666665,0.0</celldesigner:editPoints>
</annotation>
<listOfReactants>
<speciesReference species="s292">
<annotation>
<celldesigner:alias>a311</celldesigner:alias>
</annotation>
</speciesReference>
</listOfReactants>
<listOfProducts>
<speciesReference species="s259">
<annotation>
<celldesigner:alias>a320</celldesigner:alias>
</annotation>
</speciesReference>
</listOfProducts>
</reaction>
<reaction id="r131" reversible="false">
<annotation>
<celldesigner:reactionType>TRANSPORT</celldesigner:reactionType>
<celldesigner:baseReactants>s295</celldesigner:baseReactants>
<celldesigner:baseProducts>s259</celldesigner:baseProducts>
<celldesigner:editPoints>0.3333333333333335,1.7763568394002505E-15 0.666666666666667,-1.7763568394002505E-15</celldesigner:editPoints>
</annotation>
<listOfReactants>
<speciesReference species="s295">
<annotation>
<celldesigner:alias>a314</celldesigner:alias>
</annotation>
</speciesReference>
</listOfReactants>
<listOfProducts>
<speciesReference species="s259">
<annotation>
<celldesigner:alias>a321</celldesigner:alias>
</annotation>
</speciesReference>
</listOfProducts>
</reaction>
<reaction id="r133" reversible="false">
<annotation>
<celldesigner:reactionType>STATE_TRANSITION</celldesigner:reactionType>
<celldesigner:baseReactants>s179</celldesigner:baseReactants>
<celldesigner:baseProducts>s180</celldesigner:baseProducts>
<celldesigner:editPoints>0.11111111111111072,1.1388888888888893 0.5277777777777786,1.1388888888888893</celldesigner:editPoints>
<celldesigner:listOfModification>
<celldesigner:modification aliases="a305" editPoints="0.3333333333333339,-3.552713678800501E-15 0.6666666666666661,-3.552713678800501E-15" modifiers="s286" targetLineIndex="-1,1" type="CATALYSIS"/>
</celldesigner:listOfModification>
</annotation>
<listOfReactants>
<speciesReference species="s179">
<annotation>
<celldesigner:alias>a214</celldesigner:alias>
</annotation>
</speciesReference>
</listOfReactants>
<listOfProducts>
<speciesReference species="s180">
<annotation>
<celldesigner:alias>a241</celldesigner:alias>
</annotation>
</speciesReference>
</listOfProducts>
<listOfModifiers>
<modifierSpeciesReference species="s286">
<annotation>
<celldesigner:alias>a305</celldesigner:alias>
</annotation>
</modifierSpeciesReference>
</listOfModifiers>
</reaction>
<reaction id="re34" reversible="false">
<annotation>
<celldesigner:reactionType>TRANSPORT</celldesigner:reactionType>
<celldesigner:baseReactants>s258</celldesigner:baseReactants>
<celldesigner:baseProducts>s256</celldesigner:baseProducts>
<celldesigner:editPoints>0.350641882803131,-0.17789020571693492 0.7276455075447421,-0.18900812234657405</celldesigner:editPoints>
<celldesigner:listOfModification>
<celldesigner:modification aliases="a253" editPoints="0.3333333333333268,7.105427357601002E-15 0.6666666666666625,3.552713678800501E-15" modifiers="s239" targetLineIndex="-1,1" type="CATALYSIS"/>
</celldesigner:listOfModification>
</annotation>
<listOfReactants>
<speciesReference species="s258">
<annotation>
<celldesigner:alias>a264</celldesigner:alias>
</annotation>
</speciesReference>
</listOfReactants>
<listOfProducts>
<speciesReference species="s256">
<annotation>
<celldesigner:alias>a266</celldesigner:alias>
</annotation>
</speciesReference>
</listOfProducts>
<listOfModifiers>
<modifierSpeciesReference species="s239">
<annotation>
<celldesigner:alias>a253</celldesigner:alias>
</annotation>
</modifierSpeciesReference>
</listOfModifiers>
</reaction>
<reaction id="re35" reversible="false">
<annotation>
<celldesigner:reactionType>TRANSPORT</celldesigner:reactionType>
<celldesigner:baseReactants>s259</celldesigner:baseReactants>
<celldesigner:baseProducts>s254</celldesigner:baseProducts>
<celldesigner:editPoints>0.2949285005910869,0.10727140975885019 0.5130870511400187,0.09575393148041023</celldesigner:editPoints>
<celldesigner:listOfModification>
<celldesigner:modification aliases="a253" editPoints="0.3333333333333357,-1.7763568394002505E-15 0.6666666666666679,-1.7763568394002505E-15" modifiers="s239" targetLineIndex="-1,1" type="CATALYSIS"/>
</celldesigner:listOfModification>
</annotation>
<listOfReactants>
<speciesReference species="s259">
<annotation>
<celldesigner:alias>a267</celldesigner:alias>
</annotation>
</speciesReference>
</listOfReactants>
<listOfProducts>
<speciesReference species="s254">
<annotation>
<celldesigner:alias>a265</celldesigner:alias>
</annotation>
</speciesReference>
</listOfProducts>
<listOfModifiers>
<modifierSpeciesReference species="s239">
<annotation>
<celldesigner:alias>a253</celldesigner:alias>
</annotation>
</modifierSpeciesReference>
</listOfModifiers>
</reaction>
<reaction id="re36" reversible="false">
<annotation>
<celldesigner:reactionType>TRANSPORT</celldesigner:reactionType>
<celldesigner:baseReactants>s246</celldesigner:baseReactants>
<celldesigner:baseProducts>s219</celldesigner:baseProducts>
<celldesigner:editPoints>0.40165029425035703,0.22998737162295457 0.6379783074038119,0.21070931733181109</celldesigner:editPoints>
<celldesigner:listOfModification>
<celldesigner:modification aliases="a257" editPoints="0.3333333333333428,7.105427357601002E-15 0.6666666666666643,7.105427357601002E-15" modifiers="s245" targetLineIndex="-1,1" type="CATALYSIS"/>
</celldesigner:listOfModification>
</annotation>
<listOfReactants>
<speciesReference species="s246">
<annotation>
<celldesigner:alias>a258</celldesigner:alias>
</annotation>
</speciesReference>
</listOfReactants>
<listOfProducts>
<speciesReference species="s219">
<annotation>
<celldesigner:alias>a236</celldesigner:alias>
</annotation>
</speciesReference>
</listOfProducts>
<listOfModifiers>
<modifierSpeciesReference species="s245">
<annotation>
<celldesigner:alias>a257</celldesigner:alias>
</annotation>
</modifierSpeciesReference>
</listOfModifiers>
</reaction>
<reaction id="re37" reversible="false">
<annotation>
<celldesigner:reactionType>TRANSPORT</celldesigner:reactionType>
<celldesigner:baseReactants>s249</celldesigner:baseReactants>
<celldesigner:baseProducts>s250</celldesigner:baseProducts>
<celldesigner:editPoints>0.33652792884304206,0.15440544963593572 0.5803004968340066,0.14812834968703337</celldesigner:editPoints>
<celldesigner:listOfModification>
<celldesigner:modification aliases="a257" editPoints="0.3333333333333357,0.0 0.6666666666666643,0.0" modifiers="s245" targetLineIndex="-1,1" type="CATALYSIS"/>
</celldesigner:listOfModification>
</annotation>
<listOfReactants>
<speciesReference species="s249">
<annotation>
<celldesigner:alias>a259</celldesigner:alias>
</annotation>
</speciesReference>
</listOfReactants>
<listOfProducts>
<speciesReference species="s250">
<annotation>
<celldesigner:alias>a260</celldesigner:alias>
</annotation>
</speciesReference>
</listOfProducts>
<listOfModifiers>
<modifierSpeciesReference species="s245">
<annotation>
<celldesigner:alias>a257</celldesigner:alias>
</annotation>
</modifierSpeciesReference>
</listOfModifiers>
</reaction>
<reaction id="re38" reversible="false">
<annotation>
<celldesigner:reactionType>HETERODIMER_ASSOCIATION</celldesigner:reactionType>
<celldesigner:baseReactants>s250,s254</celldesigner:baseReactants>
<celldesigner:baseProducts>s246</celldesigner:baseProducts>
<celldesigner:editPoints>0.33333333333333215,0.0 0.6666666666666652,-8.881784197001252E-16 0.33333333333333326,-4.440892098500626E-16 0.6666666666666665,-4.440892098500626E-16 0.3333333333333335,-1.5543122344752192E-15 0.666666666666667,-2.6645352591003757E-15 0.33333333333333215,0.33333333333333304</celldesigner:editPoints>
<celldesigner:listOfModification>
<celldesigner:modification aliases="a302" editPoints="0.33333333333333215,-3.552713678800501E-15 0.6666666666666679,-3.552713678800501E-15" modifiers="s282" targetLineIndex="2,1" type="CATALYSIS"/>
</celldesigner:listOfModification>
</annotation>
<listOfReactants>
<speciesReference species="s250">
<annotation>
<celldesigner:alias>a260</celldesigner:alias>
</annotation>
</speciesReference>
<speciesReference species="s254">
<annotation>
<celldesigner:alias>a265</celldesigner:alias>
</annotation>
</speciesReference>
</listOfReactants>
<listOfProducts>
<speciesReference species="s246">
<annotation>
<celldesigner:alias>a304</celldesigner:alias>
</annotation>
</speciesReference>
</listOfProducts>
<listOfModifiers>
<modifierSpeciesReference species="s282">
<annotation>
<celldesigner:alias>a302</celldesigner:alias>
</annotation>
</modifierSpeciesReference>
</listOfModifiers>
</reaction>
</listOfReactions>
</model>
</sbml>
