<?xml version="1.0" encoding="UTF-8"?>
<!-- Terms and Conditions -->
<!-- 
Copyright (C)) 2005 Applied Biosystems.  
This file may be copied and redistributed freely, without advance permission, 
provided that this Copyright statement is reproduced with each copy.  
 
LIMITATION OF WARRANTY 
NOTHING IN THIS AGREEMENT WILL BE CONSTRUED AS A REPRESENTATION MADE OR 
WARRANTY GIVEN BY APPLIED BIOSYSTEMS OR ANY THIRD PARTY THAT THE USE OF 
DATA PROVIDED HEREUNDER WILL NOT INFRINGE ANY PATENT, COPYRIGHT, TRADEMARK 
OR OTHER RIGHTS OF ANY THIRD PARTY. DATA IS PROVIDED "AS IS" WITHOUT 
WARRANTY OF ANY KIND WHATSOEVER, EXPRESS OR IMPLIED, INCLUDING IMPLIED 
WARRANTIES OF MERCHANTABILITY OR FITNESS FOR A PARTICULAR PURPOSE. APPLIED 
BIOSYSTEMS MAKES NO WARRANTY THAT ITS DATA DOES NOT CONTAIN ERRORS.
-->

<!-- Created by SBML API 2.0(a17.0) -->
<sbml level="1" version="2" xmlns="http://www.sbml.org/sbml/level1" xmlns:celldesigner="http://www.sbml.org/2001/ns/celldesigner">
<model name="Cell_space_cycle">
<notes>
<html xmlns="http://www.w3.org/1999/xhtml">
<!--Notes by CellDesigner-->
<body>
<![CDATA[
Cell_Cycle Pathway: An ordered series of events leading to replication of cells.
]]>
</body>
</html>
</notes>
<annotation>
<celldesigner:modelVersion>2.2</celldesigner:modelVersion>
<celldesigner:modelDisplay sizeX="1200" sizeY="800"/>
<celldesigner:listOfCompartmentAliases>
<celldesigner:compartmentAlias compartment="c5" id="ca5">
<celldesigner:class>SQUARE</celldesigner:class>
<celldesigner:bounds h="533.0" w="692.0" x="32.0" y="20.0"/>
<celldesigner:doubleLine innerWidth="1.0" outerWidth="2.0" thickness="12.0"/>
<celldesigner:paint color="ffcccc00" scheme="Color"/>
</celldesigner:compartmentAlias>
<celldesigner:compartmentAlias compartment="c6" id="ca6">
<celldesigner:class>SQUARE</celldesigner:class>
<celldesigner:bounds h="264.0" w="357.0" x="756.0" y="90.0"/>
<celldesigner:doubleLine innerWidth="1.0" outerWidth="2.0" thickness="12.0"/>
<celldesigner:paint color="ffcccc00" scheme="Color"/>
</celldesigner:compartmentAlias>
<celldesigner:compartmentAlias compartment="c7" id="ca7">
<celldesigner:class>SQUARE</celldesigner:class>
<celldesigner:bounds h="242.0" w="374.0" x="755.0" y="391.0"/>
<celldesigner:doubleLine innerWidth="1.0" outerWidth="2.0" thickness="12.0"/>
<celldesigner:paint color="ffcccc00" scheme="Color"/>
</celldesigner:compartmentAlias>
<celldesigner:compartmentAlias compartment="c8" id="ca8">
<celldesigner:class>OVAL</celldesigner:class>
<celldesigner:bounds h="84.0" w="128.0" x="296.0" y="408.0"/>
<celldesigner:doubleLine innerWidth="1.0" outerWidth="2.0" thickness="12.0"/>
<celldesigner:paint color="ffcccc00" scheme="Color"/>
</celldesigner:compartmentAlias>
<celldesigner:compartmentAlias compartment="c9" id="ca9">
<celldesigner:class>OVAL</celldesigner:class>
<celldesigner:bounds h="123.0" w="166.0" x="57.0" y="235.0"/>
<celldesigner:doubleLine innerWidth="1.0" outerWidth="2.0" thickness="12.0"/>
<celldesigner:paint color="ffcccc00" scheme="Color"/>
</celldesigner:compartmentAlias>
<celldesigner:compartmentAlias compartment="c10" id="ca10">
<celldesigner:class>OVAL</celldesigner:class>
<celldesigner:bounds h="132.0" w="193.0" x="270.0" y="76.0"/>
<celldesigner:doubleLine innerWidth="1.0" outerWidth="2.0" thickness="12.0"/>
<celldesigner:paint color="ffcccc00" scheme="Color"/>
</celldesigner:compartmentAlias>
<celldesigner:compartmentAlias compartment="c11" id="ca11">
<celldesigner:class>OVAL</celldesigner:class>
<celldesigner:bounds h="163.0" w="174.0" x="501.0" y="184.0"/>
<celldesigner:doubleLine innerWidth="1.0" outerWidth="2.0" thickness="12.0"/>
<celldesigner:paint color="ffcccc00" scheme="Color"/>
</celldesigner:compartmentAlias>
<celldesigner:compartmentAlias compartment="c12" id="ca12">
<celldesigner:class>SQUARE</celldesigner:class>
<celldesigner:bounds h="143.0" w="358.0" x="141.0" y="584.0"/>
<celldesigner:doubleLine innerWidth="1.0" outerWidth="2.0" thickness="12.0"/>
<celldesigner:paint color="ffcccc00" scheme="Color"/>
</celldesigner:compartmentAlias>
</celldesigner:listOfCompartmentAliases>
<celldesigner:listOfSpeciesAliases>
<celldesigner:speciesAlias compartmentAlias="ca6" id="a6" species="s4">
<celldesigner:activity>active</celldesigner:activity>
<celldesigner:listOfInnerAliases>
<celldesigner:innerAlias heterodimerEntry="inner0">
<celldesigner:activity>inactive</celldesigner:activity>
<celldesigner:bounds h="20.150000000000002" w="59.836057301449436" x="956.642094017094" y="248.375"/>
<celldesigner:singleLine width="1.0"/>
<celldesigner:paint color="ffccffcc" scheme="Color"/>
</celldesigner:innerAlias>
<celldesigner:innerAlias heterodimerEntry="inner1">
<celldesigner:activity>inactive</celldesigner:activity>
<celldesigner:bounds h="18.849999999999994" w="56.27438722398217" x="979.6078315332369" y="268.525"/>
<celldesigner:singleLine width="1.0"/>
<celldesigner:paint color="ffccffcc" scheme="Color"/>
</celldesigner:innerAlias>
</celldesigner:listOfInnerAliases>
</celldesigner:speciesAlias>
<celldesigner:speciesAlias compartmentAlias="ca7" id="a21" species="s20">
<celldesigner:activity>inactive</celldesigner:activity>
<celldesigner:bounds h="20.0" w="53.0" x="889.5181728880158" y="546.419878296146"/>
<celldesigner:singleLine width="1.0"/>
<celldesigner:paint color="ffccffcc" scheme="Color"/>
</celldesigner:speciesAlias>
<celldesigner:speciesAlias compartmentAlias="ca7" id="a30" species="s16">
<celldesigner:activity>active</celldesigner:activity>
<celldesigner:listOfInnerAliases>
<celldesigner:innerAlias heterodimerEntry="inner0">
<celldesigner:activity>inactive</celldesigner:activity>
<celldesigner:bounds h="18.0" w="60.0" x="947.0" y="436.0"/>
<celldesigner:singleLine width="1.0"/>
<celldesigner:paint color="ffccffcc" scheme="Color"/>
</celldesigner:innerAlias>
<celldesigner:innerAlias heterodimerEntry="inner1">
<celldesigner:activity>inactive</celldesigner:activity>
<celldesigner:bounds h="19.0" w="60.0" x="928.0" y="416.9130434782609"/>
<celldesigner:singleLine width="1.0"/>
<celldesigner:paint color="ffccffcc" scheme="Color"/>
</celldesigner:innerAlias>
</celldesigner:listOfInnerAliases>
</celldesigner:speciesAlias>
<celldesigner:speciesAlias compartmentAlias="ca7" id="a31" species="s20">
<celldesigner:activity>active</celldesigner:activity>
<celldesigner:bounds h="20.0" w="53.0" x="986.7419186652764" y="546.4108446298227"/>
<celldesigner:singleLine width="1.0"/>
<celldesigner:paint color="ffccffcc" scheme="Color"/>
</celldesigner:speciesAlias>
<celldesigner:speciesAlias compartmentAlias="ca5" id="a46" species="s28">
<celldesigner:activity>active</celldesigner:activity>
<celldesigner:bounds h="25.0" w="49.0" x="418.0" y="260.0"/>
<celldesigner:singleLine width="1.0"/>
<celldesigner:paint color="ffccffcc" scheme="Color"/>
</celldesigner:speciesAlias>
<celldesigner:speciesAlias compartmentAlias="ca5" id="a47" species="s29">
<celldesigner:activity>inactive</celldesigner:activity>
<celldesigner:bounds h="21.0" w="42.0" x="285.0" y="303.0"/>
<celldesigner:singleLine width="1.0"/>
<celldesigner:paint color="ffccff66" scheme="Color"/>
</celldesigner:speciesAlias>
<celldesigner:speciesAlias compartmentAlias="ca5" id="a48" species="s30">
<celldesigner:activity>inactive</celldesigner:activity>
<celldesigner:bounds h="20.0" w="38.0" x="351.0" y="303.0"/>
<celldesigner:singleLine width="1.0"/>
<celldesigner:paint color="ffccff66" scheme="Color"/>
</celldesigner:speciesAlias>
<celldesigner:speciesAlias compartmentAlias="ca5" id="a67" species="s43">
<celldesigner:activity>inactive</celldesigner:activity>
<celldesigner:bounds h="31.0" w="83.0" x="584.0" y="139.0"/>
<celldesigner:singleLine width="1.0"/>
<celldesigner:paint color="ffccffcc" scheme="Color"/>
</celldesigner:speciesAlias>
<celldesigner:speciesAlias compartmentAlias="ca12" id="a68" species="s44">
<celldesigner:activity>inactive</celldesigner:activity>
<celldesigner:bounds h="28.0" w="69.0" x="282.0" y="607.0"/>
<celldesigner:singleLine width="1.0"/>
<celldesigner:paint color="ffccffcc" scheme="Color"/>
</celldesigner:speciesAlias>
<celldesigner:speciesAlias compartmentAlias="ca12" id="a69" species="s47">
<celldesigner:activity>active</celldesigner:activity>
<celldesigner:bounds h="54.0" w="90.0" x="363.0" y="646.0"/>
<celldesigner:singleLine width="1.0"/>
<celldesigner:paint color="ffccffcc" scheme="Color"/>
</celldesigner:speciesAlias>
<celldesigner:speciesAlias compartmentAlias="ca12" id="a70" species="s47">
<celldesigner:activity>inactive</celldesigner:activity>
<celldesigner:bounds h="54.0" w="90.0" x="184.23182711198433" y="646.0"/>
<celldesigner:singleLine width="1.0"/>
<celldesigner:paint color="ffccffcc" scheme="Color"/>
</celldesigner:speciesAlias>
<celldesigner:speciesAlias compartmentAlias="ca6" id="a12" species="s8">
<celldesigner:activity>inactive</celldesigner:activity>
<celldesigner:listOfInnerAliases>
<celldesigner:innerAlias heterodimerEntry="inner0">
<celldesigner:activity>inactive</celldesigner:activity>
<celldesigner:bounds h="20.0" w="39.0" x="810.75" y="233.5490196078432"/>
<celldesigner:singleLine width="1.0"/>
<celldesigner:paint color="ffccffcc" scheme="Color"/>
</celldesigner:innerAlias>
<celldesigner:innerAlias heterodimerEntry="inner1">
<celldesigner:activity>inactive</celldesigner:activity>
<celldesigner:bounds h="20.0" w="53.0" x="849.75" y="234.10885733603783"/>
<celldesigner:singleLine width="1.0"/>
<celldesigner:paint color="ffccffcc" scheme="Color"/>
</celldesigner:innerAlias>
</celldesigner:listOfInnerAliases>
</celldesigner:speciesAlias>
<celldesigner:speciesAlias compartmentAlias="ca6" id="a76" species="s51">
<celldesigner:activity>inactive</celldesigner:activity>
<celldesigner:bounds h="20.0" w="39.0" x="794.25" y="126.58012170385399"/>
<celldesigner:singleLine width="1.0"/>
<celldesigner:paint color="ffccffcc" scheme="Color"/>
</celldesigner:speciesAlias>
<celldesigner:speciesAlias compartmentAlias="ca6" id="a77" species="s52">
<celldesigner:activity>inactive</celldesigner:activity>
<celldesigner:bounds h="20.0" w="53.0" x="872.25" y="123.41987829614595"/>
<celldesigner:singleLine width="1.0"/>
<celldesigner:paint color="ffccffcc" scheme="Color"/>
</celldesigner:speciesAlias>
<celldesigner:speciesAlias compartmentAlias="ca7" id="a78" species="s53">
<celldesigner:activity>active</celldesigner:activity>
<celldesigner:bounds h="20.0" w="39.0" x="791.5" y="555.0"/>
<celldesigner:singleLine width="1.0"/>
<celldesigner:paint color="ffccffcc" scheme="Color"/>
</celldesigner:speciesAlias>
<celldesigner:speciesAlias compartmentAlias="ca7" id="a80" species="s55">
<celldesigner:activity>inactive</celldesigner:activity>
<celldesigner:bounds h="18.0" w="60.0" x="1048.25" y="483.3152173913044"/>
<celldesigner:singleLine width="1.0"/>
<celldesigner:paint color="ffccffcc" scheme="Color"/>
</celldesigner:speciesAlias>
<celldesigner:speciesAlias compartmentAlias="ca7" id="a81" species="s56">
<celldesigner:activity>inactive</celldesigner:activity>
<celldesigner:bounds h="19.0" w="60.0" x="1051.75" y="415.9347826086956"/>
<celldesigner:singleLine width="1.0"/>
<celldesigner:paint color="ffccffcc" scheme="Color"/>
</celldesigner:speciesAlias>
<celldesigner:speciesAlias compartmentAlias="ca6" id="a83" species="s58">
<celldesigner:activity>inactive</celldesigner:activity>
<celldesigner:bounds h="20.150000000000002" w="59.836057301449436" x="951.0289207702685" y="137.78750000000002"/>
<celldesigner:singleLine width="1.0"/>
<celldesigner:paint color="ffccffcc" scheme="Color"/>
</celldesigner:speciesAlias>
<celldesigner:speciesAlias compartmentAlias="ca6" id="a84" species="s59">
<celldesigner:activity>inactive</celldesigner:activity>
<celldesigner:bounds h="18.849999999999994" w="56.27438722398217" x="1026.5871095251161" y="168.6875"/>
<celldesigner:singleLine width="1.0"/>
<celldesigner:paint color="ffccffcc" scheme="Color"/>
</celldesigner:speciesAlias>
<celldesigner:speciesAlias compartmentAlias="ca9" id="a91" species="s66">
<celldesigner:activity>inactive</celldesigner:activity>
<celldesigner:bounds h="25.0" w="50.0" x="115.5" y="279.5"/>
<celldesigner:singleLine width="1.0"/>
<celldesigner:paint color="ffccffcc" scheme="Color"/>
</celldesigner:speciesAlias>
<celldesigner:speciesAlias compartmentAlias="ca5" id="a92" species="s67">
<celldesigner:activity>inactive</celldesigner:activity>
<celldesigner:bounds h="41.0" w="57.0" x="197.0" y="44.5"/>
<celldesigner:singleLine width="1.0"/>
<celldesigner:paint color="ffccffcc" scheme="Color"/>
</celldesigner:speciesAlias>
<celldesigner:speciesAlias compartmentAlias="ca10" id="a93" species="s68">
<celldesigner:activity>active</celldesigner:activity>
<celldesigner:listOfInnerAliases>
<celldesigner:innerAlias heterodimerEntry="inner0">
<celldesigner:activity>inactive</celldesigner:activity>
<celldesigner:bounds h="41.0" w="57.0" x="335.34152568967" y="130.25"/>
<celldesigner:singleLine width="1.0"/>
<celldesigner:paint color="ffccffcc" scheme="Color"/>
</celldesigner:innerAlias>
<celldesigner:innerAlias heterodimerEntry="inner1">
<celldesigner:activity>inactive</celldesigner:activity>
<celldesigner:bounds h="25.0" w="50.0" x="335.0430951919541" y="105.25"/>
<celldesigner:singleLine width="1.0"/>
<celldesigner:paint color="ffccffcc" scheme="Color"/>
</celldesigner:innerAlias>
</celldesigner:listOfInnerAliases>
</celldesigner:speciesAlias>
<celldesigner:speciesAlias compartmentAlias="ca5" id="a94" species="s69">
<celldesigner:activity>inactive</celldesigner:activity>
<celldesigner:bounds h="25.0" w="49.0" x="242.25" y="259.5"/>
<celldesigner:singleLine width="1.0"/>
<celldesigner:paint color="ffccffcc" scheme="Color"/>
</celldesigner:speciesAlias>
<celldesigner:speciesAlias compartmentAlias="ca11" id="a98" species="s74">
<celldesigner:activity>inactive</celldesigner:activity>
<celldesigner:listOfInnerAliases>
<celldesigner:innerAlias heterodimerEntry="inner0">
<celldesigner:activity>inactive</celldesigner:activity>
<celldesigner:bounds h="41.0" w="57.0" x="561.223822873287" y="257.25"/>
<celldesigner:singleLine width="1.0"/>
<celldesigner:paint color="ffccffcc" scheme="Color"/>
</celldesigner:innerAlias>
<celldesigner:innerAlias heterodimerEntry="inner1">
<celldesigner:activity>inactive</celldesigner:activity>
<celldesigner:bounds h="25.0" w="50.0" x="560.925392375571" y="232.25"/>
<celldesigner:singleLine width="1.0"/>
<celldesigner:paint color="ffccffcc" scheme="Color"/>
</celldesigner:innerAlias>
</celldesigner:listOfInnerAliases>
</celldesigner:speciesAlias>
<celldesigner:speciesAlias compartmentAlias="ca5" id="a102" species="s77">
<celldesigner:activity>inactive</celldesigner:activity>
<celldesigner:bounds h="25.0" w="50.0" x="519.526177126713" y="53.75"/>
<celldesigner:singleLine width="1.0"/>
<celldesigner:paint color="ffccffcc" scheme="Color"/>
</celldesigner:speciesAlias>
<celldesigner:speciesAlias compartmentAlias="ca5" id="a103" species="s78">
<celldesigner:activity>inactive</celldesigner:activity>
<celldesigner:bounds h="30.0" w="30.0" x="670.526177126713" y="51.25"/>
<celldesigner:singleLine width="1.0"/>
<celldesigner:paint color="ffffcccc" scheme="Color"/>
</celldesigner:speciesAlias>
<celldesigner:speciesAlias compartmentAlias="ca8" id="a104" species="s79">
<celldesigner:activity>inactive</celldesigner:activity>
<celldesigner:bounds h="25.0" w="50.0" x="337.0" y="432.5"/>
<celldesigner:singleLine width="1.0"/>
<celldesigner:paint color="ffccffcc" scheme="Color"/>
</celldesigner:speciesAlias>
</celldesigner:listOfSpeciesAliases>
<celldesigner:listOfGroups/>
<celldesigner:listOfProteins>
<celldesigner:protein id="p1" name="Cyclin D" type="GENERIC"/>
<celldesigner:protein id="p2" name="Cdk4/6" type="GENERIC"/>
<celldesigner:protein id="p4" name="E2F" type="GENERIC"/>
<celldesigner:protein id="p13" name="Protein_br_kinase_br_subunit" type="GENERIC"/>
<celldesigner:protein id="p15" name="APC " type="GENERIC">
<celldesigner:listOfModificationResidues>
<celldesigner:modificationResidue id="rs1"/>
</celldesigner:listOfModificationResidues>
</celldesigner:protein>
<celldesigner:protein id="p17" name="Proteasome" type="GENERIC"/>
<celldesigner:protein id="p18" name="CdkC" type="GENERIC"/>
<celldesigner:protein id="p19" name="Pre-replication_br_Complex" type="GENERIC"/>
<celldesigner:protein id="p8" name="Cyclin E" type="GENERIC"/>
<celldesigner:protein id="p7" name="Cdk2" type="GENERIC"/>
<celldesigner:protein id="p3" name="Rb" type="GENERIC">
<celldesigner:listOfModificationResidues>
<celldesigner:modificationResidue id="rs1"/>
</celldesigner:listOfModificationResidues>
</celldesigner:protein>
<celldesigner:protein id="p20" name="Cyclin B" type="GENERIC">
<celldesigner:listOfModificationResidues>
<celldesigner:modificationResidue id="rs1"/>
</celldesigner:listOfModificationResidues>
</celldesigner:protein>
</celldesigner:listOfProteins>
<celldesigner:listOfBlockDiagrams/>
</annotation>
<listOfCompartments>
<compartment name="default" volume="1.0"/>
<compartment name="c5" outside="default" volume="1.0">
<annotation>
<celldesigner:name>Mitosis</celldesigner:name>
</annotation>
</compartment>
<compartment name="c6" outside="default" volume="1.0">
<annotation>
<celldesigner:name>Mid G_sub_1_endsub_</celldesigner:name>
</annotation>
</compartment>
<compartment name="c7" outside="default" volume="1.0">
<annotation>
<celldesigner:name>Late G_sub_1_endsub_</celldesigner:name>
</annotation>
</compartment>
<compartment name="c8" outside="c5" volume="1.0">
<annotation>
<celldesigner:name>Telophase</celldesigner:name>
</annotation>
</compartment>
<compartment name="c9" outside="c5" volume="1.0">
<annotation>
<celldesigner:name>Interphase_br_Prophase</celldesigner:name>
</annotation>
</compartment>
<compartment name="c10" outside="c5" volume="1.0">
<annotation>
<celldesigner:name>Metaphase</celldesigner:name>
</annotation>
</compartment>
<compartment name="c11" outside="c5" volume="1.0">
<annotation>
<celldesigner:name>Anaphase</celldesigner:name>
</annotation>
</compartment>
<compartment name="c12" outside="default" volume="1.0">
<annotation>
<celldesigner:name>S Phase</celldesigner:name>
</annotation>
</compartment>
</listOfCompartments>
<listOfSpecies>
<species compartment="c6" initialAmount="0.0" name="s4">
<notes>
<html xmlns="http://www.w3.org/1999/xhtml">
<!--Notes by CellDesigner-->
<body>
Long Name:  Long Name:  Long name not specified
Synonym:  Synonym not specified
Accession:  U05141
Heterodimer Member Info:  Cdk4/6#PROTEIN#Cdk4/6#P00479##;Cyclin D#PROTEIN#Cyclin D#P00484##
</body>
</html>
</notes>
<annotation>
<celldesigner:positionToCompartment>inside</celldesigner:positionToCompartment>
<celldesigner:heterodimerIdentity>
<celldesigner:listOfHeterodimerEntries>
<celldesigner:heterodimerEntry innerId="inner0" originalSpecies="unknown">
<celldesigner:class>PROTEIN</celldesigner:class>
<celldesigner:proteinReference>p2</celldesigner:proteinReference>
</celldesigner:heterodimerEntry>
<celldesigner:heterodimerEntry innerId="inner1" originalSpecies="unknown">
<celldesigner:class>PROTEIN</celldesigner:class>
<celldesigner:proteinReference>p1</celldesigner:proteinReference>
</celldesigner:heterodimerEntry>
</celldesigner:listOfHeterodimerEntries>
</celldesigner:heterodimerIdentity>
<celldesigner:listOfCatalyzedReactions>
<celldesigner:catalyzed reaction="r25"/>
</celldesigner:listOfCatalyzedReactions>
</annotation>
</species>
<species compartment="c7" initialAmount="0.0" name="s20">
<notes>
<html xmlns="http://www.w3.org/1999/xhtml">
<!--Notes by CellDesigner-->
<body>
Long Name:  E2F
Synonym:  Synonym not specified
Accession:  P00488
</body>
</html>
</notes>
<annotation>
<celldesigner:positionToCompartment>inside</celldesigner:positionToCompartment>
<celldesigner:speciesIdentity>
<celldesigner:class>PROTEIN</celldesigner:class>
<celldesigner:proteinReference>p4</celldesigner:proteinReference>
</celldesigner:speciesIdentity>
<celldesigner:listOfCatalyzedReactions>
<celldesigner:catalyzed reaction="r3"/>
<celldesigner:catalyzed reaction="r26"/>
</celldesigner:listOfCatalyzedReactions>
</annotation>
</species>
<species compartment="c5" initialAmount="0.0" name="s28">
<notes>
<html xmlns="http://www.w3.org/1999/xhtml">
<!--Notes by CellDesigner-->
<body>
Long Name:  APC
Synonym:  Synonym not specified
Accession:  P00481
</body>
</html>
</notes>
<annotation>
<celldesigner:positionToCompartment>inside</celldesigner:positionToCompartment>
<celldesigner:speciesIdentity>
<celldesigner:class>PROTEIN</celldesigner:class>
<celldesigner:proteinReference>p15</celldesigner:proteinReference>
<celldesigner:state>
<celldesigner:listOfModifications>
<celldesigner:modification residue="rs1" state="phosphorylated"/>
</celldesigner:listOfModifications>
</celldesigner:state>
</celldesigner:speciesIdentity>
<celldesigner:listOfCatalyzedReactions>
<celldesigner:catalyzed reaction="r31"/>
</celldesigner:listOfCatalyzedReactions>
</annotation>
</species>
<species compartment="c5" initialAmount="0.0" name="s29">
<notes>
<html xmlns="http://www.w3.org/1999/xhtml">
<!--Notes by CellDesigner-->
<body>
Long Name:  ATP
Synonym:  Synonym not specified
Accession:  S01614
</body>
</html>
</notes>
<annotation>
<celldesigner:positionToCompartment>inside</celldesigner:positionToCompartment>
<celldesigner:speciesIdentity>
<celldesigner:class>SIMPLE_MOLECULE</celldesigner:class>
<celldesigner:name>ATP</celldesigner:name>
</celldesigner:speciesIdentity>
</annotation>
</species>
<species compartment="c5" initialAmount="0.0" name="s30">
<notes>
<html xmlns="http://www.w3.org/1999/xhtml">
<!--Notes by CellDesigner-->
<body>
Long Name:  ADP
Synonym:  Synonym not specified
Accession:  S01615
</body>
</html>
</notes>
<annotation>
<celldesigner:positionToCompartment>inside</celldesigner:positionToCompartment>
<celldesigner:speciesIdentity>
<celldesigner:class>SIMPLE_MOLECULE</celldesigner:class>
<celldesigner:name>ADP</celldesigner:name>
</celldesigner:speciesIdentity>
</annotation>
</species>
<species compartment="c5" initialAmount="0.0" name="s43">
<notes>
<html xmlns="http://www.w3.org/1999/xhtml">
<!--Notes by CellDesigner-->
<body>
Long Name:  Proteasome
Synonym:  Synonym not specified
Accession:  P00480
</body>
</html>
</notes>
<annotation>
<celldesigner:positionToCompartment>inside</celldesigner:positionToCompartment>
<celldesigner:speciesIdentity>
<celldesigner:class>PROTEIN</celldesigner:class>
<celldesigner:proteinReference>p17</celldesigner:proteinReference>
</celldesigner:speciesIdentity>
<celldesigner:listOfCatalyzedReactions>
<celldesigner:catalyzed reaction="r35"/>
</celldesigner:listOfCatalyzedReactions>
</annotation>
</species>
<species compartment="c12" initialAmount="0.0" name="s44">
<notes>
<html xmlns="http://www.w3.org/1999/xhtml">
<!--Notes by CellDesigner-->
<body>
Long Name:  CdkC
Synonym:  Synonym not specified
Accession:  P00489
</body>
</html>
</notes>
<annotation>
<celldesigner:positionToCompartment>inside</celldesigner:positionToCompartment>
<celldesigner:speciesIdentity>
<celldesigner:class>PROTEIN</celldesigner:class>
<celldesigner:proteinReference>p18</celldesigner:proteinReference>
</celldesigner:speciesIdentity>
<celldesigner:listOfCatalyzedReactions>
<celldesigner:catalyzed reaction="r23"/>
</celldesigner:listOfCatalyzedReactions>
</annotation>
</species>
<species compartment="c12" initialAmount="0.0" name="s47">
<notes>
<html xmlns="http://www.w3.org/1999/xhtml">
<!--Notes by CellDesigner-->
<body>
Long Name:  Pre-replication Complex
Synonym:  Synonym not specified
Accession:  P00478
</body>
</html>
</notes>
<annotation>
<celldesigner:positionToCompartment>inside</celldesigner:positionToCompartment>
<celldesigner:speciesIdentity>
<celldesigner:class>PROTEIN</celldesigner:class>
<celldesigner:proteinReference>p19</celldesigner:proteinReference>
</celldesigner:speciesIdentity>
</annotation>
</species>
<species compartment="c6" initialAmount="0.0" name="s52">
<notes>
<html xmlns="http://www.w3.org/1999/xhtml">
<!--Notes by CellDesigner-->
<body>
Long Name:  E2F
Synonym:  Synonym not specified
Accession:  P00488
</body>
</html>
</notes>
<annotation>
<celldesigner:positionToCompartment>inside</celldesigner:positionToCompartment>
<celldesigner:speciesIdentity>
<celldesigner:class>PROTEIN</celldesigner:class>
<celldesigner:proteinReference>p4</celldesigner:proteinReference>
</celldesigner:speciesIdentity>
</annotation>
</species>
<species compartment="c7" initialAmount="0.0" name="s16">
<notes>
<html xmlns="http://www.w3.org/1999/xhtml">
<!--Notes by CellDesigner-->
<body>
Long Name:  Long Name:  Long name not specified
Synonym:  Synonym not specified
Accession:  U05142
Heterodimer Member Info:  Cyclin E#PROTEIN#Cyclin E#P00483##;Cdk2#PROTEIN#Cdk2#P00485##
</body>
</html>
</notes>
<annotation>
<celldesigner:positionToCompartment>inside</celldesigner:positionToCompartment>
<celldesigner:heterodimerIdentity>
<celldesigner:listOfHeterodimerEntries>
<celldesigner:heterodimerEntry innerId="inner0" originalSpecies="unknown">
<celldesigner:class>PROTEIN</celldesigner:class>
<celldesigner:proteinReference>p8</celldesigner:proteinReference>
</celldesigner:heterodimerEntry>
<celldesigner:heterodimerEntry innerId="inner1" originalSpecies="unknown">
<celldesigner:class>PROTEIN</celldesigner:class>
<celldesigner:proteinReference>p7</celldesigner:proteinReference>
</celldesigner:heterodimerEntry>
</celldesigner:listOfHeterodimerEntries>
</celldesigner:heterodimerIdentity>
<celldesigner:listOfCatalyzedReactions>
<celldesigner:catalyzed reaction="r25"/>
</celldesigner:listOfCatalyzedReactions>
</annotation>
</species>
<species compartment="c7" initialAmount="0.0" name="s55">
<notes>
<html xmlns="http://www.w3.org/1999/xhtml">
<!--Notes by CellDesigner-->
<body>
Long Name:  Cyclin E
Synonym:  Synonym not specified
Accession:  P00483
</body>
</html>
</notes>
<annotation>
<celldesigner:positionToCompartment>inside</celldesigner:positionToCompartment>
<celldesigner:speciesIdentity>
<celldesigner:class>PROTEIN</celldesigner:class>
<celldesigner:proteinReference>p8</celldesigner:proteinReference>
</celldesigner:speciesIdentity>
</annotation>
</species>
<species compartment="c7" initialAmount="0.0" name="s56">
<notes>
<html xmlns="http://www.w3.org/1999/xhtml">
<!--Notes by CellDesigner-->
<body>
Long Name:  Cdk2
Synonym:  Synonym not specified
Accession:  P00485
</body>
</html>
</notes>
<annotation>
<celldesigner:positionToCompartment>inside</celldesigner:positionToCompartment>
<celldesigner:speciesIdentity>
<celldesigner:class>PROTEIN</celldesigner:class>
<celldesigner:proteinReference>p7</celldesigner:proteinReference>
</celldesigner:speciesIdentity>
</annotation>
</species>
<species compartment="c6" initialAmount="0.0" name="s58">
<notes>
<html xmlns="http://www.w3.org/1999/xhtml">
<!--Notes by CellDesigner-->
<body>
Long Name:  Cdk4/6
Synonym:  Synonym not specified
Accession:  P00479
</body>
</html>
</notes>
<annotation>
<celldesigner:positionToCompartment>inside</celldesigner:positionToCompartment>
<celldesigner:speciesIdentity>
<celldesigner:class>PROTEIN</celldesigner:class>
<celldesigner:proteinReference>p2</celldesigner:proteinReference>
</celldesigner:speciesIdentity>
</annotation>
</species>
<species compartment="c6" initialAmount="0.0" name="s59">
<notes>
<html xmlns="http://www.w3.org/1999/xhtml">
<!--Notes by CellDesigner-->
<body>
Long Name:  Cyclin D
Synonym:  Synonym not specified
Accession:  P00484
</body>
</html>
</notes>
<annotation>
<celldesigner:positionToCompartment>inside</celldesigner:positionToCompartment>
<celldesigner:speciesIdentity>
<celldesigner:class>PROTEIN</celldesigner:class>
<celldesigner:proteinReference>p1</celldesigner:proteinReference>
</celldesigner:speciesIdentity>
</annotation>
</species>
<species compartment="c6" initialAmount="0.0" name="s8">
<notes>
<html xmlns="http://www.w3.org/1999/xhtml">
<!--Notes by CellDesigner-->
<body>
Long Name:  Long Name:  Long name not specified
Synonym:  Synonym not specified
Accession:  U05144
Heterodimer Member Info:  Rb#PROTEIN#Rb#P00487##;E2F#PROTEIN#E2F#P00488##
</body>
</html>
</notes>
<annotation>
<celldesigner:positionToCompartment>inside</celldesigner:positionToCompartment>
<celldesigner:heterodimerIdentity>
<celldesigner:listOfHeterodimerEntries>
<celldesigner:heterodimerEntry innerId="inner0" originalSpecies="unknown">
<celldesigner:class>PROTEIN</celldesigner:class>
<celldesigner:proteinReference>p3</celldesigner:proteinReference>
</celldesigner:heterodimerEntry>
<celldesigner:heterodimerEntry innerId="inner1" originalSpecies="unknown">
<celldesigner:class>PROTEIN</celldesigner:class>
<celldesigner:proteinReference>p4</celldesigner:proteinReference>
</celldesigner:heterodimerEntry>
</celldesigner:listOfHeterodimerEntries>
</celldesigner:heterodimerIdentity>
</annotation>
</species>
<species compartment="c6" initialAmount="0.0" name="s51">
<notes>
<html xmlns="http://www.w3.org/1999/xhtml">
<!--Notes by CellDesigner-->
<body>
Long Name:  Rb
Synonym:  Synonym not specified
Accession:  P00487
</body>
</html>
</notes>
<annotation>
<celldesigner:positionToCompartment>inside</celldesigner:positionToCompartment>
<celldesigner:speciesIdentity>
<celldesigner:class>PROTEIN</celldesigner:class>
<celldesigner:proteinReference>p3</celldesigner:proteinReference>
</celldesigner:speciesIdentity>
</annotation>
</species>
<species compartment="c7" initialAmount="0.0" name="s53">
<notes>
<html xmlns="http://www.w3.org/1999/xhtml">
<!--Notes by CellDesigner-->
<body>
Long Name:  Rb
Synonym:  Synonym not specified
Accession:  P00487
</body>
</html>
</notes>
<annotation>
<celldesigner:positionToCompartment>inside</celldesigner:positionToCompartment>
<celldesigner:speciesIdentity>
<celldesigner:class>PROTEIN</celldesigner:class>
<celldesigner:proteinReference>p3</celldesigner:proteinReference>
<celldesigner:state>
<celldesigner:listOfModifications>
<celldesigner:modification residue="rs1" state="phosphorylated"/>
</celldesigner:listOfModifications>
</celldesigner:state>
</celldesigner:speciesIdentity>
</annotation>
</species>
<species compartment="c5" initialAmount="0.0" name="s67">
<notes>
<html xmlns="http://www.w3.org/1999/xhtml">
<!--Notes by CellDesigner-->
<body>
Long Name:  Protein kinase subunit
Synonym:  Synonym not specified
Accession:  P00482
</body>
</html>
</notes>
<annotation>
<celldesigner:positionToCompartment>inside</celldesigner:positionToCompartment>
<celldesigner:speciesIdentity>
<celldesigner:class>PROTEIN</celldesigner:class>
<celldesigner:proteinReference>p13</celldesigner:proteinReference>
</celldesigner:speciesIdentity>
</annotation>
</species>
<species compartment="c5" initialAmount="0.0" name="s69">
<notes>
<html xmlns="http://www.w3.org/1999/xhtml">
<!--Notes by CellDesigner-->
<body>
Long Name:  APC
Synonym:  Synonym not specified
Accession:  P00481
</body>
</html>
</notes>
<annotation>
<celldesigner:positionToCompartment>inside</celldesigner:positionToCompartment>
<celldesigner:speciesIdentity>
<celldesigner:class>PROTEIN</celldesigner:class>
<celldesigner:proteinReference>p15</celldesigner:proteinReference>
</celldesigner:speciesIdentity>
</annotation>
</species>
<species compartment="c9" initialAmount="0.0" name="s66">
<notes>
<html xmlns="http://www.w3.org/1999/xhtml">
<!--Notes by CellDesigner-->
<body>
Long Name:  Cyclin B
Synonym:  Synonym not specified
Accession:  P00486
</body>
</html>
</notes>
<annotation>
<celldesigner:positionToCompartment>inside</celldesigner:positionToCompartment>
<celldesigner:speciesIdentity>
<celldesigner:class>PROTEIN</celldesigner:class>
<celldesigner:proteinReference>p20</celldesigner:proteinReference>
</celldesigner:speciesIdentity>
</annotation>
</species>
<species compartment="c10" initialAmount="0.0" name="s68">
<notes>
<html xmlns="http://www.w3.org/1999/xhtml">
<!--Notes by CellDesigner-->
<body>
Long Name:  Long Name:  Long name not specified
Synonym:  Synonym not specified
Accession:  U05140
Heterodimer Member Info:  Protein kinase subunit#PROTEIN#Protein kinase subunit#P00482##;Cyclin B#PROTEIN#Cyclin B#P00486##
</body>
</html>
</notes>
<annotation>
<celldesigner:positionToCompartment>inside</celldesigner:positionToCompartment>
<celldesigner:heterodimerIdentity>
<celldesigner:listOfHeterodimerEntries>
<celldesigner:heterodimerEntry innerId="inner0" originalSpecies="unknown">
<celldesigner:class>PROTEIN</celldesigner:class>
<celldesigner:proteinReference>p13</celldesigner:proteinReference>
</celldesigner:heterodimerEntry>
<celldesigner:heterodimerEntry innerId="inner1" originalSpecies="unknown">
<celldesigner:class>PROTEIN</celldesigner:class>
<celldesigner:proteinReference>p20</celldesigner:proteinReference>
</celldesigner:heterodimerEntry>
</celldesigner:listOfHeterodimerEntries>
</celldesigner:heterodimerIdentity>
<celldesigner:listOfCatalyzedReactions>
<celldesigner:catalyzed reaction="r29"/>
</celldesigner:listOfCatalyzedReactions>
</annotation>
</species>
<species compartment="c11" initialAmount="0.0" name="s74">
<notes>
<html xmlns="http://www.w3.org/1999/xhtml">
<!--Notes by CellDesigner-->
<body>
Long Name:  Long Name:  Long name not specified
Synonym:  Synonym not specified
Accession:  U05143
Heterodimer Member Info:  Protein kinase subunit#PROTEIN#Protein kinase subunit#P00482##;Cyclin B#PROTEIN#Cyclin B#P00486##
</body>
</html>
</notes>
<annotation>
<celldesigner:positionToCompartment>inside</celldesigner:positionToCompartment>
<celldesigner:heterodimerIdentity>
<celldesigner:listOfHeterodimerEntries>
<celldesigner:heterodimerEntry innerId="inner0" originalSpecies="unknown">
<celldesigner:class>PROTEIN</celldesigner:class>
<celldesigner:proteinReference>p13</celldesigner:proteinReference>
</celldesigner:heterodimerEntry>
<celldesigner:heterodimerEntry innerId="inner1" originalSpecies="unknown">
<celldesigner:class>PROTEIN</celldesigner:class>
<celldesigner:proteinReference>p20</celldesigner:proteinReference>
<celldesigner:state>
<celldesigner:listOfModifications>
<celldesigner:modification residue="rs1" state="ubiquitinated"/>
</celldesigner:listOfModifications>
</celldesigner:state>
</celldesigner:heterodimerEntry>
</celldesigner:listOfHeterodimerEntries>
</celldesigner:heterodimerIdentity>
</annotation>
</species>
<species compartment="c5" initialAmount="0.0" name="s77">
<notes>
<html xmlns="http://www.w3.org/1999/xhtml">
<!--Notes by CellDesigner-->
<body>
Long Name:  Cyclin B
Synonym:  Synonym not specified
Accession:  P00486
</body>
</html>
</notes>
<annotation>
<celldesigner:positionToCompartment>inside</celldesigner:positionToCompartment>
<celldesigner:speciesIdentity>
<celldesigner:class>PROTEIN</celldesigner:class>
<celldesigner:proteinReference>p20</celldesigner:proteinReference>
<celldesigner:state>
<celldesigner:listOfModifications>
<celldesigner:modification residue="rs1" state="ubiquitinated"/>
</celldesigner:listOfModifications>
</celldesigner:state>
</celldesigner:speciesIdentity>
</annotation>
</species>
<species compartment="c5" initialAmount="0.0" name="s78">
<notes>
<html xmlns="http://www.w3.org/1999/xhtml">
<!--Notes by CellDesigner-->
<body>
Long Name:  a102_degraded
Synonym:  Synonym not specified
Accession:  U02199
</body>
</html>
</notes>
<annotation>
<celldesigner:positionToCompartment>inside</celldesigner:positionToCompartment>
<celldesigner:speciesIdentity>
<celldesigner:class>DEGRADED</celldesigner:class>
<celldesigner:name>a102_degraded</celldesigner:name>
</celldesigner:speciesIdentity>
</annotation>
</species>
<species compartment="c8" initialAmount="0.0" name="s79">
<notes>
<html xmlns="http://www.w3.org/1999/xhtml">
<!--Notes by CellDesigner-->
<body>
Long Name:  Cyclin B
Synonym:  Synonym not specified
Accession:  P00486
</body>
</html>
</notes>
<annotation>
<celldesigner:positionToCompartment>inside</celldesigner:positionToCompartment>
<celldesigner:speciesIdentity>
<celldesigner:class>PROTEIN</celldesigner:class>
<celldesigner:proteinReference>p20</celldesigner:proteinReference>
</celldesigner:speciesIdentity>
</annotation>
</species>
</listOfSpecies>
<listOfReactions>
<reaction name="r3" reversible="false">
<annotation>
<celldesigner:reactionType>STATE_TRANSITION</celldesigner:reactionType>
<celldesigner:baseReactants>s20</celldesigner:baseReactants>
<celldesigner:baseProducts>s20</celldesigner:baseProducts>
<celldesigner:editPoints>0.33333333333333304,8.881784197001252E-16 0.666666666666667,8.881784197001252E-16</celldesigner:editPoints>
<celldesigner:listOfModification>
<celldesigner:modification aliases="a31" editPoints="-1.1834924829495357,0.11307582802352911 0.5467267194340835,0.11991766056217301" modifiers="s20" offsetX="-15.0" offsetY="37.0" targetLineIndex="-1,0" type="CATALYSIS"/>
</celldesigner:listOfModification>
</annotation>
<listOfReactants>
<speciesReference species="s20">
<annotation>
<celldesigner:alias>a21</celldesigner:alias>
</annotation>
</speciesReference>
</listOfReactants>
<listOfProducts>
<speciesReference species="s20">
<annotation>
<celldesigner:alias>a31</celldesigner:alias>
</annotation>
</speciesReference>
</listOfProducts>
</reaction>
<reaction name="r23" reversible="false">
<annotation>
<celldesigner:reactionType>STATE_TRANSITION</celldesigner:reactionType>
<celldesigner:baseReactants>s47</celldesigner:baseReactants>
<celldesigner:baseProducts>s47</celldesigner:baseProducts>
<celldesigner:editPoints>0.33333333333333304,-8.881784197001252E-16 0.6666666666666665,0.0</celldesigner:editPoints>
<celldesigner:listOfModification>
<celldesigner:modification aliases="a68" editPoints="0.33333333333333215,0.0 0.6666666666666661,8.881784197001252E-16" modifiers="s44" targetLineIndex="-1,1" type="CATALYSIS"/>
</celldesigner:listOfModification>
</annotation>
<listOfReactants>
<speciesReference species="s47">
<annotation>
<celldesigner:alias>a70</celldesigner:alias>
</annotation>
</speciesReference>
</listOfReactants>
<listOfProducts>
<speciesReference species="s47">
<annotation>
<celldesigner:alias>a69</celldesigner:alias>
</annotation>
</speciesReference>
</listOfProducts>
</reaction>
<reaction name="r24" reversible="false">
<annotation>
<celldesigner:reactionType>HETERODIMER_ASSOCIATION</celldesigner:reactionType>
<celldesigner:baseReactants>s51,s52</celldesigner:baseReactants>
<celldesigner:baseProducts>s8</celldesigner:baseProducts>
<celldesigner:editPoints>0.33333333333333215,0.0 0.6666666666666643,1.7763568394002505E-15 0.33333333333333215,0.0 0.6666666666666661,0.0 0.33333333333333304,0.0 0.6666666666666665,-1.7763568394002505E-15 0.3333333333333339,0.3333333333333335</celldesigner:editPoints>
</annotation>
<listOfReactants>
<speciesReference species="s51">
<annotation>
<celldesigner:alias>a76</celldesigner:alias>
</annotation>
</speciesReference>
<speciesReference species="s52">
<annotation>
<celldesigner:alias>a77</celldesigner:alias>
</annotation>
</speciesReference>
</listOfReactants>
<listOfProducts>
<speciesReference species="s8">
<annotation>
<celldesigner:alias>a12</celldesigner:alias>
</annotation>
</speciesReference>
</listOfProducts>
</reaction>
<reaction name="r25" reversible="false">
<annotation>
<celldesigner:reactionType>DISSOCIATION</celldesigner:reactionType>
<celldesigner:baseReactants>s8</celldesigner:baseReactants>
<celldesigner:baseProducts>s53,s20</celldesigner:baseProducts>
<celldesigner:editPoints>0.3333333333333335,-8.881784197001252E-16 0.6666666666666665,-8.881784197001252E-16 0.3333333333333339,-3.552713678800501E-15 0.6666666666666661,0.0 0.33333333333333215,1.7763568394002505E-15 0.6666666666666661,0.0 0.33333333333337123,0.33333333333337123</celldesigner:editPoints>
<celldesigner:listOfModification>
<celldesigner:modification aliases="a30" editPoints="0.33333333333333215,-4.440892098500626E-16 0.6666666666666661,0.0" modifiers="s16" targetLineIndex="0,0" type="CATALYSIS"/>
<celldesigner:modification aliases="a6" editPoints="0.33333333333333304,4.440892098500626E-16 0.666666666666667,4.440892098500626E-16" modifiers="s4" targetLineIndex="0,2" type="CATALYSIS"/>
</celldesigner:listOfModification>
</annotation>
<listOfReactants>
<speciesReference species="s8">
<annotation>
<celldesigner:alias>a12</celldesigner:alias>
</annotation>
</speciesReference>
</listOfReactants>
<listOfProducts>
<speciesReference species="s53">
<annotation>
<celldesigner:alias>a78</celldesigner:alias>
</annotation>
</speciesReference>
<speciesReference species="s20">
<annotation>
<celldesigner:alias>a21</celldesigner:alias>
</annotation>
</speciesReference>
</listOfProducts>
</reaction>
<reaction name="r26" reversible="false">
<annotation>
<celldesigner:reactionType>HETERODIMER_ASSOCIATION</celldesigner:reactionType>
<celldesigner:baseReactants>s56,s55</celldesigner:baseReactants>
<celldesigner:baseProducts>s16</celldesigner:baseProducts>
<celldesigner:editPoints>0.3333333333333357,3.552713678800501E-15 0.6666666666666714,7.105427357601002E-15 0.3333333333333357,0.0 0.6666666666666679,-8.881784197001252E-16 0.3333333333333357,-8.881784197001252E-16 0.6666666666666661,-1.7763568394002505E-15 0.3333333333333357,0.33333333333333304</celldesigner:editPoints>
<celldesigner:listOfModification>
<celldesigner:modification aliases="a31" editPoints="0.3333333333333335,0.0 0.6666666666666661,0.0" modifiers="s20" targetLineIndex="2,0" type="CATALYSIS"/>
</celldesigner:listOfModification>
</annotation>
<listOfReactants>
<speciesReference species="s56">
<annotation>
<celldesigner:alias>a81</celldesigner:alias>
</annotation>
</speciesReference>
<speciesReference species="s55">
<annotation>
<celldesigner:alias>a80</celldesigner:alias>
</annotation>
</speciesReference>
</listOfReactants>
<listOfProducts>
<speciesReference species="s16">
<annotation>
<celldesigner:alias>a30</celldesigner:alias>
</annotation>
</speciesReference>
</listOfProducts>
</reaction>
<reaction name="r27" reversible="false">
<annotation>
<celldesigner:reactionType>HETERODIMER_ASSOCIATION</celldesigner:reactionType>
<celldesigner:baseReactants>s58,s59</celldesigner:baseReactants>
<celldesigner:baseProducts>s4</celldesigner:baseProducts>
<celldesigner:editPoints>0.33333333333333215,-1.7763568394002505E-15 0.6666666666666661,0.0 0.33333333333333215,-1.7763568394002505E-15 0.6666666666666714,-1.7763568394002505E-15 0.3333333333333338,0.0 0.6666666666666664,-3.552713678800501E-15 0.3333333333333339,0.3333333333333326</celldesigner:editPoints>
</annotation>
<listOfReactants>
<speciesReference species="s58">
<annotation>
<celldesigner:alias>a83</celldesigner:alias>
</annotation>
</speciesReference>
<speciesReference species="s59">
<annotation>
<celldesigner:alias>a84</celldesigner:alias>
</annotation>
</speciesReference>
</listOfReactants>
<listOfProducts>
<speciesReference species="s4">
<annotation>
<celldesigner:alias>a6</celldesigner:alias>
</annotation>
</speciesReference>
</listOfProducts>
</reaction>
<reaction name="r28" reversible="false">
<annotation>
<celldesigner:reactionType>HETERODIMER_ASSOCIATION</celldesigner:reactionType>
<celldesigner:baseReactants>s67,s66</celldesigner:baseReactants>
<celldesigner:baseProducts>s68</celldesigner:baseProducts>
<celldesigner:editPoints>0.33333333333333304,2.220446049250313E-16 0.6666666666666665,2.220446049250313E-16 0.33333333333333315,0.0 0.6666666666666666,4.440892098500626E-16 0.33333333333333304,-2.220446049250313E-16 0.6666666666666665,-2.220446049250313E-16 0.3333333333333335,0.33333333333333326</celldesigner:editPoints>
</annotation>
<listOfReactants>
<speciesReference species="s67">
<annotation>
<celldesigner:alias>a92</celldesigner:alias>
</annotation>
</speciesReference>
<speciesReference species="s66">
<annotation>
<celldesigner:alias>a91</celldesigner:alias>
</annotation>
</speciesReference>
</listOfReactants>
<listOfProducts>
<speciesReference species="s68">
<annotation>
<celldesigner:alias>a93</celldesigner:alias>
</annotation>
</speciesReference>
</listOfProducts>
</reaction>
<reaction name="r29" reversible="false">
<annotation>
<celldesigner:reactionType>STATE_TRANSITION</celldesigner:reactionType>
<celldesigner:baseReactants>s69</celldesigner:baseReactants>
<celldesigner:baseProducts>s28</celldesigner:baseProducts>
<celldesigner:listOfReactantLinks>
<celldesigner:reactantLink alias="a47" reactant="s29" targetLineIndex="-1,0"/>
</celldesigner:listOfReactantLinks>
<celldesigner:listOfProductLinks>
<celldesigner:productLink alias="a48" product="s30" targetLineIndex="-1,1"/>
</celldesigner:listOfProductLinks>
<celldesigner:editPoints>0.3333333333333339,2.220446049250313E-16 0.666666666666667,0.0</celldesigner:editPoints>
<celldesigner:listOfModification>
<celldesigner:modification aliases="a93" editPoints="0.33333333333333326,4.440892098500626E-16 0.666666666666667,4.440892098500626E-16" modifiers="s68" targetLineIndex="-1,1" type="CATALYSIS"/>
</celldesigner:listOfModification>
</annotation>
<listOfReactants>
<speciesReference species="s69">
<annotation>
<celldesigner:alias>a94</celldesigner:alias>
</annotation>
</speciesReference>
<speciesReference species="s29">
<annotation>
<celldesigner:alias>a47</celldesigner:alias>
</annotation>
</speciesReference>
</listOfReactants>
<listOfProducts>
<speciesReference species="s28">
<annotation>
<celldesigner:alias>a46</celldesigner:alias>
</annotation>
</speciesReference>
<speciesReference species="s30">
<annotation>
<celldesigner:alias>a48</celldesigner:alias>
</annotation>
</speciesReference>
</listOfProducts>
</reaction>
<reaction name="r31" reversible="false">
<annotation>
<celldesigner:reactionType>STATE_TRANSITION</celldesigner:reactionType>
<celldesigner:baseReactants>s68</celldesigner:baseReactants>
<celldesigner:baseProducts>s74</celldesigner:baseProducts>
<celldesigner:editPoints>0.33333333333333326,-2.7755575615628914E-16 0.6666666666666665,-6.106226635438361E-16</celldesigner:editPoints>
<celldesigner:listOfModification>
<celldesigner:modification aliases="a46" editPoints="0.3333333333333339,4.440892098500626E-16 0.666666666666667,4.440892098500626E-16" modifiers="s28" targetLineIndex="-1,1" type="CATALYSIS"/>
</celldesigner:listOfModification>
</annotation>
<listOfReactants>
<speciesReference species="s68">
<annotation>
<celldesigner:alias>a93</celldesigner:alias>
</annotation>
</speciesReference>
</listOfReactants>
<listOfProducts>
<speciesReference species="s74">
<annotation>
<celldesigner:alias>a98</celldesigner:alias>
</annotation>
</speciesReference>
</listOfProducts>
</reaction>
<reaction name="r35" reversible="false">
<annotation>
<celldesigner:reactionType>STATE_TRANSITION</celldesigner:reactionType>
<celldesigner:baseReactants>s77</celldesigner:baseReactants>
<celldesigner:baseProducts>s78</celldesigner:baseProducts>
<celldesigner:editPoints>0.3333333333333339,0.0 0.666666666666667,0.0</celldesigner:editPoints>
<celldesigner:listOfModification>
<celldesigner:modification aliases="a67" editPoints="0.3333333333333339,0.0 0.666666666666667,0.0" modifiers="s43" targetLineIndex="-1,1" type="CATALYSIS"/>
</celldesigner:listOfModification>
</annotation>
<listOfReactants>
<speciesReference species="s77">
<annotation>
<celldesigner:alias>a102</celldesigner:alias>
</annotation>
</speciesReference>
</listOfReactants>
<listOfProducts>
<speciesReference species="s78">
<annotation>
<celldesigner:alias>a103</celldesigner:alias>
</annotation>
</speciesReference>
</listOfProducts>
</reaction>
<reaction name="r36" reversible="false">
<annotation>
<celldesigner:reactionType>STATE_TRANSITION</celldesigner:reactionType>
<celldesigner:baseReactants>s79</celldesigner:baseReactants>
<celldesigner:baseProducts>s66</celldesigner:baseProducts>
<celldesigner:editPoints>0.3333333333333337,0.0 0.666666666666667,0.0</celldesigner:editPoints>
</annotation>
<listOfReactants>
<speciesReference species="s79">
<annotation>
<celldesigner:alias>a104</celldesigner:alias>
</annotation>
</speciesReference>
</listOfReactants>
<listOfProducts>
<speciesReference species="s66">
<annotation>
<celldesigner:alias>a91</celldesigner:alias>
</annotation>
</speciesReference>
</listOfProducts>
</reaction>
<reaction name="r38" reversible="false">
<annotation>
<celldesigner:reactionType>DISSOCIATION</celldesigner:reactionType>
<celldesigner:baseReactants>s74</celldesigner:baseReactants>
<celldesigner:baseProducts>s77,s67</celldesigner:baseProducts>
<celldesigner:editPoints>0.33333333333333304,0.0 0.6666666666666661,4.440892098500626E-16 0.33333333333333304,0.0 0.666666666666667,0.0 0.3269921673952103,0.18838882311277425 0.6950481373105912,0.12368402995252084 0.4630600477312547,0.174453851859244</celldesigner:editPoints>
</annotation>
<listOfReactants>
<speciesReference species="s74">
<annotation>
<celldesigner:alias>a98</celldesigner:alias>
</annotation>
</speciesReference>
</listOfReactants>
<listOfProducts>
<speciesReference species="s77">
<annotation>
<celldesigner:alias>a102</celldesigner:alias>
</annotation>
</speciesReference>
<speciesReference species="s67">
<annotation>
<celldesigner:alias>a92</celldesigner:alias>
</annotation>
</speciesReference>
</listOfProducts>
</reaction>
<reaction name="r39" reversible="false">
<annotation>
<celldesigner:reactionType>UNKNOWN_TRANSITION</celldesigner:reactionType>
<celldesigner:baseReactants>s74</celldesigner:baseReactants>
<celldesigner:baseProducts>s79</celldesigner:baseProducts>
<celldesigner:editPoints>0.33333333333333337,0.0 0.6666666666666667,4.440892098500626E-16</celldesigner:editPoints>
</annotation>
<listOfReactants>
<speciesReference species="s74">
<annotation>
<celldesigner:alias>a98</celldesigner:alias>
</annotation>
</speciesReference>
</listOfReactants>
<listOfProducts>
<speciesReference species="s79">
<annotation>
<celldesigner:alias>a104</celldesigner:alias>
</annotation>
</speciesReference>
</listOfProducts>
</reaction>
</listOfReactions>
</model>
</sbml>
