<?xml version="1.0" encoding="UTF-8"?>
<!-- Terms and Conditions -->
<!-- 
Copyright (C)) 2005 Applied Biosystems.  
This file may be copied and redistributed freely, without advance permission, 
provided that this Copyright statement is reproduced with each copy.  
 
LIMITATION OF WARRANTY 
NOTHING IN THIS AGREEMENT WILL BE CONSTRUED AS A REPRESENTATION MADE OR 
WARRANTY GIVEN BY APPLIED BIOSYSTEMS OR ANY THIRD PARTY THAT THE USE OF 
DATA PROVIDED HEREUNDER WILL NOT INFRINGE ANY PATENT, COPYRIGHT, TRADEMARK 
OR OTHER RIGHTS OF ANY THIRD PARTY. DATA IS PROVIDED "AS IS" WITHOUT 
WARRANTY OF ANY KIND WHATSOEVER, EXPRESS OR IMPLIED, INCLUDING IMPLIED 
WARRANTIES OF MERCHANTABILITY OR FITNESS FOR A PARTICULAR PURPOSE. APPLIED 
BIOSYSTEMS MAKES NO WARRANTY THAT ITS DATA DOES NOT CONTAIN ERRORS.
-->

<!-- Created by SBML API 2.0(a17.0) -->
<sbml level="1" version="2" xmlns="http://www.sbml.org/sbml/level1" xmlns:celldesigner="http://www.sbml.org/2001/ns/celldesigner">
<model name="Cytoskeletal_space_regulation_space_by_space_Rho_space_GTPase">
<notes>
<html xmlns="http://www.w3.org/1999/xhtml">
<!--Notes by CellDesigner-->
<body>
<![CDATA[
Actin and microtubules are major cytoskeletal elements of most cells including neurons. In order for a cell to move and change shape, its cytoskeleton must undergo rearrangements that involve breaking down and reforming filaments.  This pathway illustrates such change regulated by Rho GTPase.
Medline=12677003
Medline=12796474
Medline=14598374
]]>
</body>
</html>
</notes>
<annotation>
<celldesigner:modelVersion>2.2</celldesigner:modelVersion>
<celldesigner:modelDisplay sizeX="1600" sizeY="1200"/>
<celldesigner:listOfCompartmentAliases/>
<celldesigner:listOfSpeciesAliases>
<celldesigner:speciesAlias id="a4" species="s4">
<celldesigner:activity>inactive</celldesigner:activity>
<celldesigner:bounds h="54.0" w="90.0" x="683.0" y="25.0"/>
<celldesigner:singleLine width="1.0"/>
<celldesigner:paint color="ffccffcc" scheme="Color"/>
</celldesigner:speciesAlias>
<celldesigner:speciesAlias id="a5" species="s5">
<celldesigner:activity>inactive</celldesigner:activity>
<celldesigner:bounds h="54.0" w="90.0" x="985.0" y="28.0"/>
<celldesigner:singleLine width="1.0"/>
<celldesigner:paint color="ffccffcc" scheme="Color"/>
</celldesigner:speciesAlias>
<celldesigner:speciesAlias id="a6" species="s6">
<celldesigner:activity>inactive</celldesigner:activity>
<celldesigner:bounds h="54.0" w="90.0" x="452.0" y="721.0"/>
<celldesigner:singleLine width="1.0"/>
<celldesigner:paint color="ffccffcc" scheme="Color"/>
</celldesigner:speciesAlias>
<celldesigner:speciesAlias id="a7" species="s7">
<celldesigner:activity>inactive</celldesigner:activity>
<celldesigner:bounds h="54.0" w="90.0" x="298.0" y="944.0"/>
<celldesigner:singleLine width="1.0"/>
<celldesigner:paint color="ffccffcc" scheme="Color"/>
</celldesigner:speciesAlias>
<celldesigner:speciesAlias id="a8" species="s8">
<celldesigner:activity>inactive</celldesigner:activity>
<celldesigner:bounds h="54.0" w="90.0" x="647.0" y="501.0"/>
<celldesigner:singleLine width="1.0"/>
<celldesigner:paint color="ffccffcc" scheme="Color"/>
</celldesigner:speciesAlias>
<celldesigner:speciesAlias id="a10" species="s10">
<celldesigner:activity>active</celldesigner:activity>
<celldesigner:bounds h="54.0" w="90.0" x="848.0" y="1027.0"/>
<celldesigner:singleLine width="1.0"/>
<celldesigner:paint color="ffccffcc" scheme="Color"/>
</celldesigner:speciesAlias>
<celldesigner:speciesAlias id="a11" species="s11">
<celldesigner:activity>inactive</celldesigner:activity>
<celldesigner:bounds h="54.0" w="90.0" x="1185.0" y="1108.0"/>
<celldesigner:singleLine width="1.0"/>
<celldesigner:paint color="ffccffcc" scheme="Color"/>
</celldesigner:speciesAlias>
<celldesigner:speciesAlias id="a12" species="s12">
<celldesigner:activity>inactive</celldesigner:activity>
<celldesigner:bounds h="54.0" w="90.0" x="1349.0" y="984.0"/>
<celldesigner:singleLine width="1.0"/>
<celldesigner:paint color="ffccffcc" scheme="Color"/>
</celldesigner:speciesAlias>
<celldesigner:speciesAlias id="a13" species="s13">
<celldesigner:activity>inactive</celldesigner:activity>
<celldesigner:bounds h="54.0" w="90.0" x="942.0" y="881.0"/>
<celldesigner:singleLine width="1.0"/>
<celldesigner:paint color="ffccffcc" scheme="Color"/>
</celldesigner:speciesAlias>
<celldesigner:speciesAlias id="a26" species="s17">
<celldesigner:activity>inactive</celldesigner:activity>
<celldesigner:listOfInnerAliases>
<celldesigner:innerAlias heterodimerEntry="inner0">
<celldesigner:activity>active</celldesigner:activity>
<celldesigner:bounds h="54.0" w="90.0" x="499.0" y="216.5"/>
<celldesigner:singleLine width="1.0"/>
<celldesigner:paint color="ffccffcc" scheme="Color"/>
</celldesigner:innerAlias>
<celldesigner:innerAlias heterodimerEntry="inner1">
<celldesigner:activity>inactive</celldesigner:activity>
<celldesigner:bounds h="22.0" w="72.0" x="426.0" y="233.51234567901315"/>
<celldesigner:singleLine width="1.0"/>
<celldesigner:paint color="ffccff66" scheme="Color"/>
</celldesigner:innerAlias>
</celldesigner:listOfInnerAliases>
</celldesigner:speciesAlias>
<celldesigner:speciesAlias id="a28" species="s19">
<celldesigner:activity>inactive</celldesigner:activity>
<celldesigner:listOfInnerAliases>
<celldesigner:innerAlias heterodimerEntry="inner0">
<celldesigner:activity>active</celldesigner:activity>
<celldesigner:bounds h="54.0" w="90.0" x="504.0" y="118.5"/>
<celldesigner:singleLine width="1.0"/>
<celldesigner:paint color="ffccffcc" scheme="Color"/>
</celldesigner:innerAlias>
<celldesigner:innerAlias heterodimerEntry="inner1">
<celldesigner:activity>inactive</celldesigner:activity>
<celldesigner:bounds h="22.0" w="72.0" x="436.0" y="148.97600000000017"/>
<celldesigner:singleLine width="1.0"/>
<celldesigner:paint color="ffccff66" scheme="Color"/>
</celldesigner:innerAlias>
</celldesigner:listOfInnerAliases>
</celldesigner:speciesAlias>
<celldesigner:speciesAlias id="a29" species="s20">
<celldesigner:activity>inactive</celldesigner:activity>
<celldesigner:listOfInnerAliases>
<celldesigner:innerAlias heterodimerEntry="inner0">
<celldesigner:activity>active</celldesigner:activity>
<celldesigner:bounds h="54.0" w="90.0" x="485.0" y="340.5"/>
<celldesigner:singleLine width="1.0"/>
<celldesigner:paint color="ffccffcc" scheme="Color"/>
</celldesigner:innerAlias>
<celldesigner:innerAlias heterodimerEntry="inner1">
<celldesigner:activity>inactive</celldesigner:activity>
<celldesigner:bounds h="22.0" w="72.0" x="412.0" y="352.3521400778219"/>
<celldesigner:singleLine width="1.0"/>
<celldesigner:paint color="ffccff66" scheme="Color"/>
</celldesigner:innerAlias>
</celldesigner:listOfInnerAliases>
</celldesigner:speciesAlias>
<celldesigner:speciesAlias id="a33" species="s22">
<celldesigner:activity>inactive</celldesigner:activity>
<celldesigner:listOfInnerAliases>
<celldesigner:innerAlias heterodimerEntry="inner0">
<celldesigner:activity>inactive</celldesigner:activity>
<celldesigner:bounds h="22.0" w="72.0" x="1175.0" y="222.0"/>
<celldesigner:singleLine width="1.0"/>
<celldesigner:paint color="ffccff66" scheme="Color"/>
</celldesigner:innerAlias>
<celldesigner:innerAlias heterodimerEntry="inner1">
<celldesigner:activity>inactive</celldesigner:activity>
<celldesigner:bounds h="54.0" w="90.0" x="1086.0" y="208.55999999999972"/>
<celldesigner:singleLine width="1.0"/>
<celldesigner:paint color="ffccffcc" scheme="Color"/>
</celldesigner:innerAlias>
</celldesigner:listOfInnerAliases>
</celldesigner:speciesAlias>
<celldesigner:speciesAlias id="a34" species="s23">
<celldesigner:activity>inactive</celldesigner:activity>
<celldesigner:listOfInnerAliases>
<celldesigner:innerAlias heterodimerEntry="inner0">
<celldesigner:activity>inactive</celldesigner:activity>
<celldesigner:bounds h="22.0" w="72.0" x="1170.0" y="130.0"/>
<celldesigner:singleLine width="1.0"/>
<celldesigner:paint color="ffccff66" scheme="Color"/>
</celldesigner:innerAlias>
<celldesigner:innerAlias heterodimerEntry="inner1">
<celldesigner:activity>inactive</celldesigner:activity>
<celldesigner:bounds h="54.0" w="90.0" x="1081.0" y="112.73015873015873"/>
<celldesigner:singleLine width="1.0"/>
<celldesigner:paint color="ffccffcc" scheme="Color"/>
</celldesigner:innerAlias>
</celldesigner:listOfInnerAliases>
</celldesigner:speciesAlias>
<celldesigner:speciesAlias id="a35" species="s24">
<celldesigner:activity>inactive</celldesigner:activity>
<celldesigner:listOfInnerAliases>
<celldesigner:innerAlias heterodimerEntry="inner0">
<celldesigner:activity>inactive</celldesigner:activity>
<celldesigner:bounds h="22.0" w="72.0" x="1175.5" y="347.0"/>
<celldesigner:singleLine width="1.0"/>
<celldesigner:paint color="ffccff66" scheme="Color"/>
</celldesigner:innerAlias>
<celldesigner:innerAlias heterodimerEntry="inner1">
<celldesigner:activity>inactive</celldesigner:activity>
<celldesigner:bounds h="54.0" w="90.0" x="1086.5" y="333.43654822334975"/>
<celldesigner:singleLine width="1.0"/>
<celldesigner:paint color="ffccffcc" scheme="Color"/>
</celldesigner:innerAlias>
</celldesigner:listOfInnerAliases>
</celldesigner:speciesAlias>
<celldesigner:speciesAlias id="a36" species="s25">
<celldesigner:activity>inactive</celldesigner:activity>
<celldesigner:bounds h="25.0" w="25.0" x="988.5" y="193.5"/>
<celldesigner:singleLine width="1.0"/>
<celldesigner:paint color="ff9999ff" scheme="Color"/>
</celldesigner:speciesAlias>
<celldesigner:speciesAlias id="a38" species="s26">
<celldesigner:activity>inactive</celldesigner:activity>
<celldesigner:listOfInnerAliases>
<celldesigner:innerAlias heterodimerEntry="inner0">
<celldesigner:activity>active</celldesigner:activity>
<celldesigner:bounds h="54.0" w="90.0" x="1112.5" y="531.0"/>
<celldesigner:singleLine width="1.0"/>
<celldesigner:paint color="ffccffcc" scheme="Color"/>
</celldesigner:innerAlias>
<celldesigner:innerAlias heterodimerEntry="inner1">
<celldesigner:activity>inactive</celldesigner:activity>
<celldesigner:bounds h="54.0" w="90.0" x="1021.5" y="540.3600000000004"/>
<celldesigner:singleLine width="1.0"/>
<celldesigner:paint color="ffccffcc" scheme="Color"/>
</celldesigner:innerAlias>
</celldesigner:listOfInnerAliases>
</celldesigner:speciesAlias>
<celldesigner:speciesAlias id="a39" species="s27">
<celldesigner:activity>inactive</celldesigner:activity>
<celldesigner:listOfInnerAliases>
<celldesigner:innerAlias heterodimerEntry="inner0">
<celldesigner:activity>inactive</celldesigner:activity>
<celldesigner:bounds h="60.0" w="96.0" x="1428.0" y="846.0"/>
<celldesigner:singleLine width="1.0"/>
<celldesigner:paint color="ffccffcc" scheme="Color"/>
</celldesigner:innerAlias>
<celldesigner:innerAlias heterodimerEntry="inner1">
<celldesigner:activity>inactive</celldesigner:activity>
<celldesigner:bounds h="60.0" w="96.0" x="1418.2941176470608" y="906.0"/>
<celldesigner:singleLine width="1.0"/>
<celldesigner:paint color="ffccffcc" scheme="Color"/>
</celldesigner:innerAlias>
</celldesigner:listOfInnerAliases>
</celldesigner:speciesAlias>
<celldesigner:speciesAlias id="a41" species="s29">
<celldesigner:activity>inactive</celldesigner:activity>
<celldesigner:bounds h="47.0" w="118.0" x="31.0" y="1105.0"/>
<celldesigner:singleLine width="1.0"/>
<celldesigner:paint color="ffcc99ff" scheme="Color"/>
</celldesigner:speciesAlias>
<celldesigner:speciesAlias id="a42" species="s13">
<celldesigner:activity>inactive</celldesigner:activity>
<celldesigner:bounds h="54.0" w="90.0" x="1300.5" y="1089.0"/>
<celldesigner:singleLine width="1.0"/>
<celldesigner:paint color="ffccffcc" scheme="Color"/>
</celldesigner:speciesAlias>
<celldesigner:speciesAlias id="a45" species="s30">
<celldesigner:activity>inactive</celldesigner:activity>
<celldesigner:listOfInnerAliases>
<celldesigner:innerAlias heterodimerEntry="inner0">
<celldesigner:activity>inactive</celldesigner:activity>
<celldesigner:bounds h="54.0" w="90.0" x="1015.5" y="1004.0"/>
<celldesigner:singleLine width="1.0"/>
<celldesigner:paint color="ffccffcc" scheme="Color"/>
</celldesigner:innerAlias>
<celldesigner:innerAlias heterodimerEntry="inner1">
<celldesigner:activity>inactive</celldesigner:activity>
<celldesigner:bounds h="54.0" w="90.0" x="1105.5" y="1019.180722891568"/>
<celldesigner:singleLine width="1.0"/>
<celldesigner:paint color="ffccffcc" scheme="Color"/>
</celldesigner:innerAlias>
</celldesigner:listOfInnerAliases>
</celldesigner:speciesAlias>
<celldesigner:speciesAlias id="a46" species="s31">
<celldesigner:activity>active</celldesigner:activity>
<celldesigner:bounds h="54.0" w="90.0" x="280.0" y="707.0"/>
<celldesigner:singleLine width="1.0"/>
<celldesigner:paint color="ffccffcc" scheme="Color"/>
</celldesigner:speciesAlias>
<celldesigner:speciesAlias id="a47" species="s32">
<celldesigner:activity>inactive</celldesigner:activity>
<celldesigner:bounds h="54.0" w="90.0" x="535.5" y="1027.0"/>
<celldesigner:singleLine width="1.0"/>
<celldesigner:paint color="ffccffcc" scheme="Color"/>
</celldesigner:speciesAlias>
<celldesigner:speciesAlias id="a48" species="s33">
<celldesigner:activity>active</celldesigner:activity>
<celldesigner:bounds h="54.0" w="90.0" x="687.0" y="944.0"/>
<celldesigner:singleLine width="1.0"/>
<celldesigner:paint color="ffccffcc" scheme="Color"/>
</celldesigner:speciesAlias>
<celldesigner:speciesAlias id="a51" species="s31">
<celldesigner:activity>inactive</celldesigner:activity>
<celldesigner:bounds h="54.0" w="90.0" x="278.5" y="536.0"/>
<celldesigner:singleLine width="1.0"/>
<celldesigner:paint color="ffccffcc" scheme="Color"/>
</celldesigner:speciesAlias>
<celldesigner:speciesAlias id="a52" species="s6">
<celldesigner:activity>active</celldesigner:activity>
<celldesigner:bounds h="54.0" w="90.0" x="694.5" y="728.0"/>
<celldesigner:singleLine width="1.0"/>
<celldesigner:paint color="ffccffcc" scheme="Color"/>
</celldesigner:speciesAlias>
<celldesigner:speciesAlias id="a53" species="s34">
<celldesigner:activity>inactive</celldesigner:activity>
<celldesigner:bounds h="54.0" w="90.0" x="656.0" y="1115.0"/>
<celldesigner:singleLine width="1.0"/>
<celldesigner:paint color="ffccffcc" scheme="Color"/>
</celldesigner:speciesAlias>
<celldesigner:speciesAlias id="a54" species="s35">
<celldesigner:activity>inactive</celldesigner:activity>
<celldesigner:bounds h="54.0" w="90.0" x="150.0" y="21.0"/>
<celldesigner:singleLine width="1.0"/>
<celldesigner:paint color="ffccffcc" scheme="Color"/>
</celldesigner:speciesAlias>
<celldesigner:speciesAlias id="a57" species="s37">
<celldesigner:activity>inactive</celldesigner:activity>
<celldesigner:listOfInnerAliases>
<celldesigner:innerAlias heterodimerEntry="inner0">
<celldesigner:activity>inactive</celldesigner:activity>
<celldesigner:bounds h="60.0" w="96.0" x="137.0" y="427.0"/>
<celldesigner:singleLine width="1.0"/>
<celldesigner:paint color="ffccffcc" scheme="Color"/>
</celldesigner:innerAlias>
<celldesigner:innerAlias heterodimerEntry="inner1">
<celldesigner:activity>inactive</celldesigner:activity>
<celldesigner:bounds h="60.0" w="96.0" x="136.43396226415086" y="487.0"/>
<celldesigner:singleLine width="1.0"/>
<celldesigner:paint color="ffccffcc" scheme="Color"/>
</celldesigner:innerAlias>
</celldesigner:listOfInnerAliases>
</celldesigner:speciesAlias>
<celldesigner:speciesAlias id="a58" species="s38">
<celldesigner:activity>active</celldesigner:activity>
<celldesigner:bounds h="54.0" w="90.0" x="81.0" y="587.0"/>
<celldesigner:singleLine width="1.0"/>
<celldesigner:paint color="ffccffcc" scheme="Color"/>
</celldesigner:speciesAlias>
<celldesigner:speciesAlias id="a59" species="s39">
<celldesigner:activity>inactive</celldesigner:activity>
<celldesigner:bounds h="54.0" w="90.0" x="79.5" y="820.75"/>
<celldesigner:singleLine width="1.0"/>
<celldesigner:paint color="ffccffcc" scheme="Color"/>
</celldesigner:speciesAlias>
<celldesigner:speciesAlias id="a60" species="s40">
<celldesigner:activity>inactive</celldesigner:activity>
<celldesigner:bounds h="54.0" w="90.0" x="1480.0" y="681.0"/>
<celldesigner:singleLine width="1.0"/>
<celldesigner:paint color="ffccffcc" scheme="Color"/>
</celldesigner:speciesAlias>
<celldesigner:speciesAlias id="a61" species="s41">
<celldesigner:activity>active</celldesigner:activity>
<celldesigner:bounds h="54.0" w="90.0" x="1396.0" y="562.0"/>
<celldesigner:singleLine width="1.0"/>
<celldesigner:paint color="ffccffcc" scheme="Color"/>
</celldesigner:speciesAlias>
<celldesigner:speciesAlias id="a62" species="s42">
<celldesigner:activity>active</celldesigner:activity>
<celldesigner:bounds h="54.0" w="90.0" x="1315.0422740524782" y="682.0"/>
<celldesigner:singleLine width="1.0"/>
<celldesigner:paint color="ffccffcc" scheme="Color"/>
</celldesigner:speciesAlias>
<celldesigner:speciesAlias id="a63" species="s41">
<celldesigner:activity>inactive</celldesigner:activity>
<celldesigner:bounds h="54.0" w="90.0" x="1394.5422740524782" y="396.0"/>
<celldesigner:singleLine width="1.0"/>
<celldesigner:paint color="ffccffcc" scheme="Color"/>
</celldesigner:speciesAlias>
<celldesigner:speciesAlias id="a64" species="s43">
<celldesigner:activity>inactive</celldesigner:activity>
<celldesigner:bounds h="54.0" w="90.0" x="311.0" y="41.0"/>
<celldesigner:singleLine width="1.0"/>
<celldesigner:paint color="ffccffcc" scheme="Color"/>
</celldesigner:speciesAlias>
<celldesigner:speciesAlias id="a65" species="s43">
<celldesigner:activity>active</celldesigner:activity>
<celldesigner:bounds h="54.0" w="90.0" x="312.54227405247815" y="195.00000000000003"/>
<celldesigner:singleLine width="1.0"/>
<celldesigner:paint color="ffccffcc" scheme="Color"/>
</celldesigner:speciesAlias>
<celldesigner:speciesAlias id="a68" species="s44">
<celldesigner:activity>inactive</celldesigner:activity>
<celldesigner:bounds h="54.0" w="90.0" x="725.7916666666665" y="577.0200000000002"/>
<celldesigner:singleLine width="1.0"/>
<celldesigner:paint color="ffccffcc" scheme="Color"/>
</celldesigner:speciesAlias>
</celldesigner:listOfSpeciesAliases>
<celldesigner:listOfGroups/>
<celldesigner:listOfProteins>
<celldesigner:protein id="p1" name="Rho" type="GENERIC"/>
<celldesigner:protein id="p2" name="Rac" type="GENERIC"/>
<celldesigner:protein id="p3" name="Cdc42" type="GENERIC"/>
<celldesigner:protein id="p4" name="Rho GAPs" type="GENERIC"/>
<celldesigner:protein id="p5" name="Rho GEFs" type="GENERIC"/>
<celldesigner:protein id="p6" name="ROCK" type="GENERIC"/>
<celldesigner:protein id="p8" name="N-WASP" type="GENERIC"/>
<celldesigner:protein id="p9" name="ARP2/3" type="GENERIC"/>
<celldesigner:protein id="p12" name="Profilin" type="GENERIC"/>
<celldesigner:protein id="p13" name="Actin" type="GENERIC"/>
<celldesigner:protein id="p11" name="Ena/VASP" type="GENERIC"/>
<celldesigner:protein id="p14" name="PAK" type="GENERIC"/>
<celldesigner:protein id="p10" name="Cofilin" type="GENERIC">
<celldesigner:listOfModificationResidues>
<celldesigner:modificationResidue id="rs1" name="S3"/>
</celldesigner:listOfModificationResidues>
</celldesigner:protein>
<celldesigner:protein id="p7" name="LIMK" type="GENERIC">
<celldesigner:listOfModificationResidues>
<celldesigner:modificationResidue id="rs1" name="T508"/>
</celldesigner:listOfModificationResidues>
</celldesigner:protein>
<celldesigner:protein id="p15" name="Slingshot" type="GENERIC"/>
<celldesigner:protein id="p16" name="tubulin" type="GENERIC"/>
<celldesigner:protein id="p17" name="Op18/stathmin" type="GENERIC">
<celldesigner:listOfModificationResidues>
<celldesigner:modificationResidue angle="2.677945044588987" id="rs1" name="S16"/>
</celldesigner:listOfModificationResidues>
</celldesigner:protein>
<celldesigner:protein id="p19" name="MLCK" type="GENERIC"/>
<celldesigner:protein id="p18" name="Myosin" type="GENERIC">
<celldesigner:listOfModificationResidues>
<celldesigner:modificationResidue id="rs1"/>
</celldesigner:listOfModificationResidues>
</celldesigner:protein>
<celldesigner:protein id="p20" name="mDia" type="GENERIC"/>
</celldesigner:listOfProteins>
<celldesigner:listOfBlockDiagrams/>
</annotation>
<listOfCompartments>
<compartment name="default" volume="1.0"/>
</listOfCompartments>
<listOfSpecies>
<species compartment="default" initialAmount="0.0" name="s4">
<notes>
<html xmlns="http://www.w3.org/1999/xhtml">
<!--Notes by CellDesigner-->
<body>
Long Name:  Rho-GTPase-activating proteins
Synonym:  ARHGAPs
Accession:  P00520
</body>
</html>
</notes>
<annotation>
<celldesigner:positionToCompartment>inside</celldesigner:positionToCompartment>
<celldesigner:speciesIdentity>
<celldesigner:class>PROTEIN</celldesigner:class>
<celldesigner:proteinReference>p4</celldesigner:proteinReference>
</celldesigner:speciesIdentity>
<celldesigner:listOfCatalyzedReactions>
<celldesigner:catalyzed reaction="r15"/>
<celldesigner:catalyzed reaction="r16"/>
<celldesigner:catalyzed reaction="r17"/>
</celldesigner:listOfCatalyzedReactions>
</annotation>
</species>
<species compartment="default" initialAmount="0.0" name="s5">
<notes>
<html xmlns="http://www.w3.org/1999/xhtml">
<!--Notes by CellDesigner-->
<body>
Long Name:  Rho guanine nucleotide exchange factors
Synonym:  ARHGEF
Accession:  P00518
</body>
</html>
</notes>
<annotation>
<celldesigner:positionToCompartment>inside</celldesigner:positionToCompartment>
<celldesigner:speciesIdentity>
<celldesigner:class>PROTEIN</celldesigner:class>
<celldesigner:proteinReference>p5</celldesigner:proteinReference>
</celldesigner:speciesIdentity>
<celldesigner:listOfCatalyzedReactions>
<celldesigner:catalyzed reaction="r18"/>
<celldesigner:catalyzed reaction="r19"/>
<celldesigner:catalyzed reaction="r20"/>
</celldesigner:listOfCatalyzedReactions>
</annotation>
</species>
<species compartment="default" initialAmount="0.0" name="s6">
<notes>
<html xmlns="http://www.w3.org/1999/xhtml">
<!--Notes by CellDesigner-->
<body>
Long Name:  Rho-associated coiled-coil-containing protein kinase
Synonym:  Synonym not specified
Accession:  P00519
</body>
</html>
</notes>
<annotation>
<celldesigner:positionToCompartment>inside</celldesigner:positionToCompartment>
<celldesigner:speciesIdentity>
<celldesigner:class>PROTEIN</celldesigner:class>
<celldesigner:proteinReference>p6</celldesigner:proteinReference>
</celldesigner:speciesIdentity>
<celldesigner:listOfCatalyzedReactions>
<celldesigner:catalyzed reaction="r31"/>
<celldesigner:catalyzed reaction="r44"/>
</celldesigner:listOfCatalyzedReactions>
</annotation>
</species>
<species compartment="default" initialAmount="0.0" name="s8">
<notes>
<html xmlns="http://www.w3.org/1999/xhtml">
<!--Notes by CellDesigner-->
<body>
Long Name:  Wiskott-Aldrich syndrome protein family member 1
Synonym:  SCAR,WASF1,WASP family, verprolin homology domain-containing protein,WAVE
Accession:  P00525
</body>
</html>
</notes>
<annotation>
<celldesigner:positionToCompartment>inside</celldesigner:positionToCompartment>
<celldesigner:speciesIdentity>
<celldesigner:class>PROTEIN</celldesigner:class>
<celldesigner:proteinReference>p8</celldesigner:proteinReference>
</celldesigner:speciesIdentity>
</annotation>
</species>
<species compartment="default" initialAmount="0.0" name="s12">
<notes>
<html xmlns="http://www.w3.org/1999/xhtml">
<!--Notes by CellDesigner-->
<body>
Long Name:  Profilin
Synonym:  PFN
Accession:  P00521
</body>
</html>
</notes>
<annotation>
<celldesigner:positionToCompartment>inside</celldesigner:positionToCompartment>
<celldesigner:speciesIdentity>
<celldesigner:class>PROTEIN</celldesigner:class>
<celldesigner:proteinReference>p12</celldesigner:proteinReference>
</celldesigner:speciesIdentity>
</annotation>
</species>
<species compartment="default" initialAmount="0.0" name="s13">
<notes>
<html xmlns="http://www.w3.org/1999/xhtml">
<!--Notes by CellDesigner-->
<body>
Long Name:  Actin
Synonym:  Synonym not specified
Accession:  P00512
</body>
</html>
</notes>
<annotation>
<celldesigner:positionToCompartment>inside</celldesigner:positionToCompartment>
<celldesigner:speciesIdentity>
<celldesigner:class>PROTEIN</celldesigner:class>
<celldesigner:proteinReference>p13</celldesigner:proteinReference>
</celldesigner:speciesIdentity>
</annotation>
</species>
<species compartment="default" initialAmount="0.0" name="s17">
<notes>
<html xmlns="http://www.w3.org/1999/xhtml">
<!--Notes by CellDesigner-->
<body>
Long Name:  Long Name:  Long name not specified
Synonym:  Synonym not specified
Accession:  U05168
Heterodimer Member Info:  GTP#SIMPLE_MOLECULE#GTP#S01643##;Rac#PROTEIN#Ras-related C3 Botulinum toxin substrate 1#P00523#Rho family small GTP-binding protein Rac1#
</body>
</html>
</notes>
<annotation>
<celldesigner:positionToCompartment>inside</celldesigner:positionToCompartment>
<celldesigner:heterodimerIdentity>
<celldesigner:listOfHeterodimerEntries>
<celldesigner:heterodimerEntry innerId="inner0" originalSpecies="unknown">
<celldesigner:class>PROTEIN</celldesigner:class>
<celldesigner:proteinReference>p2</celldesigner:proteinReference>
</celldesigner:heterodimerEntry>
<celldesigner:heterodimerEntry innerId="inner1" originalSpecies="unknown">
<celldesigner:class>SIMPLE_MOLECULE</celldesigner:class>
<celldesigner:name>GTP</celldesigner:name>
</celldesigner:heterodimerEntry>
</celldesigner:listOfHeterodimerEntries>
</celldesigner:heterodimerIdentity>
<celldesigner:listOfCatalyzedReactions>
<celldesigner:catalyzed reaction="r33"/>
<celldesigner:catalyzed reaction="r48"/>
</celldesigner:listOfCatalyzedReactions>
</annotation>
</species>
<species compartment="default" initialAmount="0.0" name="s19">
<notes>
<html xmlns="http://www.w3.org/1999/xhtml">
<!--Notes by CellDesigner-->
<body>
Long Name:  Long Name:  Long name not specified
Synonym:  Synonym not specified
Accession:  U05161
Heterodimer Member Info:  Rho#PROTEIN#Ras homologue gene family#P00507#ARH|Aplysia Ras homologue#;GTP#SIMPLE_MOLECULE#GTP#S01643##
</body>
</html>
</notes>
<annotation>
<celldesigner:positionToCompartment>inside</celldesigner:positionToCompartment>
<celldesigner:heterodimerIdentity>
<celldesigner:listOfHeterodimerEntries>
<celldesigner:heterodimerEntry innerId="inner0" originalSpecies="unknown">
<celldesigner:class>PROTEIN</celldesigner:class>
<celldesigner:proteinReference>p1</celldesigner:proteinReference>
</celldesigner:heterodimerEntry>
<celldesigner:heterodimerEntry innerId="inner1" originalSpecies="unknown">
<celldesigner:class>SIMPLE_MOLECULE</celldesigner:class>
<celldesigner:name>GTP</celldesigner:name>
</celldesigner:heterodimerEntry>
</celldesigner:listOfHeterodimerEntries>
</celldesigner:heterodimerIdentity>
<celldesigner:listOfCatalyzedReactions>
<celldesigner:catalyzed reaction="r35"/>
<celldesigner:catalyzed reaction="r45"/>
</celldesigner:listOfCatalyzedReactions>
</annotation>
</species>
<species compartment="default" initialAmount="0.0" name="s20">
<notes>
<html xmlns="http://www.w3.org/1999/xhtml">
<!--Notes by CellDesigner-->
<body>
Long Name:  Long Name:  Long name not specified
Synonym:  Synonym not specified
Accession:  U05167
Heterodimer Member Info:  Cdc42#PROTEIN#Cell division cycle 42#P00515#G25K|GTP-binding protein 25K#;GTP#SIMPLE_MOLECULE#GTP#S01643##
</body>
</html>
</notes>
<annotation>
<celldesigner:positionToCompartment>inside</celldesigner:positionToCompartment>
<celldesigner:heterodimerIdentity>
<celldesigner:listOfHeterodimerEntries>
<celldesigner:heterodimerEntry innerId="inner0" originalSpecies="unknown">
<celldesigner:class>PROTEIN</celldesigner:class>
<celldesigner:proteinReference>p3</celldesigner:proteinReference>
</celldesigner:heterodimerEntry>
<celldesigner:heterodimerEntry innerId="inner1" originalSpecies="unknown">
<celldesigner:class>SIMPLE_MOLECULE</celldesigner:class>
<celldesigner:name>GTP</celldesigner:name>
</celldesigner:heterodimerEntry>
</celldesigner:listOfHeterodimerEntries>
</celldesigner:heterodimerIdentity>
<celldesigner:listOfCatalyzedReactions>
<celldesigner:catalyzed reaction="r33"/>
<celldesigner:catalyzed reaction="r48"/>
</celldesigner:listOfCatalyzedReactions>
</annotation>
</species>
<species compartment="default" initialAmount="0.0" name="s22">
<notes>
<html xmlns="http://www.w3.org/1999/xhtml">
<!--Notes by CellDesigner-->
<body>
Long Name:  Long Name:  Long name not specified
Synonym:  Synonym not specified
Accession:  U05164
Heterodimer Member Info:  GDP#SIMPLE_MOLECULE#GDP#S01642##;Rac#PROTEIN#Ras-related C3 Botulinum toxin substrate 1#P00523#Rho family small GTP-binding protein Rac1#
</body>
</html>
</notes>
<annotation>
<celldesigner:positionToCompartment>inside</celldesigner:positionToCompartment>
<celldesigner:heterodimerIdentity>
<celldesigner:listOfHeterodimerEntries>
<celldesigner:heterodimerEntry innerId="inner0" originalSpecies="unknown">
<celldesigner:class>SIMPLE_MOLECULE</celldesigner:class>
<celldesigner:name>GDP</celldesigner:name>
</celldesigner:heterodimerEntry>
<celldesigner:heterodimerEntry innerId="inner1" originalSpecies="unknown">
<celldesigner:class>PROTEIN</celldesigner:class>
<celldesigner:proteinReference>p2</celldesigner:proteinReference>
</celldesigner:heterodimerEntry>
</celldesigner:listOfHeterodimerEntries>
</celldesigner:heterodimerIdentity>
</annotation>
</species>
<species compartment="default" initialAmount="0.0" name="s23">
<notes>
<html xmlns="http://www.w3.org/1999/xhtml">
<!--Notes by CellDesigner-->
<body>
Long Name:  Long Name:  Long name not specified
Synonym:  Synonym not specified
Accession:  U05162
Heterodimer Member Info:  Rho#PROTEIN#Ras homologue gene family#P00507#ARH|Aplysia Ras homologue#;GDP#SIMPLE_MOLECULE#GDP#S01642##
</body>
</html>
</notes>
<annotation>
<celldesigner:positionToCompartment>inside</celldesigner:positionToCompartment>
<celldesigner:heterodimerIdentity>
<celldesigner:listOfHeterodimerEntries>
<celldesigner:heterodimerEntry innerId="inner0" originalSpecies="unknown">
<celldesigner:class>SIMPLE_MOLECULE</celldesigner:class>
<celldesigner:name>GDP</celldesigner:name>
</celldesigner:heterodimerEntry>
<celldesigner:heterodimerEntry innerId="inner1" originalSpecies="unknown">
<celldesigner:class>PROTEIN</celldesigner:class>
<celldesigner:proteinReference>p1</celldesigner:proteinReference>
</celldesigner:heterodimerEntry>
</celldesigner:listOfHeterodimerEntries>
</celldesigner:heterodimerIdentity>
</annotation>
</species>
<species compartment="default" initialAmount="0.0" name="s24">
<notes>
<html xmlns="http://www.w3.org/1999/xhtml">
<!--Notes by CellDesigner-->
<body>
Long Name:  Long Name:  Long name not specified
Synonym:  Synonym not specified
Accession:  U05159
Heterodimer Member Info:  GDP#SIMPLE_MOLECULE#GDP#S01642##;Cdc42#PROTEIN#Cell division cycle 42#P00515#G25K|GTP-binding protein 25K#
</body>
</html>
</notes>
<annotation>
<celldesigner:positionToCompartment>inside</celldesigner:positionToCompartment>
<celldesigner:heterodimerIdentity>
<celldesigner:listOfHeterodimerEntries>
<celldesigner:heterodimerEntry innerId="inner0" originalSpecies="unknown">
<celldesigner:class>SIMPLE_MOLECULE</celldesigner:class>
<celldesigner:name>GDP</celldesigner:name>
</celldesigner:heterodimerEntry>
<celldesigner:heterodimerEntry innerId="inner1" originalSpecies="unknown">
<celldesigner:class>PROTEIN</celldesigner:class>
<celldesigner:proteinReference>p3</celldesigner:proteinReference>
</celldesigner:heterodimerEntry>
</celldesigner:listOfHeterodimerEntries>
</celldesigner:heterodimerIdentity>
</annotation>
</species>
<species compartment="default" initialAmount="0.0" name="s26">
<notes>
<html xmlns="http://www.w3.org/1999/xhtml">
<!--Notes by CellDesigner-->
<body>
Long Name:  Long Name:  Long name not specified
Synonym:  Synonym not specified
Accession:  U05163
Heterodimer Member Info:  ARP2/3#PROTEIN#Actin related protein 2/3 complex#P00511##;N-WASP#PROTEIN#Wiskott-Aldrich syndrome protein family member 1#P00525#SCAR|WASF1|WASP family, verprolin homology domain-containing protein|WAVE#
</body>
</html>
</notes>
<annotation>
<celldesigner:positionToCompartment>inside</celldesigner:positionToCompartment>
<celldesigner:heterodimerIdentity>
<celldesigner:listOfHeterodimerEntries>
<celldesigner:heterodimerEntry innerId="inner0" originalSpecies="unknown">
<celldesigner:class>PROTEIN</celldesigner:class>
<celldesigner:proteinReference>p8</celldesigner:proteinReference>
</celldesigner:heterodimerEntry>
<celldesigner:heterodimerEntry innerId="inner1" originalSpecies="unknown">
<celldesigner:class>PROTEIN</celldesigner:class>
<celldesigner:proteinReference>p9</celldesigner:proteinReference>
</celldesigner:heterodimerEntry>
</celldesigner:listOfHeterodimerEntries>
</celldesigner:heterodimerIdentity>
<celldesigner:listOfCatalyzedReactions>
<celldesigner:catalyzed reaction="r23"/>
</celldesigner:listOfCatalyzedReactions>
</annotation>
</species>
<species compartment="default" initialAmount="0.0" name="s27">
<notes>
<html xmlns="http://www.w3.org/1999/xhtml">
<!--Notes by CellDesigner-->
<body>
Long Name:  Long Name:  Long name not specified
Synonym:  Synonym not specified
Accession:  U05160
Heterodimer Member Info:  Actin#PROTEIN#Actin#P00512##
</body>
</html>
</notes>
<annotation>
<celldesigner:positionToCompartment>inside</celldesigner:positionToCompartment>
<celldesigner:heterodimerIdentity>
<celldesigner:listOfHeterodimerEntries>
<celldesigner:heterodimerEntry innerId="inner0" originalSpecies="unknown">
<celldesigner:class>PROTEIN</celldesigner:class>
<celldesigner:proteinReference>p13</celldesigner:proteinReference>
<celldesigner:state>
<celldesigner:homodimer>2</celldesigner:homodimer>
</celldesigner:state>
</celldesigner:heterodimerEntry>
<celldesigner:heterodimerEntry innerId="inner1" originalSpecies="unknown">
<celldesigner:class>PROTEIN</celldesigner:class>
<celldesigner:proteinReference>p13</celldesigner:proteinReference>
<celldesigner:state>
<celldesigner:homodimer>2</celldesigner:homodimer>
</celldesigner:state>
</celldesigner:heterodimerEntry>
</celldesigner:listOfHeterodimerEntries>
</celldesigner:heterodimerIdentity>
</annotation>
</species>
<species compartment="default" initialAmount="0.0" name="s29">
<notes>
<html xmlns="http://www.w3.org/1999/xhtml">
<!--Notes by CellDesigner-->
<body>
Long Name:  Axonal plasticity
Synonym:  Synonym not specified
Accession:  U02218
</body>
</html>
</notes>
<annotation>
<celldesigner:positionToCompartment>inside</celldesigner:positionToCompartment>
<celldesigner:speciesIdentity>
<celldesigner:class>PHENOTYPE</celldesigner:class>
<celldesigner:name>Axonal plasticity</celldesigner:name>
</celldesigner:speciesIdentity>
</annotation>
</species>
<species compartment="default" initialAmount="0.0" name="s30">
<notes>
<html xmlns="http://www.w3.org/1999/xhtml">
<!--Notes by CellDesigner-->
<body>
Long Name:  Long Name:  Long name not specified
Synonym:  Synonym not specified
Accession:  U05165
Heterodimer Member Info:  Actin#PROTEIN#Actin#P00512##;Profilin#PROTEIN#Profilin#P00521#PFN#
</body>
</html>
</notes>
<annotation>
<celldesigner:positionToCompartment>inside</celldesigner:positionToCompartment>
<celldesigner:heterodimerIdentity>
<celldesigner:listOfHeterodimerEntries>
<celldesigner:heterodimerEntry innerId="inner0" originalSpecies="unknown">
<celldesigner:class>PROTEIN</celldesigner:class>
<celldesigner:proteinReference>p12</celldesigner:proteinReference>
</celldesigner:heterodimerEntry>
<celldesigner:heterodimerEntry innerId="inner1" originalSpecies="unknown">
<celldesigner:class>PROTEIN</celldesigner:class>
<celldesigner:proteinReference>p13</celldesigner:proteinReference>
</celldesigner:heterodimerEntry>
</celldesigner:listOfHeterodimerEntries>
</celldesigner:heterodimerIdentity>
</annotation>
</species>
<species compartment="default" initialAmount="0.0" name="s11">
<notes>
<html xmlns="http://www.w3.org/1999/xhtml">
<!--Notes by CellDesigner-->
<body>
Long Name:  Enabled/vasodialator stimulated phosphoprotein
Synonym:  Synonym not specified
Accession:  P00516
</body>
</html>
</notes>
<annotation>
<celldesigner:positionToCompartment>inside</celldesigner:positionToCompartment>
<celldesigner:speciesIdentity>
<celldesigner:class>PROTEIN</celldesigner:class>
<celldesigner:proteinReference>p11</celldesigner:proteinReference>
</celldesigner:speciesIdentity>
<celldesigner:listOfCatalyzedReactions>
<celldesigner:catalyzed reaction="r27"/>
</celldesigner:listOfCatalyzedReactions>
</annotation>
</species>
<species compartment="default" initialAmount="0.0" name="s31">
<notes>
<html xmlns="http://www.w3.org/1999/xhtml">
<!--Notes by CellDesigner-->
<body>
Long Name:  p21 activated kinase
Synonym:  Synonym not specified
Accession:  P00517
</body>
</html>
</notes>
<annotation>
<celldesigner:positionToCompartment>inside</celldesigner:positionToCompartment>
<celldesigner:speciesIdentity>
<celldesigner:class>PROTEIN</celldesigner:class>
<celldesigner:proteinReference>p14</celldesigner:proteinReference>
</celldesigner:speciesIdentity>
<celldesigner:listOfCatalyzedReactions>
<celldesigner:catalyzed reaction="r31"/>
<celldesigner:catalyzed reaction="r40"/>
</celldesigner:listOfCatalyzedReactions>
</annotation>
</species>
<species compartment="default" initialAmount="0.0" name="s10">
<notes>
<html xmlns="http://www.w3.org/1999/xhtml">
<!--Notes by CellDesigner-->
<body>
Long Name:  Cofilin
Synonym:  Actin depolymerizing factor,CFL
Accession:  P00508
</body>
</html>
</notes>
<annotation>
<celldesigner:positionToCompartment>inside</celldesigner:positionToCompartment>
<celldesigner:speciesIdentity>
<celldesigner:class>PROTEIN</celldesigner:class>
<celldesigner:proteinReference>p10</celldesigner:proteinReference>
</celldesigner:speciesIdentity>
<celldesigner:listOfCatalyzedReactions>
<celldesigner:catalyzed reaction="r29"/>
</celldesigner:listOfCatalyzedReactions>
</annotation>
</species>
<species compartment="default" initialAmount="0.0" name="s32">
<notes>
<html xmlns="http://www.w3.org/1999/xhtml">
<!--Notes by CellDesigner-->
<body>
Long Name:  Cofilin
Synonym:  Actin depolymerizing factor,CFL
Accession:  P00508
</body>
</html>
</notes>
<annotation>
<celldesigner:positionToCompartment>inside</celldesigner:positionToCompartment>
<celldesigner:speciesIdentity>
<celldesigner:class>PROTEIN</celldesigner:class>
<celldesigner:proteinReference>p10</celldesigner:proteinReference>
<celldesigner:state>
<celldesigner:listOfModifications>
<celldesigner:modification residue="rs1" state="phosphorylated"/>
</celldesigner:listOfModifications>
</celldesigner:state>
</celldesigner:speciesIdentity>
</annotation>
</species>
<species compartment="default" initialAmount="0.0" name="s7">
<notes>
<html xmlns="http://www.w3.org/1999/xhtml">
<!--Notes by CellDesigner-->
<body>
Long Name:  LIM domain kinase 1
Synonym:  LIM kinase
Accession:  P00524
</body>
</html>
</notes>
<annotation>
<celldesigner:positionToCompartment>inside</celldesigner:positionToCompartment>
<celldesigner:speciesIdentity>
<celldesigner:class>PROTEIN</celldesigner:class>
<celldesigner:proteinReference>p7</celldesigner:proteinReference>
</celldesigner:speciesIdentity>
</annotation>
</species>
<species compartment="default" initialAmount="0.0" name="s33">
<notes>
<html xmlns="http://www.w3.org/1999/xhtml">
<!--Notes by CellDesigner-->
<body>
Long Name:  LIM domain kinase 1
Synonym:  LIM kinase
Accession:  P00524
</body>
</html>
</notes>
<annotation>
<celldesigner:positionToCompartment>inside</celldesigner:positionToCompartment>
<celldesigner:speciesIdentity>
<celldesigner:class>PROTEIN</celldesigner:class>
<celldesigner:proteinReference>p7</celldesigner:proteinReference>
<celldesigner:state>
<celldesigner:listOfModifications>
<celldesigner:modification residue="rs1" state="phosphorylated"/>
</celldesigner:listOfModifications>
</celldesigner:state>
</celldesigner:speciesIdentity>
<celldesigner:listOfCatalyzedReactions>
<celldesigner:catalyzed reaction="r34"/>
</celldesigner:listOfCatalyzedReactions>
</annotation>
</species>
<species compartment="default" initialAmount="0.0" name="s34">
<notes>
<html xmlns="http://www.w3.org/1999/xhtml">
<!--Notes by CellDesigner-->
<body>
Long Name:  Slingshot
Synonym:  SSH
Accession:  P00509
</body>
</html>
</notes>
<annotation>
<celldesigner:positionToCompartment>inside</celldesigner:positionToCompartment>
<celldesigner:speciesIdentity>
<celldesigner:class>PROTEIN</celldesigner:class>
<celldesigner:proteinReference>p15</celldesigner:proteinReference>
</celldesigner:speciesIdentity>
<celldesigner:listOfCatalyzedReactions>
<celldesigner:catalyzed reaction="r36"/>
</celldesigner:listOfCatalyzedReactions>
</annotation>
</species>
<species compartment="default" initialAmount="0.0" name="s35">
<notes>
<html xmlns="http://www.w3.org/1999/xhtml">
<!--Notes by CellDesigner-->
<body>
Long Name:  Tubulin
Synonym:  Synonym not specified
Accession:  P00526
</body>
</html>
</notes>
<annotation>
<celldesigner:positionToCompartment>inside</celldesigner:positionToCompartment>
<celldesigner:speciesIdentity>
<celldesigner:class>PROTEIN</celldesigner:class>
<celldesigner:proteinReference>p16</celldesigner:proteinReference>
</celldesigner:speciesIdentity>
</annotation>
</species>
<species compartment="default" initialAmount="0.0" name="s37">
<notes>
<html xmlns="http://www.w3.org/1999/xhtml">
<!--Notes by CellDesigner-->
<body>
Long Name:  Long Name:  Long name not specified
Synonym:  Synonym not specified
Accession:  U05166
Heterodimer Member Info:  tubulin#PROTEIN#Tubulin#P00526##
</body>
</html>
</notes>
<annotation>
<celldesigner:positionToCompartment>inside</celldesigner:positionToCompartment>
<celldesigner:heterodimerIdentity>
<celldesigner:listOfHeterodimerEntries>
<celldesigner:heterodimerEntry innerId="inner0" originalSpecies="unknown">
<celldesigner:class>PROTEIN</celldesigner:class>
<celldesigner:proteinReference>p16</celldesigner:proteinReference>
<celldesigner:state>
<celldesigner:homodimer>2</celldesigner:homodimer>
</celldesigner:state>
</celldesigner:heterodimerEntry>
<celldesigner:heterodimerEntry innerId="inner1" originalSpecies="unknown">
<celldesigner:class>PROTEIN</celldesigner:class>
<celldesigner:proteinReference>p16</celldesigner:proteinReference>
<celldesigner:state>
<celldesigner:homodimer>2</celldesigner:homodimer>
</celldesigner:state>
</celldesigner:heterodimerEntry>
</celldesigner:listOfHeterodimerEntries>
</celldesigner:heterodimerIdentity>
</annotation>
</species>
<species compartment="default" initialAmount="0.0" name="s38">
<notes>
<html xmlns="http://www.w3.org/1999/xhtml">
<!--Notes by CellDesigner-->
<body>
Long Name:  Stathmin
Synonym:  LAP18,Leukemia associated phosphoprotein p18,SMN
Accession:  P00513
</body>
</html>
</notes>
<annotation>
<celldesigner:positionToCompartment>inside</celldesigner:positionToCompartment>
<celldesigner:speciesIdentity>
<celldesigner:class>PROTEIN</celldesigner:class>
<celldesigner:proteinReference>p17</celldesigner:proteinReference>
</celldesigner:speciesIdentity>
<celldesigner:listOfCatalyzedReactions>
<celldesigner:catalyzed reaction="r39"/>
</celldesigner:listOfCatalyzedReactions>
</annotation>
</species>
<species compartment="default" initialAmount="0.0" name="s39">
<notes>
<html xmlns="http://www.w3.org/1999/xhtml">
<!--Notes by CellDesigner-->
<body>
Long Name:  Stathmin
Synonym:  LAP18,Leukemia associated phosphoprotein p18,SMN
Accession:  P00513
</body>
</html>
</notes>
<annotation>
<celldesigner:positionToCompartment>inside</celldesigner:positionToCompartment>
<celldesigner:speciesIdentity>
<celldesigner:class>PROTEIN</celldesigner:class>
<celldesigner:proteinReference>p17</celldesigner:proteinReference>
<celldesigner:state>
<celldesigner:listOfModifications>
<celldesigner:modification residue="rs1" state="phosphorylated"/>
</celldesigner:listOfModifications>
</celldesigner:state>
</celldesigner:speciesIdentity>
</annotation>
</species>
<species compartment="default" initialAmount="0.0" name="s41">
<notes>
<html xmlns="http://www.w3.org/1999/xhtml">
<!--Notes by CellDesigner-->
<body>
Long Name:  Myosin light chain kinase
Synonym:  MYLK
Accession:  P00514
</body>
</html>
</notes>
<annotation>
<celldesigner:positionToCompartment>inside</celldesigner:positionToCompartment>
<celldesigner:speciesIdentity>
<celldesigner:class>PROTEIN</celldesigner:class>
<celldesigner:proteinReference>p19</celldesigner:proteinReference>
</celldesigner:speciesIdentity>
<celldesigner:listOfCatalyzedReactions>
<celldesigner:catalyzed reaction="r43"/>
</celldesigner:listOfCatalyzedReactions>
</annotation>
</species>
<species compartment="default" initialAmount="0.0" name="s40">
<notes>
<html xmlns="http://www.w3.org/1999/xhtml">
<!--Notes by CellDesigner-->
<body>
Long Name:  Myosin light chain
Synonym:  Synonym not specified
Accession:  P00522
</body>
</html>
</notes>
<annotation>
<celldesigner:positionToCompartment>inside</celldesigner:positionToCompartment>
<celldesigner:speciesIdentity>
<celldesigner:class>PROTEIN</celldesigner:class>
<celldesigner:proteinReference>p18</celldesigner:proteinReference>
</celldesigner:speciesIdentity>
</annotation>
</species>
<species compartment="default" initialAmount="0.0" name="s42">
<notes>
<html xmlns="http://www.w3.org/1999/xhtml">
<!--Notes by CellDesigner-->
<body>
Long Name:  Myosin light chain
Synonym:  Synonym not specified
Accession:  P00522
</body>
</html>
</notes>
<annotation>
<celldesigner:positionToCompartment>inside</celldesigner:positionToCompartment>
<celldesigner:speciesIdentity>
<celldesigner:class>PROTEIN</celldesigner:class>
<celldesigner:proteinReference>p18</celldesigner:proteinReference>
<celldesigner:state>
<celldesigner:listOfModifications>
<celldesigner:modification residue="rs1" state="phosphorylated"/>
</celldesigner:listOfModifications>
</celldesigner:state>
</celldesigner:speciesIdentity>
<celldesigner:listOfCatalyzedReactions>
<celldesigner:catalyzed reaction="r29"/>
</celldesigner:listOfCatalyzedReactions>
</annotation>
</species>
<species compartment="default" initialAmount="0.0" name="s43">
<notes>
<html xmlns="http://www.w3.org/1999/xhtml">
<!--Notes by CellDesigner-->
<body>
Long Name:  Mammalian diaphanous
Synonym:  DIAPH
Accession:  P00510
</body>
</html>
</notes>
<annotation>
<celldesigner:positionToCompartment>inside</celldesigner:positionToCompartment>
<celldesigner:speciesIdentity>
<celldesigner:class>PROTEIN</celldesigner:class>
<celldesigner:proteinReference>p20</celldesigner:proteinReference>
</celldesigner:speciesIdentity>
<celldesigner:listOfCatalyzedReactions>
<celldesigner:catalyzed reaction="r38"/>
</celldesigner:listOfCatalyzedReactions>
</annotation>
</species>
<species compartment="default" initialAmount="0.0" name="s44">
<notes>
<html xmlns="http://www.w3.org/1999/xhtml">
<!--Notes by CellDesigner-->
<body>
Long Name:  Actin related protein 2/3 complex
Synonym:  Synonym not specified
Accession:  P00511
</body>
</html>
</notes>
<annotation>
<celldesigner:positionToCompartment>inside</celldesigner:positionToCompartment>
<celldesigner:speciesIdentity>
<celldesigner:class>PROTEIN</celldesigner:class>
<celldesigner:proteinReference>p9</celldesigner:proteinReference>
</celldesigner:speciesIdentity>
</annotation>
</species>
<species compartment="default" initialAmount="0.0" name="s25">
<notes>
<html xmlns="http://www.w3.org/1999/xhtml">
<!--Notes by CellDesigner-->
<body>
Long Name:  Pi
Synonym:  Synonym not specified
Accession:  U02219
</body>
</html>
</notes>
<annotation>
<celldesigner:positionToCompartment>inside</celldesigner:positionToCompartment>
<celldesigner:speciesIdentity>
<celldesigner:class>ION</celldesigner:class>
<celldesigner:name>Pi</celldesigner:name>
</celldesigner:speciesIdentity>
</annotation>
</species>
</listOfSpecies>
<listOfReactions>
<reaction name="r15" reversible="false">
<annotation>
<celldesigner:reactionType>STATE_TRANSITION</celldesigner:reactionType>
<celldesigner:baseReactants>s19</celldesigner:baseReactants>
<celldesigner:baseProducts>s23</celldesigner:baseProducts>
<celldesigner:listOfProductLinks>
<celldesigner:productLink alias="a36" product="s25" targetLineIndex="-1,2"/>
</celldesigner:listOfProductLinks>
<celldesigner:editPoints>0.33333333333333326,-2.4424906541753444E-15 0.6666666666666665,-4.884981308350689E-15</celldesigner:editPoints>
<celldesigner:listOfModification>
<celldesigner:modification aliases="a4" editPoints="0.33333333333333304,0.0 0.666666666666667,0.0" modifiers="s4" targetLineIndex="-1,0" type="CATALYSIS"/>
</celldesigner:listOfModification>
</annotation>
<listOfReactants>
<speciesReference species="s19">
<annotation>
<celldesigner:alias>a28</celldesigner:alias>
</annotation>
</speciesReference>
</listOfReactants>
<listOfProducts>
<speciesReference species="s23">
<annotation>
<celldesigner:alias>a34</celldesigner:alias>
</annotation>
</speciesReference>
<speciesReference species="s25">
<annotation>
<celldesigner:alias>a36</celldesigner:alias>
</annotation>
</speciesReference>
</listOfProducts>
</reaction>
<reaction name="r16" reversible="false">
<annotation>
<celldesigner:reactionType>STATE_TRANSITION</celldesigner:reactionType>
<celldesigner:baseReactants>s17</celldesigner:baseReactants>
<celldesigner:baseProducts>s22</celldesigner:baseProducts>
<celldesigner:listOfProductLinks>
<celldesigner:productLink alias="a36" product="s25" targetLineIndex="-1,2"/>
</celldesigner:listOfProductLinks>
<celldesigner:editPoints>0.3333333333333335,-4.440892098500626E-16 0.6666666666666667,-8.326672684688674E-16</celldesigner:editPoints>
<celldesigner:listOfModification>
<celldesigner:modification aliases="a4" editPoints="0.3333333333333333,0.0 0.6666666666666666,-8.881784197001252E-16" modifiers="s4" targetLineIndex="-1,1" type="CATALYSIS"/>
</celldesigner:listOfModification>
</annotation>
<listOfReactants>
<speciesReference species="s17">
<annotation>
<celldesigner:alias>a26</celldesigner:alias>
</annotation>
</speciesReference>
</listOfReactants>
<listOfProducts>
<speciesReference species="s22">
<annotation>
<celldesigner:alias>a33</celldesigner:alias>
</annotation>
</speciesReference>
<speciesReference species="s25">
<annotation>
<celldesigner:alias>a36</celldesigner:alias>
</annotation>
</speciesReference>
</listOfProducts>
</reaction>
<reaction name="r17" reversible="false">
<annotation>
<celldesigner:reactionType>STATE_TRANSITION</celldesigner:reactionType>
<celldesigner:baseReactants>s20</celldesigner:baseReactants>
<celldesigner:baseProducts>s24</celldesigner:baseProducts>
<celldesigner:listOfProductLinks>
<celldesigner:productLink alias="a36" product="s25" targetLineIndex="-1,2"/>
</celldesigner:listOfProductLinks>
<celldesigner:editPoints>0.33333333333333337,6.661338147750939E-16 0.6666666666666666,1.1102230246251565E-15</celldesigner:editPoints>
<celldesigner:listOfModification>
<celldesigner:modification aliases="a4" editPoints="0.3333333333333333,2.220446049250313E-16 0.6666666666666667,0.0" modifiers="s4" targetLineIndex="-1,2" type="CATALYSIS"/>
</celldesigner:listOfModification>
</annotation>
<listOfReactants>
<speciesReference species="s20">
<annotation>
<celldesigner:alias>a29</celldesigner:alias>
</annotation>
</speciesReference>
</listOfReactants>
<listOfProducts>
<speciesReference species="s24">
<annotation>
<celldesigner:alias>a35</celldesigner:alias>
</annotation>
</speciesReference>
<speciesReference species="s25">
<annotation>
<celldesigner:alias>a36</celldesigner:alias>
</annotation>
</speciesReference>
</listOfProducts>
</reaction>
<reaction name="r18" reversible="false">
<annotation>
<celldesigner:reactionType>STATE_TRANSITION</celldesigner:reactionType>
<celldesigner:baseReactants>s23</celldesigner:baseReactants>
<celldesigner:baseProducts>s19</celldesigner:baseProducts>
<celldesigner:offset x="1.0" y="16.0"/>
<celldesigner:editPoints>0.33333333333333304,-2.525757381022231E-15 0.6666666666666663,-5.051514762044462E-15</celldesigner:editPoints>
<celldesigner:listOfModification>
<celldesigner:modification aliases="a5" editPoints="0.33333333333333337,0.0 0.6666666666666667,0.0" modifiers="s5" targetLineIndex="-1,1" type="CATALYSIS"/>
</celldesigner:listOfModification>
</annotation>
<listOfReactants>
<speciesReference species="s23">
<annotation>
<celldesigner:alias>a34</celldesigner:alias>
</annotation>
</speciesReference>
</listOfReactants>
<listOfProducts>
<speciesReference species="s19">
<annotation>
<celldesigner:alias>a28</celldesigner:alias>
</annotation>
</speciesReference>
</listOfProducts>
</reaction>
<reaction name="r19" reversible="false">
<annotation>
<celldesigner:reactionType>STATE_TRANSITION</celldesigner:reactionType>
<celldesigner:baseReactants>s22</celldesigner:baseReactants>
<celldesigner:baseProducts>s17</celldesigner:baseProducts>
<celldesigner:offset x="0.0" y="15.0"/>
<celldesigner:editPoints>0.33333333333333326,-5.551115123125783E-16 0.6666666666666667,-1.1102230246251565E-15</celldesigner:editPoints>
<celldesigner:listOfModification>
<celldesigner:modification aliases="a5" editPoints="0.33333333333333304,0.0 0.6666666666666663,0.0" modifiers="s5" targetLineIndex="-1,1" type="CATALYSIS"/>
</celldesigner:listOfModification>
</annotation>
<listOfReactants>
<speciesReference species="s22">
<annotation>
<celldesigner:alias>a33</celldesigner:alias>
</annotation>
</speciesReference>
</listOfReactants>
<listOfProducts>
<speciesReference species="s17">
<annotation>
<celldesigner:alias>a26</celldesigner:alias>
</annotation>
</speciesReference>
</listOfProducts>
</reaction>
<reaction name="r20" reversible="false">
<annotation>
<celldesigner:reactionType>STATE_TRANSITION</celldesigner:reactionType>
<celldesigner:baseReactants>s24</celldesigner:baseReactants>
<celldesigner:baseProducts>s20</celldesigner:baseProducts>
<celldesigner:offset x="-6.0" y="20.0"/>
<celldesigner:editPoints>0.33333333333333326,4.440892098500626E-16 0.6666666666666665,8.881784197001252E-16</celldesigner:editPoints>
<celldesigner:listOfModification>
<celldesigner:modification aliases="a5" editPoints="0.33333333333333304,0.0 0.6666666666666652,8.881784197001252E-16" modifiers="s5" targetLineIndex="-1,1" type="CATALYSIS"/>
</celldesigner:listOfModification>
</annotation>
<listOfReactants>
<speciesReference species="s24">
<annotation>
<celldesigner:alias>a35</celldesigner:alias>
</annotation>
</speciesReference>
</listOfReactants>
<listOfProducts>
<speciesReference species="s20">
<annotation>
<celldesigner:alias>a29</celldesigner:alias>
</annotation>
</speciesReference>
</listOfProducts>
</reaction>
<reaction name="r23" reversible="false">
<annotation>
<celldesigner:reactionType>STATE_TRANSITION</celldesigner:reactionType>
<celldesigner:baseReactants>s13</celldesigner:baseReactants>
<celldesigner:baseProducts>s27</celldesigner:baseProducts>
<celldesigner:listOfReactantLinks>
<celldesigner:reactantLink alias="a45" reactant="s30" targetLineIndex="-1,1"/>
</celldesigner:listOfReactantLinks>
<celldesigner:listOfProductLinks>
<celldesigner:productLink alias="a12" product="s12" targetLineIndex="-1,1"/>
</celldesigner:listOfProductLinks>
<celldesigner:offset x="0.0" y="7.0"/>
<celldesigner:editPoints>0.33333333333333326,-6.661338147750939E-16 0.6666666666666667,-1.5543122344752192E-15</celldesigner:editPoints>
<celldesigner:listOfModification>
<celldesigner:modification aliases="a38" editPoints="0.33333333333333304,0.0 0.6574299110046682,0.035656259210222085" modifiers="s26" offsetX="23.0" offsetY="10.0" targetLineIndex="-1,1" type="CATALYSIS"/>
</celldesigner:listOfModification>
</annotation>
<listOfReactants>
<speciesReference species="s13">
<annotation>
<celldesigner:alias>a13</celldesigner:alias>
</annotation>
</speciesReference>
<speciesReference species="s30">
<annotation>
<celldesigner:alias>a45</celldesigner:alias>
</annotation>
</speciesReference>
</listOfReactants>
<listOfProducts>
<speciesReference species="s27">
<annotation>
<celldesigner:alias>a39</celldesigner:alias>
</annotation>
</speciesReference>
<speciesReference species="s12">
<annotation>
<celldesigner:alias>a12</celldesigner:alias>
</annotation>
</speciesReference>
</listOfProducts>
</reaction>
<reaction name="r25" reversible="false">
<annotation>
<celldesigner:reactionType>KNOWN_TRANSITION_OMITTED</celldesigner:reactionType>
<celldesigner:baseReactants>s27</celldesigner:baseReactants>
<celldesigner:baseProducts>s29</celldesigner:baseProducts>
<celldesigner:editPoints>-0.01678279872584676,-0.21678886399616182 0.9233469408335268,-0.0677292918670992</celldesigner:editPoints>
</annotation>
<listOfReactants>
<speciesReference species="s27">
<annotation>
<celldesigner:alias>a39</celldesigner:alias>
</annotation>
</speciesReference>
</listOfReactants>
<listOfProducts>
<speciesReference species="s29">
<annotation>
<celldesigner:alias>a41</celldesigner:alias>
</annotation>
</speciesReference>
</listOfProducts>
</reaction>
<reaction name="r27" reversible="false">
<annotation>
<celldesigner:reactionType>HETERODIMER_ASSOCIATION</celldesigner:reactionType>
<celldesigner:baseReactants>s12,s13</celldesigner:baseReactants>
<celldesigner:baseProducts>s30</celldesigner:baseProducts>
<celldesigner:offset x="-15.0" y="-17.0"/>
<celldesigner:editPoints>0.3333333333333335,-1.7763568394002505E-15 0.6666666666666665,-8.881784197001252E-16 0.3333333333333339,-4.440892098500626E-16 0.6666666666666661,-8.881784197001252E-16 0.33333333333333215,8.881784197001252E-16 0.6666666666666661,8.881784197001252E-16 0.33333333333333304,0.33333333333333304</celldesigner:editPoints>
<celldesigner:listOfModification>
<celldesigner:modification aliases="a11" editPoints="0.3333333333333335,8.881784197001252E-16 0.6666666666666665,0.0" modifiers="s11" targetLineIndex="2,0" type="CATALYSIS"/>
</celldesigner:listOfModification>
</annotation>
<listOfReactants>
<speciesReference species="s12">
<annotation>
<celldesigner:alias>a12</celldesigner:alias>
</annotation>
</speciesReference>
<speciesReference species="s13">
<annotation>
<celldesigner:alias>a42</celldesigner:alias>
</annotation>
</speciesReference>
</listOfReactants>
<listOfProducts>
<speciesReference species="s30">
<annotation>
<celldesigner:alias>a45</celldesigner:alias>
</annotation>
</speciesReference>
</listOfProducts>
</reaction>
<reaction name="r29" reversible="false">
<annotation>
<celldesigner:reactionType>STATE_TRANSITION</celldesigner:reactionType>
<celldesigner:baseReactants>s27</celldesigner:baseReactants>
<celldesigner:baseProducts>s13</celldesigner:baseProducts>
<celldesigner:offset x="2.0" y="-17.0"/>
<celldesigner:editPoints>0.3333333333333335,0.0 0.6666666666666667,0.0</celldesigner:editPoints>
<celldesigner:listOfModification>
<celldesigner:modification aliases="a10" editPoints="0.33333333333333326,3.3306690738754696E-16 0.6666666666666665,5.551115123125783E-16" modifiers="s10" offsetX="18.0" offsetY="39.0" targetLineIndex="-1,2" type="CATALYSIS"/>
<celldesigner:modification aliases="a62" editPoints="0.3333333333333326,0.0 0.6666666666666661,-8.881784197001252E-16" modifiers="s42" targetLineIndex="-1,0" type="CATALYSIS"/>
</celldesigner:listOfModification>
</annotation>
<listOfReactants>
<speciesReference species="s27">
<annotation>
<celldesigner:alias>a39</celldesigner:alias>
</annotation>
</speciesReference>
</listOfReactants>
<listOfProducts>
<speciesReference species="s13">
<annotation>
<celldesigner:alias>a13</celldesigner:alias>
</annotation>
</speciesReference>
</listOfProducts>
</reaction>
<reaction name="r31" reversible="false">
<annotation>
<celldesigner:reactionType>STATE_TRANSITION</celldesigner:reactionType>
<celldesigner:baseReactants>s7</celldesigner:baseReactants>
<celldesigner:baseProducts>s33</celldesigner:baseProducts>
<celldesigner:editPoints>0.33333333333333326,4.440892098500626E-16 0.6666666666666665,8.881784197001252E-16</celldesigner:editPoints>
<celldesigner:listOfModification>
<celldesigner:modification aliases="a46" editPoints="0.33333333333333326,0.0 0.6666666666666663,0.0" modifiers="s31" targetLineIndex="-1,1" type="CATALYSIS"/>
<celldesigner:modification aliases="a52" editPoints="0.3333333333333335,-4.440892098500626E-16 0.6666666666666674,-4.440892098500626E-16" modifiers="s6" targetLineIndex="-1,1" type="CATALYSIS"/>
</celldesigner:listOfModification>
</annotation>
<listOfReactants>
<speciesReference species="s7">
<annotation>
<celldesigner:alias>a7</celldesigner:alias>
</annotation>
</speciesReference>
</listOfReactants>
<listOfProducts>
<speciesReference species="s33">
<annotation>
<celldesigner:alias>a48</celldesigner:alias>
</annotation>
</speciesReference>
</listOfProducts>
</reaction>
<reaction name="r33" reversible="false">
<annotation>
<celldesigner:reactionType>STATE_TRANSITION</celldesigner:reactionType>
<celldesigner:baseReactants>s31</celldesigner:baseReactants>
<celldesigner:baseProducts>s31</celldesigner:baseProducts>
<celldesigner:editPoints>0.33333333333333326,2.220446049250313E-16 0.6666666666666667,0.0</celldesigner:editPoints>
<celldesigner:listOfModification>
<celldesigner:modification aliases="a29" editPoints="0.33333333333333326,1.1102230246251565E-16 0.7198368461861792,-0.2107127949482266" modifiers="s20" targetLineIndex="-1,1" type="CATALYSIS"/>
<celldesigner:modification aliases="a26" editPoints="0.34849797557444123,0.07464951893752114 0.7756023545771071,-0.10484628488842596" modifiers="s17" offsetX="0.0" offsetY="2.0" targetLineIndex="-1,1" type="CATALYSIS"/>
</celldesigner:listOfModification>
</annotation>
<listOfReactants>
<speciesReference species="s31">
<annotation>
<celldesigner:alias>a51</celldesigner:alias>
</annotation>
</speciesReference>
</listOfReactants>
<listOfProducts>
<speciesReference species="s31">
<annotation>
<celldesigner:alias>a46</celldesigner:alias>
</annotation>
</speciesReference>
</listOfProducts>
</reaction>
<reaction name="r34" reversible="false">
<annotation>
<celldesigner:reactionType>STATE_TRANSITION</celldesigner:reactionType>
<celldesigner:baseReactants>s10</celldesigner:baseReactants>
<celldesigner:baseProducts>s32</celldesigner:baseProducts>
<celldesigner:editPoints>0.3333333333333335,1.3322676295501878E-15 0.6666666666666665,2.220446049250313E-15</celldesigner:editPoints>
<celldesigner:listOfModification>
<celldesigner:modification aliases="a48" editPoints="0.3333333333333339,4.440892098500626E-16 0.6666666666666679,-4.440892098500626E-16" modifiers="s33" targetLineIndex="-1,1" type="CATALYSIS"/>
</celldesigner:listOfModification>
</annotation>
<listOfReactants>
<speciesReference species="s10">
<annotation>
<celldesigner:alias>a10</celldesigner:alias>
</annotation>
</speciesReference>
</listOfReactants>
<listOfProducts>
<speciesReference species="s32">
<annotation>
<celldesigner:alias>a47</celldesigner:alias>
</annotation>
</speciesReference>
</listOfProducts>
</reaction>
<reaction name="r35" reversible="false">
<annotation>
<celldesigner:reactionType>STATE_TRANSITION</celldesigner:reactionType>
<celldesigner:baseReactants>s6</celldesigner:baseReactants>
<celldesigner:baseProducts>s6</celldesigner:baseProducts>
<celldesigner:editPoints>0.33333333333333337,-1.3877787807814457E-17 0.6666666666666669,-6.938893903907228E-17</celldesigner:editPoints>
<celldesigner:listOfModification>
<celldesigner:modification aliases="a28" editPoints="0.2619133499660536,0.28033140744878815 0.6666666666666667,0.0" modifiers="s19" targetLineIndex="-1,1" type="CATALYSIS"/>
</celldesigner:listOfModification>
</annotation>
<listOfReactants>
<speciesReference species="s6">
<annotation>
<celldesigner:alias>a6</celldesigner:alias>
</annotation>
</speciesReference>
</listOfReactants>
<listOfProducts>
<speciesReference species="s6">
<annotation>
<celldesigner:alias>a52</celldesigner:alias>
</annotation>
</speciesReference>
</listOfProducts>
</reaction>
<reaction name="r36" reversible="false">
<annotation>
<celldesigner:reactionType>STATE_TRANSITION</celldesigner:reactionType>
<celldesigner:baseReactants>s32</celldesigner:baseReactants>
<celldesigner:baseProducts>s10</celldesigner:baseProducts>
<celldesigner:offset x="2.0" y="17.0"/>
<celldesigner:editPoints>0.33333333333333326,1.3322676295501878E-15 0.6666666666666663,2.220446049250313E-15</celldesigner:editPoints>
<celldesigner:listOfModification>
<celldesigner:modification aliases="a53" editPoints="0.3333333333333339,1.7763568394002505E-15 0.6666666666666661,-1.7763568394002505E-15" modifiers="s34" targetLineIndex="-1,1" type="CATALYSIS"/>
</celldesigner:listOfModification>
</annotation>
<listOfReactants>
<speciesReference species="s32">
<annotation>
<celldesigner:alias>a47</celldesigner:alias>
</annotation>
</speciesReference>
</listOfReactants>
<listOfProducts>
<speciesReference species="s10">
<annotation>
<celldesigner:alias>a10</celldesigner:alias>
</annotation>
</speciesReference>
</listOfProducts>
</reaction>
<reaction name="r38" reversible="false">
<annotation>
<celldesigner:reactionType>STATE_TRANSITION</celldesigner:reactionType>
<celldesigner:baseReactants>s35</celldesigner:baseReactants>
<celldesigner:baseProducts>s37</celldesigner:baseProducts>
<celldesigner:offset x="20.0" y="2.0"/>
<celldesigner:editPoints>0.33333333333333326,-1.6653345369377348E-16 0.6666666666666664,-2.220446049250313E-16</celldesigner:editPoints>
<celldesigner:listOfModification>
<celldesigner:modification aliases="a65" editPoints="0.33333333333333326,0.0 0.6666666666666663,-4.440892098500626E-16" modifiers="s43" targetLineIndex="-1,1" type="CATALYSIS"/>
</celldesigner:listOfModification>
</annotation>
<listOfReactants>
<speciesReference species="s35">
<annotation>
<celldesigner:alias>a54</celldesigner:alias>
</annotation>
</speciesReference>
</listOfReactants>
<listOfProducts>
<speciesReference species="s37">
<annotation>
<celldesigner:alias>a57</celldesigner:alias>
</annotation>
</speciesReference>
</listOfProducts>
</reaction>
<reaction name="r39" reversible="false">
<annotation>
<celldesigner:reactionType>STATE_TRANSITION</celldesigner:reactionType>
<celldesigner:baseReactants>s37</celldesigner:baseReactants>
<celldesigner:baseProducts>s35</celldesigner:baseProducts>
<celldesigner:offset x="-30.0" y="-2.0"/>
<celldesigner:editPoints>0.33333333333333337,5.551115123125783E-17 0.6666666666666667,5.551115123125783E-17</celldesigner:editPoints>
<celldesigner:listOfModification>
<celldesigner:modification aliases="a58" editPoints="0.4514894432050227,-0.03934094004329686 0.7307850004577823,-0.062494023707922675" modifiers="s38" offsetX="-6.0" offsetY="-88.0" targetLineIndex="-1,1" type="CATALYSIS"/>
</celldesigner:listOfModification>
</annotation>
<listOfReactants>
<speciesReference species="s37">
<annotation>
<celldesigner:alias>a57</celldesigner:alias>
</annotation>
</speciesReference>
</listOfReactants>
<listOfProducts>
<speciesReference species="s35">
<annotation>
<celldesigner:alias>a54</celldesigner:alias>
</annotation>
</speciesReference>
</listOfProducts>
</reaction>
<reaction name="r40" reversible="false">
<annotation>
<celldesigner:reactionType>STATE_TRANSITION</celldesigner:reactionType>
<celldesigner:baseReactants>s38</celldesigner:baseReactants>
<celldesigner:baseProducts>s39</celldesigner:baseProducts>
<celldesigner:editPoints>0.3333333333333334,-8.881784197001252E-16 0.6666666666666667,-4.440892098500626E-16</celldesigner:editPoints>
<celldesigner:listOfModification>
<celldesigner:modification aliases="a46" editPoints="0.3333333333333337,0.0 0.6666666666666674,0.0" modifiers="s31" targetLineIndex="-1,1" type="CATALYSIS"/>
</celldesigner:listOfModification>
</annotation>
<listOfReactants>
<speciesReference species="s38">
<annotation>
<celldesigner:alias>a58</celldesigner:alias>
</annotation>
</speciesReference>
</listOfReactants>
<listOfProducts>
<speciesReference species="s39">
<annotation>
<celldesigner:alias>a59</celldesigner:alias>
</annotation>
</speciesReference>
</listOfProducts>
</reaction>
<reaction name="r41" reversible="false">
<annotation>
<celldesigner:reactionType>KNOWN_TRANSITION_OMITTED</celldesigner:reactionType>
<celldesigner:baseReactants>s35</celldesigner:baseReactants>
<celldesigner:baseProducts>s29</celldesigner:baseProducts>
<celldesigner:offset x="-100.0" y="9.0"/>
<celldesigner:editPoints>0.09352717668668104,0.05626540495538737 0.6666666666666669,-1.7208456881689926E-15</celldesigner:editPoints>
</annotation>
<listOfReactants>
<speciesReference species="s35">
<annotation>
<celldesigner:alias>a54</celldesigner:alias>
</annotation>
</speciesReference>
</listOfReactants>
<listOfProducts>
<speciesReference species="s29">
<annotation>
<celldesigner:alias>a41</celldesigner:alias>
</annotation>
</speciesReference>
</listOfProducts>
</reaction>
<reaction name="r43" reversible="false">
<annotation>
<celldesigner:reactionType>STATE_TRANSITION</celldesigner:reactionType>
<celldesigner:baseReactants>s40</celldesigner:baseReactants>
<celldesigner:baseProducts>s42</celldesigner:baseProducts>
<celldesigner:editPoints>0.33333333333333215,0.0 0.6666666666666661,0.0</celldesigner:editPoints>
<celldesigner:listOfModification>
<celldesigner:modification aliases="a61" editPoints="0.3333333333333335,0.0 0.6666666666666665,8.881784197001252E-16" modifiers="s41" targetLineIndex="-1,1" type="CATALYSIS"/>
</celldesigner:listOfModification>
</annotation>
<listOfReactants>
<speciesReference species="s40">
<annotation>
<celldesigner:alias>a60</celldesigner:alias>
</annotation>
</speciesReference>
</listOfReactants>
<listOfProducts>
<speciesReference species="s42">
<annotation>
<celldesigner:alias>a62</celldesigner:alias>
</annotation>
</speciesReference>
</listOfProducts>
</reaction>
<reaction name="r44" reversible="false">
<annotation>
<celldesigner:reactionType>STATE_TRANSITION</celldesigner:reactionType>
<celldesigner:baseReactants>s41</celldesigner:baseReactants>
<celldesigner:baseProducts>s41</celldesigner:baseProducts>
<celldesigner:editPoints>0.33333333333333304,0.0 0.666666666666667,0.0</celldesigner:editPoints>
<celldesigner:listOfModification>
<celldesigner:modification aliases="a52" editPoints="0.3333333333333333,-1.1102230246251565E-16 0.6666666666666665,-1.1102230246251565E-16" modifiers="s6" targetLineIndex="-1,2" type="CATALYSIS"/>
</celldesigner:listOfModification>
</annotation>
<listOfReactants>
<speciesReference species="s41">
<annotation>
<celldesigner:alias>a63</celldesigner:alias>
</annotation>
</speciesReference>
</listOfReactants>
<listOfProducts>
<speciesReference species="s41">
<annotation>
<celldesigner:alias>a61</celldesigner:alias>
</annotation>
</speciesReference>
</listOfProducts>
</reaction>
<reaction name="r45" reversible="false">
<annotation>
<celldesigner:reactionType>STATE_TRANSITION</celldesigner:reactionType>
<celldesigner:baseReactants>s43</celldesigner:baseReactants>
<celldesigner:baseProducts>s43</celldesigner:baseProducts>
<celldesigner:editPoints>0.3333333333333335,-1.1102230246251565E-16 0.6666666666666665,-1.6653345369377348E-16</celldesigner:editPoints>
<celldesigner:listOfModification>
<celldesigner:modification aliases="a28" editPoints="0.3333333333333335,-8.881784197001252E-16 0.6696103560302988,0.03171981972661264" modifiers="s19" offsetX="21.0" offsetY="5.0" targetLineIndex="-1,1" type="CATALYSIS"/>
</celldesigner:listOfModification>
</annotation>
<listOfReactants>
<speciesReference species="s43">
<annotation>
<celldesigner:alias>a64</celldesigner:alias>
</annotation>
</speciesReference>
</listOfReactants>
<listOfProducts>
<speciesReference species="s43">
<annotation>
<celldesigner:alias>a65</celldesigner:alias>
</annotation>
</speciesReference>
</listOfProducts>
</reaction>
<reaction name="r46" reversible="false">
<annotation>
<celldesigner:reactionType>KNOWN_TRANSITION_OMITTED</celldesigner:reactionType>
<celldesigner:baseReactants>s37</celldesigner:baseReactants>
<celldesigner:baseProducts>s29</celldesigner:baseProducts>
<celldesigner:editPoints>0.04869835255596944,0.25114141728281886 0.6829137807925528,0.15845903495457042</celldesigner:editPoints>
</annotation>
<listOfReactants>
<speciesReference species="s37">
<annotation>
<celldesigner:alias>a57</celldesigner:alias>
</annotation>
</speciesReference>
</listOfReactants>
<listOfProducts>
<speciesReference species="s29">
<annotation>
<celldesigner:alias>a41</celldesigner:alias>
</annotation>
</speciesReference>
</listOfProducts>
</reaction>
<reaction name="r47" reversible="false">
<annotation>
<celldesigner:reactionType>KNOWN_TRANSITION_OMITTED</celldesigner:reactionType>
<celldesigner:baseReactants>s13</celldesigner:baseReactants>
<celldesigner:baseProducts>s29</celldesigner:baseProducts>
<celldesigner:offset x="-3.0" y="7.0"/>
<celldesigner:editPoints>0.0037899969094730146,-0.3104903504367027 0.8589542568513608,-0.10128904502036762</celldesigner:editPoints>
</annotation>
<listOfReactants>
<speciesReference species="s13">
<annotation>
<celldesigner:alias>a13</celldesigner:alias>
</annotation>
</speciesReference>
</listOfReactants>
<listOfProducts>
<speciesReference species="s29">
<annotation>
<celldesigner:alias>a41</celldesigner:alias>
</annotation>
</speciesReference>
</listOfProducts>
</reaction>
<reaction name="r48" reversible="false">
<annotation>
<celldesigner:reactionType>HETERODIMER_ASSOCIATION</celldesigner:reactionType>
<celldesigner:baseReactants>s8,s44</celldesigner:baseReactants>
<celldesigner:baseProducts>s26</celldesigner:baseProducts>
<celldesigner:editPoints>0.33333333333333304,-4.440892098500626E-16 0.6666666666666661,-4.440892098500626E-16 0.3333333333333339,1.7763568394002505E-15 0.6666666666666661,1.7763568394002505E-15 0.3333333333333326,-4.440892098500626E-16 0.6666666666666656,-4.440892098500626E-16 0.3333333333333339,0.3333333333333334</celldesigner:editPoints>
<celldesigner:listOfModification>
<celldesigner:modification aliases="a26" editPoints="0.3333333333333335,0.0 0.6666666666666667,0.0" modifiers="s17" targetLineIndex="2,1" type="CATALYSIS"/>
<celldesigner:modification aliases="a29" editPoints="0.3333333333333335,-3.3306690738754696E-16 0.666666666666667,-5.551115123125783E-16" modifiers="s20" targetLineIndex="2,0" type="CATALYSIS"/>
</celldesigner:listOfModification>
</annotation>
<listOfReactants>
<speciesReference species="s8">
<annotation>
<celldesigner:alias>a8</celldesigner:alias>
</annotation>
</speciesReference>
<speciesReference species="s44">
<annotation>
<celldesigner:alias>a68</celldesigner:alias>
</annotation>
</speciesReference>
</listOfReactants>
<listOfProducts>
<speciesReference species="s26">
<annotation>
<celldesigner:alias>a38</celldesigner:alias>
</annotation>
</speciesReference>
</listOfProducts>
</reaction>
</listOfReactions>
</model>
</sbml>
