<?xml version="1.0" encoding="UTF-8"?>
<!-- Terms and Conditions -->
<!-- 
Copyright (C) 2007 SRI International.  All Rights Reserved.
This file may be copied and redistributed freely, without advance
permission, provided that these notices are reproduced with each
copy.  Your use of the data herein is solely at your own risk.
The data is not, and is not supplied as, medical information.

THIS DATA IS PROVIDED "AS IS" AND WITHOUT ANY EXPRESS OR IMPLIED
WARRANTIES, INCLUDING, BUT NOT LIMITED TO, THE IMPLIED WARRANTIES
OF MERCHANTABILITY AND FITNESS FOR A PARTICULAR PURPOSE. IN NO
EVENT SHALL SRI BE LIABLE FOR ANY DIRECT, INDIRECT, INCIDENTAL,
SPECIAL, EXEMPLARY, OR CONSEQUENTIAL DAMAGES (INCLUDING, BUT NOT
LIMITED TO, PROCUREMENT OF SUBSTITUTE GOODS OR SERVICES; LOSS OF
USE, DATA, OR PROFITS; OR BUSINESS INTERRUPTION) HOWEVER CAUSED AND
ON ANY THEORY OF LIABILITY, WHETHER IN CONTRACT, STRICT LIABILITY,
OR TORT (INCLUDING NEGLIGENCE OR OTHERWISE) ARISING IN ANY WAY OUT
OF THE USE OF THIS DATA, EVEN IF ADVISED OF THE POSSIBILITY OF SUCH
DAMAGE.

The data herein were made in part with support under Grant Number
5 U01 DA 020830 from the National Institute on Drug Abuse at the
National Institutes of Health. 
-->

<!-- Created by SBML API 2.0(a17.0) -->
<sbml xmlns="http://www.sbml.org/sbml/level2" xmlns:celldesigner="http://www.sbml.org/2001/ns/celldesigner" level="2" version="1">
<model id="Enkephalin_space_release">
<notes>
<html xmlns="http://www.w3.org/1999/xhtml">
<!--Notes by CellDesigner-->
<body>
<![CDATA[
No pathway definition
]]>
</body>
</html>
<html xmlns="http://www.w3.org/1999/xhtml">
<body>
No pathway definition
</body>
</html>
</notes>
<annotation>
<celldesigner:modelVersion>2.5</celldesigner:modelVersion>
<celldesigner:modelDisplay sizeX="600" sizeY="600"/>
<celldesigner:listOfIncludedSpecies>
<celldesigner:species id="s1" name="GTP">
<celldesigner:notes>
<html xmlns="http://www.w3.org/1999/xhtml">
<!--Notes by CellDesigner-->
<body>
Long Name:  GTP
Synonym:  Synonym not specified
Accession:  S06066
</body>
</html>
</celldesigner:notes>
<celldesigner:annotation>
<celldesigner:complexSpecies>s2</celldesigner:complexSpecies>
<celldesigner:speciesIdentity>
<celldesigner:class>SIMPLE_MOLECULE</celldesigner:class>
<celldesigner:name>GTP</celldesigner:name>
</celldesigner:speciesIdentity>
</celldesigner:annotation>
</celldesigner:species>
<celldesigner:species id="s6" name="G-Protein (s)">
<celldesigner:notes>
<html xmlns="http://www.w3.org/1999/xhtml">
<!--Notes by CellDesigner-->
<body>
Long Name:  G-Protein (s)
Synonym:  Synonym not specified
Accession:  P05977
</body>
</html>
</celldesigner:notes>
<celldesigner:annotation>
<celldesigner:complexSpecies>s2</celldesigner:complexSpecies>
<celldesigner:speciesIdentity>
<celldesigner:class>PROTEIN</celldesigner:class>
<celldesigner:proteinReference>p8</celldesigner:proteinReference>
</celldesigner:speciesIdentity>
</celldesigner:annotation>
</celldesigner:species>
<celldesigner:species id="s8" name="GDP">
<celldesigner:notes>
<html xmlns="http://www.w3.org/1999/xhtml">
<!--Notes by CellDesigner-->
<body>
Long Name:  GDP
Synonym:  Synonym not specified
Accession:  S06064
</body>
</html>
</celldesigner:notes>
<celldesigner:annotation>
<celldesigner:complexSpecies>s24</celldesigner:complexSpecies>
<celldesigner:speciesIdentity>
<celldesigner:class>SIMPLE_MOLECULE</celldesigner:class>
<celldesigner:name>GDP</celldesigner:name>
</celldesigner:speciesIdentity>
</celldesigner:annotation>
</celldesigner:species>
<celldesigner:species id="s11" name="G-Protein (s)">
<celldesigner:notes>
<html xmlns="http://www.w3.org/1999/xhtml">
<!--Notes by CellDesigner-->
<body>
Long Name:  G-Protein (s)
Synonym:  Synonym not specified
Accession:  P05977
</body>
</html>
</celldesigner:notes>
<celldesigner:annotation>
<celldesigner:complexSpecies>s24</celldesigner:complexSpecies>
<celldesigner:speciesIdentity>
<celldesigner:class>PROTEIN</celldesigner:class>
<celldesigner:proteinReference>p8</celldesigner:proteinReference>
</celldesigner:speciesIdentity>
</celldesigner:annotation>
</celldesigner:species>
<celldesigner:species id="s12" name="GPCR (s)">
<celldesigner:notes>
<html xmlns="http://www.w3.org/1999/xhtml">
<!--Notes by CellDesigner-->
<body>
Long Name:  GPCR (s)
Synonym:  Long Name:  GPCR (s)
Accession:  P05975
</body>
</html>
</celldesigner:notes>
<celldesigner:annotation>
<celldesigner:complexSpecies>s24</celldesigner:complexSpecies>
<celldesigner:speciesIdentity>
<celldesigner:class>PROTEIN</celldesigner:class>
<celldesigner:proteinReference>p2</celldesigner:proteinReference>
</celldesigner:speciesIdentity>
</celldesigner:annotation>
</celldesigner:species>
<celldesigner:species id="s13" name="GDP">
<celldesigner:notes>
<html xmlns="http://www.w3.org/1999/xhtml">
<!--Notes by CellDesigner-->
<body>
Long Name:  GDP
Synonym:  Synonym not specified
Accession:  S06064
</body>
</html>
</celldesigner:notes>
<celldesigner:annotation>
<celldesigner:complexSpecies>s26</celldesigner:complexSpecies>
<celldesigner:speciesIdentity>
<celldesigner:class>SIMPLE_MOLECULE</celldesigner:class>
<celldesigner:name>GDP</celldesigner:name>
</celldesigner:speciesIdentity>
</celldesigner:annotation>
</celldesigner:species>
<celldesigner:species id="s15" name="G-Protein (i)">
<celldesigner:notes>
<html xmlns="http://www.w3.org/1999/xhtml">
<!--Notes by CellDesigner-->
<body>
Long Name:  G-Protein (i)
Synonym:  Synonym not specified
Accession:  P05974
</body>
</html>
</celldesigner:notes>
<celldesigner:annotation>
<celldesigner:complexSpecies>s26</celldesigner:complexSpecies>
<celldesigner:speciesIdentity>
<celldesigner:class>PROTEIN</celldesigner:class>
<celldesigner:proteinReference>p4</celldesigner:proteinReference>
</celldesigner:speciesIdentity>
</celldesigner:annotation>
</celldesigner:species>
<celldesigner:species id="s16" name="GPCR (i)">
<celldesigner:notes>
<html xmlns="http://www.w3.org/1999/xhtml">
<!--Notes by CellDesigner-->
<body>
Long Name:  GPCR (i)
Synonym:  G-Protein coupled receptor,Long Name:  GPCR (i)
Accession:  P05973
</body>
</html>
</celldesigner:notes>
<celldesigner:annotation>
<celldesigner:complexSpecies>s26</celldesigner:complexSpecies>
<celldesigner:speciesIdentity>
<celldesigner:class>PROTEIN</celldesigner:class>
<celldesigner:proteinReference>p1</celldesigner:proteinReference>
</celldesigner:speciesIdentity>
</celldesigner:annotation>
</celldesigner:species>
<celldesigner:species id="s17" name="GTP">
<celldesigner:notes>
<html xmlns="http://www.w3.org/1999/xhtml">
<!--Notes by CellDesigner-->
<body>
Long Name:  GTP
Synonym:  Synonym not specified
Accession:  S06066
</body>
</html>
</celldesigner:notes>
<celldesigner:annotation>
<celldesigner:complexSpecies>s28</celldesigner:complexSpecies>
<celldesigner:speciesIdentity>
<celldesigner:class>SIMPLE_MOLECULE</celldesigner:class>
<celldesigner:name>GTP</celldesigner:name>
</celldesigner:speciesIdentity>
</celldesigner:annotation>
</celldesigner:species>
<celldesigner:species id="s19" name="G-Protein (i)">
<celldesigner:notes>
<html xmlns="http://www.w3.org/1999/xhtml">
<!--Notes by CellDesigner-->
<body>
Long Name:  G-Protein (i)
Synonym:  Synonym not specified
Accession:  P05974
</body>
</html>
</celldesigner:notes>
<celldesigner:annotation>
<celldesigner:complexSpecies>s28</celldesigner:complexSpecies>
<celldesigner:speciesIdentity>
<celldesigner:class>PROTEIN</celldesigner:class>
<celldesigner:proteinReference>p4</celldesigner:proteinReference>
</celldesigner:speciesIdentity>
</celldesigner:annotation>
</celldesigner:species>
<celldesigner:species id="s20" name="CREB">
<celldesigner:notes>
<html xmlns="http://www.w3.org/1999/xhtml">
<!--Notes by CellDesigner-->
<body>
Long Name:  cAMP response element binding protein
Synonym:  Long Name:  CREB
Accession:  P05971
</body>
</html>
</celldesigner:notes>
<celldesigner:annotation>
<celldesigner:complexSpecies>s35</celldesigner:complexSpecies>
<celldesigner:speciesIdentity>
<celldesigner:class>PROTEIN</celldesigner:class>
<celldesigner:proteinReference>p13</celldesigner:proteinReference>
<celldesigner:state>
<celldesigner:listOfModifications>
<celldesigner:modification residue="rs1" state="phosphorylated"/>
</celldesigner:listOfModifications>
</celldesigner:state>
</celldesigner:speciesIdentity>
</celldesigner:annotation>
</celldesigner:species>
<celldesigner:species id="s44" name="preproenkephalin">
<celldesigner:notes>
<html xmlns="http://www.w3.org/1999/xhtml">
<!--Notes by CellDesigner-->
<body>
Long Name:  preproenkephalin
Synonym:  Synonym not specified
Accession:  G06045
</body>
</html>
</celldesigner:notes>
<celldesigner:annotation>
<celldesigner:complexSpecies>s35</celldesigner:complexSpecies>
<celldesigner:speciesIdentity>
<celldesigner:class>GENE</celldesigner:class>
<celldesigner:geneReference>gn1</celldesigner:geneReference>
</celldesigner:speciesIdentity>
</celldesigner:annotation>
</celldesigner:species>
</celldesigner:listOfIncludedSpecies>
<celldesigner:listOfCompartmentAliases>
<celldesigner:compartmentAlias compartment="c1" id="ca1">
<celldesigner:class>SQUARE_CLOSEUP_NORTH</celldesigner:class>
<celldesigner:point x="44.0" y="50.0"/>
<celldesigner:doubleLine innerWidth="1.0" outerWidth="2.0" thickness="12.0"/>
<celldesigner:paint color="ffcccc00" scheme="Color"/>
</celldesigner:compartmentAlias>
</celldesigner:listOfCompartmentAliases>
<celldesigner:listOfComplexSpeciesAliases>
<celldesigner:complexSpeciesAlias compartmentAlias="ca1" id="a2" species="s2">
<celldesigner:activity>active</celldesigner:activity>
<celldesigner:bounds h="55.64999999999958" w="106.5" x="175.75" y="96.03750000000042"/>
<celldesigner:view state="usual"/>
<celldesigner:usualView>
<celldesigner:innerPosition x="131.75" y="46.03750000000042"/>
<celldesigner:boxSize height="55.64999999999958" width="106.5"/>
<celldesigner:singleLine width="2.0"/>
<celldesigner:paint color="fff7f7f7" scheme="Color"/>
</celldesigner:usualView>
<celldesigner:briefView>
<celldesigner:innerPosition x="0.0" y="0.0"/>
<celldesigner:boxSize height="60.0" width="80.0"/>
<celldesigner:singleLine width="2.0"/>
<celldesigner:paint color="fff7f7f7" scheme="Color"/>
</celldesigner:briefView>
</celldesigner:complexSpeciesAlias>
<celldesigner:complexSpeciesAlias compartmentAlias="ca1" id="a35" species="s24">
<celldesigner:activity>inactive</celldesigner:activity>
<celldesigner:bounds h="108.0" w="92.01626930726161" x="16.292606465228943" y="16.84375"/>
<celldesigner:view state="usual"/>
<celldesigner:usualView>
<celldesigner:innerPosition x="-27.707393534771057" y="-33.15625"/>
<celldesigner:boxSize height="108.0" width="92.01626930726161"/>
<celldesigner:singleLine width="2.0"/>
<celldesigner:paint color="fff7f7f7" scheme="Color"/>
</celldesigner:usualView>
<celldesigner:briefView>
<celldesigner:innerPosition x="0.0" y="0.0"/>
<celldesigner:boxSize height="60.0" width="80.0"/>
<celldesigner:singleLine width="2.0"/>
<celldesigner:paint color="fff7f7f7" scheme="Color"/>
</celldesigner:briefView>
</celldesigner:complexSpeciesAlias>
<celldesigner:complexSpeciesAlias compartmentAlias="ca1" id="a44" species="s26">
<celldesigner:activity>inactive</celldesigner:activity>
<celldesigner:bounds h="108.0" w="94.26053490780214" x="492.2835928891152" y="19.25"/>
<celldesigner:view state="usual"/>
<celldesigner:usualView>
<celldesigner:innerPosition x="448.2835928891152" y="-30.75"/>
<celldesigner:boxSize height="108.0" width="94.26053490780214"/>
<celldesigner:singleLine width="2.0"/>
<celldesigner:paint color="fff7f7f7" scheme="Color"/>
</celldesigner:usualView>
<celldesigner:briefView>
<celldesigner:innerPosition x="0.0" y="0.0"/>
<celldesigner:boxSize height="60.0" width="80.0"/>
<celldesigner:singleLine width="2.0"/>
<celldesigner:paint color="fff7f7f7" scheme="Color"/>
</celldesigner:briefView>
</celldesigner:complexSpeciesAlias>
<celldesigner:complexSpeciesAlias compartmentAlias="ca1" id="a47" species="s28">
<celldesigner:activity>active</celldesigner:activity>
<celldesigner:bounds h="60.0" w="93.0" x="335.86046511627893" y="94.0"/>
<celldesigner:view state="usual"/>
<celldesigner:usualView>
<celldesigner:innerPosition x="291.86046511627893" y="44.0"/>
<celldesigner:boxSize height="60.0" width="93.0"/>
<celldesigner:singleLine width="2.0"/>
<celldesigner:paint color="fff7f7f7" scheme="Color"/>
</celldesigner:usualView>
<celldesigner:briefView>
<celldesigner:innerPosition x="0.0" y="0.0"/>
<celldesigner:boxSize height="60.0" width="80.0"/>
<celldesigner:singleLine width="2.0"/>
<celldesigner:paint color="fff7f7f7" scheme="Color"/>
</celldesigner:briefView>
</celldesigner:complexSpeciesAlias>
<celldesigner:complexSpeciesAlias compartmentAlias="ca1" id="a54" species="s35">
<celldesigner:activity>inactive</celldesigner:activity>
<celldesigner:bounds h="73.5" w="135.00000000000003" x="185.11538461538495" y="301.5"/>
<celldesigner:view state="usual"/>
<celldesigner:usualView>
<celldesigner:innerPosition x="141.11538461538495" y="251.5"/>
<celldesigner:boxSize height="73.5" width="135.00000000000003"/>
<celldesigner:singleLine width="2.0"/>
<celldesigner:paint color="fff7f7f7" scheme="Color"/>
</celldesigner:usualView>
<celldesigner:briefView>
<celldesigner:innerPosition x="0.0" y="0.0"/>
<celldesigner:boxSize height="60.0" width="80.0"/>
<celldesigner:singleLine width="2.0"/>
<celldesigner:paint color="fff7f7f7" scheme="Color"/>
</celldesigner:briefView>
</celldesigner:complexSpeciesAlias>
</celldesigner:listOfComplexSpeciesAliases>
<celldesigner:listOfSpeciesAliases>
<celldesigner:speciesAlias compartmentAlias="ca1" id="a3" species="s3">
<celldesigner:activity>inactive</celldesigner:activity>
<celldesigner:bounds h="26.0" w="29.0" x="135.75" y="112.6875"/>
<celldesigner:view state="usual"/>
<celldesigner:usualView>
<celldesigner:innerPosition x="91.75" y="62.6875"/>
<celldesigner:boxSize height="26.0" width="29.0"/>
<celldesigner:singleLine width="1.0"/>
<celldesigner:paint color="ffccff66" scheme="Color"/>
</celldesigner:usualView>
<celldesigner:briefView>
<celldesigner:innerPosition x="0.0" y="0.0"/>
<celldesigner:boxSize height="60.0" width="80.0"/>
<celldesigner:singleLine width="1.0"/>
<celldesigner:paint color="3fff0000" scheme="Color"/>
</celldesigner:briefView>
</celldesigner:speciesAlias>
<celldesigner:speciesAlias compartmentAlias="ca1" id="a4" species="s4">
<celldesigner:activity>active</celldesigner:activity>
<celldesigner:bounds h="37.0" w="35.0" x="284.25" y="154.6875"/>
<celldesigner:view state="usual"/>
<celldesigner:usualView>
<celldesigner:innerPosition x="240.25" y="104.6875"/>
<celldesigner:boxSize height="37.0" width="35.0"/>
<celldesigner:singleLine width="1.0"/>
<celldesigner:paint color="ffccffcc" scheme="Color"/>
</celldesigner:usualView>
<celldesigner:briefView>
<celldesigner:innerPosition x="0.0" y="0.0"/>
<celldesigner:boxSize height="60.0" width="80.0"/>
<celldesigner:singleLine width="1.0"/>
<celldesigner:paint color="3fff0000" scheme="Color"/>
</celldesigner:briefView>
</celldesigner:speciesAlias>
<celldesigner:speciesAlias compartmentAlias="ca1" id="a5" species="s29">
<celldesigner:activity>inactive</celldesigner:activity>
<celldesigner:bounds h="38.0" w="35.0" x="284.25" y="60.6875"/>
<celldesigner:view state="usual"/>
<celldesigner:usualView>
<celldesigner:innerPosition x="240.25" y="10.6875"/>
<celldesigner:boxSize height="38.0" width="35.0"/>
<celldesigner:singleLine width="1.0"/>
<celldesigner:paint color="ffccffcc" scheme="Color"/>
</celldesigner:usualView>
<celldesigner:briefView>
<celldesigner:innerPosition x="0.0" y="0.0"/>
<celldesigner:boxSize height="60.0" width="80.0"/>
<celldesigner:singleLine width="1.0"/>
<celldesigner:paint color="3fff0000" scheme="Color"/>
</celldesigner:briefView>
</celldesigner:speciesAlias>
<celldesigner:speciesAlias compartmentAlias="ca1" id="a6" species="s5">
<celldesigner:activity>inactive</celldesigner:activity>
<celldesigner:bounds h="37.0" w="52.0" x="25.75" y="209.5"/>
<celldesigner:view state="usual"/>
<celldesigner:usualView>
<celldesigner:innerPosition x="-18.25" y="159.5"/>
<celldesigner:boxSize height="37.0" width="52.0"/>
<celldesigner:singleLine width="1.0"/>
<celldesigner:paint color="ffccffcc" scheme="Color"/>
</celldesigner:usualView>
<celldesigner:briefView>
<celldesigner:innerPosition x="0.0" y="0.0"/>
<celldesigner:boxSize height="60.0" width="80.0"/>
<celldesigner:singleLine width="1.0"/>
<celldesigner:paint color="3fff0000" scheme="Color"/>
</celldesigner:briefView>
</celldesigner:speciesAlias>
<celldesigner:speciesAlias compartmentAlias="ca1" id="a8" species="s7">
<celldesigner:activity>inactive</celldesigner:activity>
<celldesigner:bounds h="24.0" w="27.0" x="103.75" y="124.6875"/>
<celldesigner:view state="usual"/>
<celldesigner:usualView>
<celldesigner:innerPosition x="59.75" y="74.6875"/>
<celldesigner:boxSize height="24.0" width="27.0"/>
<celldesigner:singleLine width="1.0"/>
<celldesigner:paint color="ffccff66" scheme="Color"/>
</celldesigner:usualView>
<celldesigner:briefView>
<celldesigner:innerPosition x="0.0" y="0.0"/>
<celldesigner:boxSize height="60.0" width="80.0"/>
<celldesigner:singleLine width="1.0"/>
<celldesigner:paint color="3fff0000" scheme="Color"/>
</celldesigner:briefView>
</celldesigner:speciesAlias>
<celldesigner:speciesAlias compartmentAlias="ca1" id="a9" species="s30">
<celldesigner:activity>inactive</celldesigner:activity>
<celldesigner:bounds h="37.0" w="52.0" x="25.75" y="273.0"/>
<celldesigner:view state="usual"/>
<celldesigner:usualView>
<celldesigner:innerPosition x="-18.25" y="223.0"/>
<celldesigner:boxSize height="37.0" width="52.0"/>
<celldesigner:singleLine width="1.0"/>
<celldesigner:paint color="ffccffcc" scheme="Color"/>
</celldesigner:usualView>
<celldesigner:briefView>
<celldesigner:innerPosition x="0.0" y="0.0"/>
<celldesigner:boxSize height="60.0" width="80.0"/>
<celldesigner:singleLine width="1.0"/>
<celldesigner:paint color="3fff0000" scheme="Color"/>
</celldesigner:briefView>
</celldesigner:speciesAlias>
<celldesigner:speciesAlias compartmentAlias="ca1" id="a11" species="s9">
<celldesigner:activity>inactive</celldesigner:activity>
<celldesigner:bounds h="29.0" w="41.0" x="337.25" y="198.6875"/>
<celldesigner:view state="usual"/>
<celldesigner:usualView>
<celldesigner:innerPosition x="293.25" y="148.6875"/>
<celldesigner:boxSize height="29.0" width="41.0"/>
<celldesigner:singleLine width="1.0"/>
<celldesigner:paint color="ffccff66" scheme="Color"/>
</celldesigner:usualView>
<celldesigner:briefView>
<celldesigner:innerPosition x="0.0" y="0.0"/>
<celldesigner:boxSize height="60.0" width="80.0"/>
<celldesigner:singleLine width="1.0"/>
<celldesigner:paint color="3fff0000" scheme="Color"/>
</celldesigner:briefView>
</celldesigner:speciesAlias>
<celldesigner:speciesAlias compartmentAlias="ca1" id="a12" species="s10">
<celldesigner:activity>inactive</celldesigner:activity>
<celldesigner:bounds h="30.0" w="45.0" x="223.25" y="196.6875"/>
<celldesigner:view state="usual"/>
<celldesigner:usualView>
<celldesigner:innerPosition x="179.25" y="146.6875"/>
<celldesigner:boxSize height="30.0" width="45.0"/>
<celldesigner:singleLine width="1.0"/>
<celldesigner:paint color="ffccff66" scheme="Color"/>
</celldesigner:usualView>
<celldesigner:briefView>
<celldesigner:innerPosition x="0.0" y="0.0"/>
<celldesigner:boxSize height="60.0" width="80.0"/>
<celldesigner:singleLine width="1.0"/>
<celldesigner:paint color="3fff0000" scheme="Color"/>
</celldesigner:briefView>
</celldesigner:speciesAlias>
<celldesigner:speciesAlias compartmentAlias="ca1" id="a19" species="s14">
<celldesigner:activity>inactive</celldesigner:activity>
<celldesigner:bounds h="50.0" w="80.0" x="144.00104621963192" y="22.125"/>
<celldesigner:view state="usual"/>
<celldesigner:usualView>
<celldesigner:innerPosition x="100.00104621963192" y="-27.875"/>
<celldesigner:boxSize height="50.0" width="80.0"/>
<celldesigner:singleLine width="1.0"/>
<celldesigner:paint color="ffffffcc" scheme="Color"/>
</celldesigner:usualView>
<celldesigner:briefView>
<celldesigner:innerPosition x="0.0" y="0.0"/>
<celldesigner:boxSize height="60.0" width="80.0"/>
<celldesigner:singleLine width="1.0"/>
<celldesigner:paint color="3fff0000" scheme="Color"/>
</celldesigner:briefView>
</celldesigner:speciesAlias>
<celldesigner:speciesAlias compartmentAlias="ca1" id="a24" species="s18">
<celldesigner:activity>inactive</celldesigner:activity>
<celldesigner:bounds h="50.0" w="80.0" x="373.0" y="24.0"/>
<celldesigner:view state="usual"/>
<celldesigner:usualView>
<celldesigner:innerPosition x="329.0" y="-26.0"/>
<celldesigner:boxSize height="50.0" width="80.0"/>
<celldesigner:singleLine width="1.0"/>
<celldesigner:paint color="ffffffcc" scheme="Color"/>
</celldesigner:usualView>
<celldesigner:briefView>
<celldesigner:innerPosition x="0.0" y="0.0"/>
<celldesigner:boxSize height="60.0" width="80.0"/>
<celldesigner:singleLine width="1.0"/>
<celldesigner:paint color="3fff0000" scheme="Color"/>
</celldesigner:briefView>
</celldesigner:speciesAlias>
<celldesigner:speciesAlias compartmentAlias="ca1" id="a37" species="s3">
<celldesigner:activity>inactive</celldesigner:activity>
<celldesigner:bounds h="26.0" w="29.0" x="449.0" y="146.0"/>
<celldesigner:view state="usual"/>
<celldesigner:usualView>
<celldesigner:innerPosition x="405.0" y="96.0"/>
<celldesigner:boxSize height="26.0" width="29.0"/>
<celldesigner:singleLine width="1.0"/>
<celldesigner:paint color="ffccff66" scheme="Color"/>
</celldesigner:usualView>
<celldesigner:briefView>
<celldesigner:innerPosition x="0.0" y="0.0"/>
<celldesigner:boxSize height="60.0" width="80.0"/>
<celldesigner:singleLine width="1.0"/>
<celldesigner:paint color="3fff0000" scheme="Color"/>
</celldesigner:briefView>
</celldesigner:speciesAlias>
<celldesigner:speciesAlias compartmentAlias="ca1" id="a46" species="s7">
<celldesigner:activity>inactive</celldesigner:activity>
<celldesigner:bounds h="24.0" w="27.0" x="491.5" y="135.0"/>
<celldesigner:view state="usual"/>
<celldesigner:usualView>
<celldesigner:innerPosition x="447.5" y="85.0"/>
<celldesigner:boxSize height="24.0" width="27.0"/>
<celldesigner:singleLine width="1.0"/>
<celldesigner:paint color="ffccff66" scheme="Color"/>
</celldesigner:usualView>
<celldesigner:briefView>
<celldesigner:innerPosition x="0.0" y="0.0"/>
<celldesigner:boxSize height="60.0" width="80.0"/>
<celldesigner:singleLine width="1.0"/>
<celldesigner:paint color="3fff0000" scheme="Color"/>
</celldesigner:briefView>
</celldesigner:speciesAlias>
<celldesigner:speciesAlias compartmentAlias="ca1" id="a48" species="s31">
<celldesigner:activity>inactive</celldesigner:activity>
<celldesigner:bounds h="36.0" w="43.0" x="170.0" y="173.0"/>
<celldesigner:view state="usual"/>
<celldesigner:usualView>
<celldesigner:innerPosition x="126.0" y="123.0"/>
<celldesigner:boxSize height="36.0" width="43.0"/>
<celldesigner:singleLine width="1.0"/>
<celldesigner:paint color="ffccffcc" scheme="Color"/>
</celldesigner:usualView>
<celldesigner:briefView>
<celldesigner:innerPosition x="0.0" y="0.0"/>
<celldesigner:boxSize height="60.0" width="80.0"/>
<celldesigner:singleLine width="1.0"/>
<celldesigner:paint color="3fff0000" scheme="Color"/>
</celldesigner:briefView>
</celldesigner:speciesAlias>
<celldesigner:speciesAlias compartmentAlias="ca1" id="a49" species="s31">
<celldesigner:activity>active</celldesigner:activity>
<celldesigner:bounds h="36.0" w="43.0" x="170.5" y="241.0"/>
<celldesigner:view state="usual"/>
<celldesigner:usualView>
<celldesigner:innerPosition x="126.5" y="191.0"/>
<celldesigner:boxSize height="36.0" width="43.0"/>
<celldesigner:singleLine width="1.0"/>
<celldesigner:paint color="ffccffcc" scheme="Color"/>
</celldesigner:usualView>
<celldesigner:briefView>
<celldesigner:innerPosition x="0.0" y="0.0"/>
<celldesigner:boxSize height="60.0" width="80.0"/>
<celldesigner:singleLine width="1.0"/>
<celldesigner:paint color="3fff0000" scheme="Color"/>
</celldesigner:briefView>
</celldesigner:speciesAlias>
<celldesigner:speciesAlias compartmentAlias="ca1" id="a51" species="s42">
<celldesigner:activity>inactive</celldesigner:activity>
<celldesigner:bounds h="17.0" w="188.0" x="365.0" y="330.5"/>
<celldesigner:view state="usual"/>
<celldesigner:usualView>
<celldesigner:innerPosition x="321.0" y="280.5"/>
<celldesigner:boxSize height="17.0" width="188.0"/>
<celldesigner:singleLine width="1.0"/>
<celldesigner:paint color="ff66ff66" scheme="Color"/>
</celldesigner:usualView>
<celldesigner:briefView>
<celldesigner:innerPosition x="0.0" y="0.0"/>
<celldesigner:boxSize height="60.0" width="80.0"/>
<celldesigner:singleLine width="1.0"/>
<celldesigner:paint color="3fff0000" scheme="Color"/>
</celldesigner:briefView>
</celldesigner:speciesAlias>
<celldesigner:speciesAlias compartmentAlias="ca1" id="a52" species="s34">
<celldesigner:activity>inactive</celldesigner:activity>
<celldesigner:bounds h="31.0" w="93.0" x="414.0" y="433.0"/>
<celldesigner:view state="usual"/>
<celldesigner:usualView>
<celldesigner:innerPosition x="370.0" y="383.0"/>
<celldesigner:boxSize height="31.0" width="93.0"/>
<celldesigner:singleLine width="1.0"/>
<celldesigner:paint color="ffccffcc" scheme="Color"/>
</celldesigner:usualView>
<celldesigner:briefView>
<celldesigner:innerPosition x="0.0" y="0.0"/>
<celldesigner:boxSize height="60.0" width="80.0"/>
<celldesigner:singleLine width="1.0"/>
<celldesigner:paint color="3fff0000" scheme="Color"/>
</celldesigner:briefView>
</celldesigner:speciesAlias>
<celldesigner:speciesAlias compartmentAlias="ca1" id="a57" species="s43">
<celldesigner:activity>inactive</celldesigner:activity>
<celldesigner:bounds h="24.0" w="138.0" x="14.5" y="345.125"/>
<celldesigner:view state="usual"/>
<celldesigner:usualView>
<celldesigner:innerPosition x="-29.5" y="295.125"/>
<celldesigner:boxSize height="24.0" width="138.0"/>
<celldesigner:singleLine width="1.0"/>
<celldesigner:paint color="ffffff66" scheme="Color"/>
</celldesigner:usualView>
<celldesigner:briefView>
<celldesigner:innerPosition x="0.0" y="0.0"/>
<celldesigner:boxSize height="60.0" width="80.0"/>
<celldesigner:singleLine width="1.0"/>
<celldesigner:paint color="3fff0000" scheme="Color"/>
</celldesigner:briefView>
</celldesigner:speciesAlias>
<celldesigner:speciesAlias compartmentAlias="ca1" id="a58" species="s37">
<celldesigner:activity>inactive</celldesigner:activity>
<celldesigner:bounds h="59.0" w="132.0" x="231.0" y="519.0"/>
<celldesigner:view state="usual"/>
<celldesigner:usualView>
<celldesigner:innerPosition x="187.0" y="469.0"/>
<celldesigner:boxSize height="59.0" width="132.0"/>
<celldesigner:singleLine width="1.0"/>
<celldesigner:paint color="ffcc99ff" scheme="Color"/>
</celldesigner:usualView>
<celldesigner:briefView>
<celldesigner:innerPosition x="0.0" y="0.0"/>
<celldesigner:boxSize height="60.0" width="80.0"/>
<celldesigner:singleLine width="1.0"/>
<celldesigner:paint color="3fff0000" scheme="Color"/>
</celldesigner:briefView>
</celldesigner:speciesAlias>
<celldesigner:speciesAlias compartmentAlias="ca1" id="a59" species="s38">
<celldesigner:activity>inactive</celldesigner:activity>
<celldesigner:bounds h="45.0" w="149.0" x="215.0" y="430.0"/>
<celldesigner:view state="usual"/>
<celldesigner:usualView>
<celldesigner:innerPosition x="171.0" y="380.0"/>
<celldesigner:boxSize height="45.0" width="149.0"/>
<celldesigner:singleLine width="1.0"/>
<celldesigner:paint color="ffcc99ff" scheme="Color"/>
</celldesigner:usualView>
<celldesigner:briefView>
<celldesigner:innerPosition x="0.0" y="0.0"/>
<celldesigner:boxSize height="60.0" width="80.0"/>
<celldesigner:singleLine width="1.0"/>
<celldesigner:paint color="3fff0000" scheme="Color"/>
</celldesigner:briefView>
</celldesigner:speciesAlias>
<celldesigner:speciesAlias complexSpeciesAlias="a2" id="sa1" species="s1">
<celldesigner:activity>inactive</celldesigner:activity>
<celldesigner:bounds h="24.0" w="27.0" x="183.75" y="119.6875"/>
<celldesigner:view state="usual"/>
<celldesigner:usualView>
<celldesigner:innerPosition x="8.0" y="23.64999999999958"/>
<celldesigner:boxSize height="24.0" width="27.0"/>
<celldesigner:singleLine width="1.0"/>
<celldesigner:paint color="ffccff66" scheme="Color"/>
</celldesigner:usualView>
<celldesigner:briefView>
<celldesigner:innerPosition x="0.0" y="0.0"/>
<celldesigner:boxSize height="0.0" width="0.0"/>
<celldesigner:singleLine width="1.0"/>
<celldesigner:paint color="3fff0000" scheme="Color"/>
</celldesigner:briefView>
</celldesigner:speciesAlias>
<celldesigner:speciesAlias complexSpeciesAlias="a2" id="sa2" species="s6">
<celldesigner:activity>inactive</celldesigner:activity>
<celldesigner:bounds h="22.0" w="72.0" x="198.25" y="104.03750000000042"/>
<celldesigner:view state="usual"/>
<celldesigner:usualView>
<celldesigner:innerPosition x="22.5" y="8.0"/>
<celldesigner:boxSize height="22.0" width="72.0"/>
<celldesigner:singleLine width="1.0"/>
<celldesigner:paint color="ffccffcc" scheme="Color"/>
</celldesigner:usualView>
<celldesigner:briefView>
<celldesigner:innerPosition x="0.0" y="0.0"/>
<celldesigner:boxSize height="0.0" width="0.0"/>
<celldesigner:singleLine width="1.0"/>
<celldesigner:paint color="3fff0000" scheme="Color"/>
</celldesigner:briefView>
</celldesigner:speciesAlias>
<celldesigner:speciesAlias complexSpeciesAlias="a35" id="sa3" species="s8">
<celldesigner:activity>inactive</celldesigner:activity>
<celldesigner:bounds h="26.0" w="29.0" x="32.57401691456198" y="92.84375"/>
<celldesigner:view state="usual"/>
<celldesigner:usualView>
<celldesigner:innerPosition x="16.281410449333038" y="76.0"/>
<celldesigner:boxSize height="26.0" width="29.0"/>
<celldesigner:singleLine width="1.0"/>
<celldesigner:paint color="ffccff66" scheme="Color"/>
</celldesigner:usualView>
<celldesigner:briefView>
<celldesigner:innerPosition x="0.0" y="0.0"/>
<celldesigner:boxSize height="0.0" width="0.0"/>
<celldesigner:singleLine width="1.0"/>
<celldesigner:paint color="3fff0000" scheme="Color"/>
</celldesigner:briefView>
</celldesigner:speciesAlias>
<celldesigner:speciesAlias complexSpeciesAlias="a35" id="sa4" species="s11">
<celldesigner:activity>inactive</celldesigner:activity>
<celldesigner:bounds h="22.0" w="72.0" x="26.292606465228943" y="72.84375"/>
<celldesigner:view state="usual"/>
<celldesigner:usualView>
<celldesigner:innerPosition x="10.0" y="56.0"/>
<celldesigner:boxSize height="22.0" width="72.0"/>
<celldesigner:singleLine width="1.0"/>
<celldesigner:paint color="ffccffcc" scheme="Color"/>
</celldesigner:usualView>
<celldesigner:briefView>
<celldesigner:innerPosition x="0.0" y="0.0"/>
<celldesigner:boxSize height="0.0" width="0.0"/>
<celldesigner:singleLine width="1.0"/>
<celldesigner:paint color="3fff0000" scheme="Color"/>
</celldesigner:briefView>
</celldesigner:speciesAlias>
<celldesigner:speciesAlias complexSpeciesAlias="a35" id="sa5" species="s12">
<celldesigner:activity>inactive</celldesigner:activity>
<celldesigner:bounds h="50.0" w="80.0" x="22.308875772490552" y="22.84375"/>
<celldesigner:view state="usual"/>
<celldesigner:usualView>
<celldesigner:innerPosition x="6.016269307261609" y="6.0"/>
<celldesigner:boxSize height="50.0" width="80.0"/>
<celldesigner:singleLine width="1.0"/>
<celldesigner:paint color="ffffffcc" scheme="Color"/>
</celldesigner:usualView>
<celldesigner:briefView>
<celldesigner:innerPosition x="0.0" y="0.0"/>
<celldesigner:boxSize height="0.0" width="0.0"/>
<celldesigner:singleLine width="1.0"/>
<celldesigner:paint color="3fff0000" scheme="Color"/>
</celldesigner:briefView>
</celldesigner:speciesAlias>
<celldesigner:speciesAlias complexSpeciesAlias="a44" id="sa6" species="s13">
<celldesigner:activity>inactive</celldesigner:activity>
<celldesigner:bounds h="26.0" w="29.0" x="540.9458485360749" y="95.25"/>
<celldesigner:view state="usual"/>
<celldesigner:usualView>
<celldesigner:innerPosition x="48.66225564695969" y="76.0"/>
<celldesigner:boxSize height="26.0" width="29.0"/>
<celldesigner:singleLine width="1.0"/>
<celldesigner:paint color="ffccff66" scheme="Color"/>
</celldesigner:usualView>
<celldesigner:briefView>
<celldesigner:innerPosition x="0.0" y="0.0"/>
<celldesigner:boxSize height="0.0" width="0.0"/>
<celldesigner:singleLine width="1.0"/>
<celldesigner:paint color="3fff0000" scheme="Color"/>
</celldesigner:briefView>
</celldesigner:speciesAlias>
<celldesigner:speciesAlias complexSpeciesAlias="a44" id="sa7" species="s15">
<celldesigner:activity>inactive</celldesigner:activity>
<celldesigner:bounds h="22.0" w="71.0" x="506.54412779691734" y="75.25"/>
<celldesigner:view state="usual"/>
<celldesigner:usualView>
<celldesigner:innerPosition x="14.260534907802139" y="56.0"/>
<celldesigner:boxSize height="22.0" width="71.0"/>
<celldesigner:singleLine width="1.0"/>
<celldesigner:paint color="ffccffcc" scheme="Color"/>
</celldesigner:usualView>
<celldesigner:briefView>
<celldesigner:innerPosition x="0.0" y="0.0"/>
<celldesigner:boxSize height="0.0" width="0.0"/>
<celldesigner:singleLine width="1.0"/>
<celldesigner:paint color="3fff0000" scheme="Color"/>
</celldesigner:briefView>
</celldesigner:speciesAlias>
<celldesigner:speciesAlias complexSpeciesAlias="a44" id="sa8" species="s16">
<celldesigner:activity>inactive</celldesigner:activity>
<celldesigner:bounds h="50.0" w="80.0" x="498.2835928891152" y="25.25"/>
<celldesigner:view state="usual"/>
<celldesigner:usualView>
<celldesigner:innerPosition x="6.0" y="6.0"/>
<celldesigner:boxSize height="50.0" width="80.0"/>
<celldesigner:singleLine width="1.0"/>
<celldesigner:paint color="ffffffcc" scheme="Color"/>
</celldesigner:usualView>
<celldesigner:briefView>
<celldesigner:innerPosition x="0.0" y="0.0"/>
<celldesigner:boxSize height="0.0" width="0.0"/>
<celldesigner:singleLine width="1.0"/>
<celldesigner:paint color="3fff0000" scheme="Color"/>
</celldesigner:briefView>
</celldesigner:speciesAlias>
<celldesigner:speciesAlias complexSpeciesAlias="a47" id="sa9" species="s17">
<celldesigner:activity>inactive</celldesigner:activity>
<celldesigner:bounds h="24.0" w="27.0" x="384.0" y="122.0"/>
<celldesigner:view state="usual"/>
<celldesigner:usualView>
<celldesigner:innerPosition x="48.13953488372107" y="28.0"/>
<celldesigner:boxSize height="24.0" width="27.0"/>
<celldesigner:singleLine width="1.0"/>
<celldesigner:paint color="ffccff66" scheme="Color"/>
</celldesigner:usualView>
<celldesigner:briefView>
<celldesigner:innerPosition x="0.0" y="0.0"/>
<celldesigner:boxSize height="0.0" width="0.0"/>
<celldesigner:singleLine width="1.0"/>
<celldesigner:paint color="3fff0000" scheme="Color"/>
</celldesigner:briefView>
</celldesigner:speciesAlias>
<celldesigner:speciesAlias complexSpeciesAlias="a47" id="sa10" species="s19">
<celldesigner:activity>inactive</celldesigner:activity>
<celldesigner:bounds h="22.0" w="71.0" x="346.86046511627893" y="102.0"/>
<celldesigner:view state="usual"/>
<celldesigner:usualView>
<celldesigner:innerPosition x="11.0" y="8.0"/>
<celldesigner:boxSize height="22.0" width="71.0"/>
<celldesigner:singleLine width="1.0"/>
<celldesigner:paint color="ffccffcc" scheme="Color"/>
</celldesigner:usualView>
<celldesigner:briefView>
<celldesigner:innerPosition x="0.0" y="0.0"/>
<celldesigner:boxSize height="0.0" width="0.0"/>
<celldesigner:singleLine width="1.0"/>
<celldesigner:paint color="3fff0000" scheme="Color"/>
</celldesigner:briefView>
</celldesigner:speciesAlias>
<celldesigner:speciesAlias complexSpeciesAlias="a54" id="sa11" species="s20">
<celldesigner:activity>inactive</celldesigner:activity>
<celldesigner:bounds h="37.0" w="52.0" x="229.0" y="307.5"/>
<celldesigner:view state="usual"/>
<celldesigner:usualView>
<celldesigner:innerPosition x="43.884615384615046" y="6.0"/>
<celldesigner:boxSize height="37.0" width="52.0"/>
<celldesigner:singleLine width="1.0"/>
<celldesigner:paint color="ffccffcc" scheme="Color"/>
</celldesigner:usualView>
<celldesigner:briefView>
<celldesigner:innerPosition x="0.0" y="0.0"/>
<celldesigner:boxSize height="0.0" width="0.0"/>
<celldesigner:singleLine width="1.0"/>
<celldesigner:paint color="3fff0000" scheme="Color"/>
</celldesigner:briefView>
</celldesigner:speciesAlias>
<celldesigner:speciesAlias complexSpeciesAlias="a54" id="sa12" species="s44">
<celldesigner:activity>inactive</celldesigner:activity>
<celldesigner:bounds h="24.0" w="127.0" x="191.11538461538495" y="345.0"/>
<celldesigner:view state="usual"/>
<celldesigner:usualView>
<celldesigner:innerPosition x="6.0" y="43.5"/>
<celldesigner:boxSize height="24.0" width="127.0"/>
<celldesigner:singleLine width="1.0"/>
<celldesigner:paint color="ffffff66" scheme="Color"/>
</celldesigner:usualView>
<celldesigner:briefView>
<celldesigner:innerPosition x="0.0" y="0.0"/>
<celldesigner:boxSize height="0.0" width="0.0"/>
<celldesigner:singleLine width="1.0"/>
<celldesigner:paint color="3fff0000" scheme="Color"/>
</celldesigner:briefView>
</celldesigner:speciesAlias>
</celldesigner:listOfSpeciesAliases>
<celldesigner:listOfGroups/>
<celldesigner:listOfProteins>
<celldesigner:protein id="p3" name="AC" type="GENERIC"/>
<celldesigner:protein id="p8" name="G-Protein (s)" type="GENERIC"/>
<celldesigner:protein id="p2" name="GPCR (s)" type="RECEPTOR"/>
<celldesigner:protein id="p1" name="GPCR (i)" type="RECEPTOR"/>
<celldesigner:protein id="p4" name="G-Protein (i)" type="GENERIC"/>
<celldesigner:protein id="p13" name="CREB" type="GENERIC">
<celldesigner:listOfModificationResidues>
<celldesigner:modificationResidue angle="6.21" id="rs1"/>
</celldesigner:listOfModificationResidues>
</celldesigner:protein>
<celldesigner:protein id="p5" name="PKA" type="GENERIC"/>
<celldesigner:protein id="p6" name="Enkephalin" type="GENERIC"/>
</celldesigner:listOfProteins>
<celldesigner:listOfGenes>
<celldesigner:gene id="gn1" name="preproenkephalin" type="GENE"/>
</celldesigner:listOfGenes>
<celldesigner:listOfRNAs>
<celldesigner:RNA id="rn1" name="preproenkephalin mRNA" type="RNA"/>
</celldesigner:listOfRNAs>
<celldesigner:listOfAntisenseRNAs/>
<celldesigner:listOfBlockDiagrams/>
</annotation>
<listOfCompartments>
<compartment id="default"/>
<compartment id="c1" name="neuron" outside="default">
<annotation>
<celldesigner:name>neuron</celldesigner:name>
</annotation>
</compartment>
</listOfCompartments>
<listOfSpecies>
<species compartment="c1" id="s3" initialAmount="0.0" name="GDP">
<notes>
<html xmlns="http://www.w3.org/1999/xhtml">
<!--Notes by CellDesigner-->
<body>
Long Name:  GDP
Synonym:  Synonym not specified
Accession:  S06064
</body>
</html>
</notes>
<annotation>
<celldesigner:positionToCompartment>inside</celldesigner:positionToCompartment>
<celldesigner:speciesIdentity>
<celldesigner:class>SIMPLE_MOLECULE</celldesigner:class>
<celldesigner:name>GDP</celldesigner:name>
</celldesigner:speciesIdentity>
</annotation>
</species>
<species compartment="c1" id="s4" initialAmount="0.0" name="AC">
<notes>
<html xmlns="http://www.w3.org/1999/xhtml">
<!--Notes by CellDesigner-->
<body>
Long Name:  adenylate cyclase
Synonym:  Long Name:  AC,adenylate cyclase,adenylate cyclase 2,adenylate cyclase 7,adenylyl cyclase
Accession:  P05978
</body>
</html>
</notes>
<annotation>
<celldesigner:positionToCompartment>inside</celldesigner:positionToCompartment>
<celldesigner:speciesIdentity>
<celldesigner:class>PROTEIN</celldesigner:class>
<celldesigner:proteinReference>p3</celldesigner:proteinReference>
</celldesigner:speciesIdentity>
<celldesigner:listOfCatalyzedReactions>
<celldesigner:catalyzed reaction="re1"/>
</celldesigner:listOfCatalyzedReactions>
</annotation>
</species>
<species compartment="c1" id="s7" initialAmount="0.0" name="GTP">
<notes>
<html xmlns="http://www.w3.org/1999/xhtml">
<!--Notes by CellDesigner-->
<body>
Long Name:  GTP
Synonym:  Synonym not specified
Accession:  S06066
</body>
</html>
</notes>
<annotation>
<celldesigner:positionToCompartment>inside</celldesigner:positionToCompartment>
<celldesigner:speciesIdentity>
<celldesigner:class>SIMPLE_MOLECULE</celldesigner:class>
<celldesigner:name>GTP</celldesigner:name>
</celldesigner:speciesIdentity>
</annotation>
</species>
<species compartment="c1" id="s9" initialAmount="0.0" name="ATP">
<notes>
<html xmlns="http://www.w3.org/1999/xhtml">
<!--Notes by CellDesigner-->
<body>
Long Name:  ATP
Synonym:  Synonym not specified
Accession:  S06065
</body>
</html>
</notes>
<annotation>
<celldesigner:positionToCompartment>inside</celldesigner:positionToCompartment>
<celldesigner:speciesIdentity>
<celldesigner:class>SIMPLE_MOLECULE</celldesigner:class>
<celldesigner:name>ATP</celldesigner:name>
</celldesigner:speciesIdentity>
</annotation>
</species>
<species compartment="c1" id="s10" initialAmount="0.0" name="cAMP">
<notes>
<html xmlns="http://www.w3.org/1999/xhtml">
<!--Notes by CellDesigner-->
<body>
Long Name:  cAMP
Synonym:  Synonym not specified
Accession:  S06067
</body>
</html>
</notes>
<annotation>
<celldesigner:positionToCompartment>inside</celldesigner:positionToCompartment>
<celldesigner:speciesIdentity>
<celldesigner:class>SIMPLE_MOLECULE</celldesigner:class>
<celldesigner:name>cAMP</celldesigner:name>
</celldesigner:speciesIdentity>
<celldesigner:listOfCatalyzedReactions>
<celldesigner:catalyzed reaction="re7"/>
</celldesigner:listOfCatalyzedReactions>
</annotation>
</species>
<species compartment="c1" id="s2" initialAmount="0.0" name="Complex_br_(GTP/G-Protein)">
<notes>
<html xmlns="http://www.w3.org/1999/xhtml">
<!--Notes by CellDesigner-->
<body>
Long Name:  Complex (GTP/G-Protein)
Synonym:  Synonym not specified
Accession:  U06175
Heterodimer Member Info:  G-Protein (s)#PROTEIN#G-Protein (s)#P05977##;GTP#SIMPLE_MOLECULE#GTP#S06066##
</body>
</html>
</notes>
<annotation>
<celldesigner:positionToCompartment>inside</celldesigner:positionToCompartment>
<celldesigner:speciesIdentity>
<celldesigner:class>COMPLEX</celldesigner:class>
<celldesigner:name>Complex_br_(GTP/G-Protein)</celldesigner:name>
</celldesigner:speciesIdentity>
<celldesigner:listOfCatalyzedReactions>
<celldesigner:catalyzed reaction="re2"/>
</celldesigner:listOfCatalyzedReactions>
</annotation>
</species>
<species compartment="c1" id="s14" initialAmount="0.0" name="V2">
<notes>
<html xmlns="http://www.w3.org/1999/xhtml">
<!--Notes by CellDesigner-->
<body>
Long Name:  GPCR (s)
Synonym:  Long Name:  GPCR (s)
Accession:  P05975
</body>
</html>
</notes>
<annotation>
<celldesigner:positionToCompartment>transmembrane</celldesigner:positionToCompartment>
<celldesigner:speciesIdentity>
<celldesigner:class>PROTEIN</celldesigner:class>
<celldesigner:proteinReference>p2</celldesigner:proteinReference>
</celldesigner:speciesIdentity>
</annotation>
</species>
<species compartment="c1" id="s18" initialAmount="0.0" name="GPCRi">
<notes>
<html xmlns="http://www.w3.org/1999/xhtml">
<!--Notes by CellDesigner-->
<body>
Long Name:  GPCR (i)
Synonym:  G-Protein coupled receptor,Long Name:  GPCR (i)
Accession:  P05973
</body>
</html>
</notes>
<annotation>
<celldesigner:positionToCompartment>transmembrane</celldesigner:positionToCompartment>
<celldesigner:speciesIdentity>
<celldesigner:class>PROTEIN</celldesigner:class>
<celldesigner:proteinReference>p1</celldesigner:proteinReference>
</celldesigner:speciesIdentity>
</annotation>
</species>
<species compartment="c1" id="s24" initialAmount="0.0" name="Complex_br_(GDP/G-Protein (s)/_br_GPCR (s))">
<notes>
<html xmlns="http://www.w3.org/1999/xhtml">
<!--Notes by CellDesigner-->
<body>
Long Name:  Complex (GDP/G-Protein (s)/ GPCR (s))
Synonym:  Synonym not specified
Accession:  U06176
Heterodimer Member Info:  GDP#SIMPLE_MOLECULE#GDP#S06064##;GPCR (s)#PROTEIN#GPCR (s)#P05975#Long Name:  GPCR (s)#;G-Protein (s)#PROTEIN#G-Protein (s)#P05977##
</body>
</html>
</notes>
<annotation>
<celldesigner:positionToCompartment>transmembrane</celldesigner:positionToCompartment>
<celldesigner:speciesIdentity>
<celldesigner:class>COMPLEX</celldesigner:class>
<celldesigner:name>Complex_br_(GDP/G-Protein (s)/_br_GPCR (s))</celldesigner:name>
</celldesigner:speciesIdentity>
</annotation>
</species>
<species compartment="c1" id="s26" initialAmount="0.0" name="Complex_br_(GDP/G-Protein (i)/_br_GPCR (i))">
<notes>
<html xmlns="http://www.w3.org/1999/xhtml">
<!--Notes by CellDesigner-->
<body>
Long Name:  Complex (GDP/G-Protein (i)/ GPCR (i))
Synonym:  Synonym not specified
Accession:  U06177
Heterodimer Member Info:  GPCR (i)#PROTEIN#GPCR (i)#P05973#G-Protein coupled receptor|Long Name:  GPCR (i)#;GDP#SIMPLE_MOLECULE#GDP#S06064##;G-Protein (i)#PROTEIN#G-Protein (i)#P05974##
</body>
</html>
</notes>
<annotation>
<celldesigner:positionToCompartment>transmembrane</celldesigner:positionToCompartment>
<celldesigner:speciesIdentity>
<celldesigner:class>COMPLEX</celldesigner:class>
<celldesigner:name>Complex_br_(GDP/G-Protein (i)/_br_GPCR (i))</celldesigner:name>
</celldesigner:speciesIdentity>
</annotation>
</species>
<species compartment="c1" id="s28" initialAmount="0.0" name="Complex_br_(GTP/G-Protein (i))">
<notes>
<html xmlns="http://www.w3.org/1999/xhtml">
<!--Notes by CellDesigner-->
<body>
Long Name:  Complex (GTP/G-Protein (i))
Synonym:  Synonym not specified
Accession:  U06178
Heterodimer Member Info:  G-Protein (i)#PROTEIN#G-Protein (i)#P05974##;GTP#SIMPLE_MOLECULE#GTP#S06066##
</body>
</html>
</notes>
<annotation>
<celldesigner:positionToCompartment>inside</celldesigner:positionToCompartment>
<celldesigner:speciesIdentity>
<celldesigner:class>COMPLEX</celldesigner:class>
<celldesigner:name>Complex_br_(GTP/G-Protein (i))</celldesigner:name>
</celldesigner:speciesIdentity>
<celldesigner:listOfCatalyzedReactions>
<celldesigner:catalyzed reaction="re2"/>
</celldesigner:listOfCatalyzedReactions>
</annotation>
</species>
<species compartment="c1" id="s29" initialAmount="0.0" name="AC">
<notes>
<html xmlns="http://www.w3.org/1999/xhtml">
<!--Notes by CellDesigner-->
<body>
Long Name:  adenylate cyclase
Synonym:  Long Name:  AC,adenylate cyclase,adenylate cyclase 2,adenylate cyclase 7,adenylyl cyclase
Accession:  P05978
</body>
</html>
</notes>
<annotation>
<celldesigner:positionToCompartment>innerSurface</celldesigner:positionToCompartment>
<celldesigner:speciesIdentity>
<celldesigner:class>PROTEIN</celldesigner:class>
<celldesigner:proteinReference>p3</celldesigner:proteinReference>
</celldesigner:speciesIdentity>
</annotation>
</species>
<species compartment="c1" id="s5" initialAmount="0.0" name="PKA">
<notes>
<html xmlns="http://www.w3.org/1999/xhtml">
<!--Notes by CellDesigner-->
<body>
Long Name:  cAMP response element binding protein
Synonym:  Long Name:  CREB
Accession:  P05971
</body>
</html>
</notes>
<annotation>
<celldesigner:positionToCompartment>inside</celldesigner:positionToCompartment>
<celldesigner:speciesIdentity>
<celldesigner:class>PROTEIN</celldesigner:class>
<celldesigner:proteinReference>p13</celldesigner:proteinReference>
</celldesigner:speciesIdentity>
</annotation>
</species>
<species compartment="c1" id="s30" initialAmount="0.0" name="CREB">
<notes>
<html xmlns="http://www.w3.org/1999/xhtml">
<!--Notes by CellDesigner-->
<body>
Long Name:  cAMP response element binding protein
Synonym:  Long Name:  CREB
Accession:  P05971
</body>
</html>
</notes>
<annotation>
<celldesigner:positionToCompartment>inside</celldesigner:positionToCompartment>
<celldesigner:speciesIdentity>
<celldesigner:class>PROTEIN</celldesigner:class>
<celldesigner:proteinReference>p13</celldesigner:proteinReference>
<celldesigner:state>
<celldesigner:listOfModifications>
<celldesigner:modification residue="rs1" state="phosphorylated"/>
</celldesigner:listOfModifications>
</celldesigner:state>
</celldesigner:speciesIdentity>
</annotation>
</species>
<species compartment="c1" id="s31" initialAmount="0.0" name="PKA">
<notes>
<html xmlns="http://www.w3.org/1999/xhtml">
<!--Notes by CellDesigner-->
<body>
Long Name:  PKA
Synonym:  Long Name:  PKA,protein kinase A
Accession:  P05972
</body>
</html>
</notes>
<annotation>
<celldesigner:positionToCompartment>inside</celldesigner:positionToCompartment>
<celldesigner:speciesIdentity>
<celldesigner:class>PROTEIN</celldesigner:class>
<celldesigner:proteinReference>p5</celldesigner:proteinReference>
</celldesigner:speciesIdentity>
<celldesigner:listOfCatalyzedReactions>
<celldesigner:catalyzed reaction="re4"/>
</celldesigner:listOfCatalyzedReactions>
</annotation>
</species>
<species compartment="c1" id="s34" initialAmount="0.0" name="Enkephalin">
<notes>
<html xmlns="http://www.w3.org/1999/xhtml">
<!--Notes by CellDesigner-->
<body>
Long Name:  Enkephalin
Synonym:  Long Name:  Enkephalin
Accession:  P05976
</body>
</html>
</notes>
<annotation>
<celldesigner:positionToCompartment>inside</celldesigner:positionToCompartment>
<celldesigner:speciesIdentity>
<celldesigner:class>PROTEIN</celldesigner:class>
<celldesigner:proteinReference>p6</celldesigner:proteinReference>
</celldesigner:speciesIdentity>
</annotation>
</species>
<species compartment="c1" id="s35" initialAmount="0.0" name="Complex_br_(CREB/Protoenkephalin)">
<notes>
<html xmlns="http://www.w3.org/1999/xhtml">
<!--Notes by CellDesigner-->
<body>
Long Name:  Complex (CREB/Protoenkephalin)
Synonym:  Synonym not specified
Accession:  U06179
Heterodimer Member Info:  CREB#PROTEIN#cAMP response element binding protein#P05971#Long Name:  CREB#;preproenkephalin#GENE#preproenkephalin#G06045##
</body>
</html>
</notes>
<annotation>
<celldesigner:positionToCompartment>inside</celldesigner:positionToCompartment>
<celldesigner:speciesIdentity>
<celldesigner:class>COMPLEX</celldesigner:class>
<celldesigner:name>Complex_br_(CREB/Protoenkephalin)</celldesigner:name>
</celldesigner:speciesIdentity>
</annotation>
</species>
<species compartment="c1" id="s37" initialAmount="0.0" name="Pain relief_br_Analgesia">
<notes>
<html xmlns="http://www.w3.org/1999/xhtml">
<!--Notes by CellDesigner-->
<body>
Long Name:  Pain relief Analgesia
Synonym:  Synonym not specified
Accession:  U06181
</body>
</html>
</notes>
<annotation>
<celldesigner:positionToCompartment>inside</celldesigner:positionToCompartment>
<celldesigner:speciesIdentity>
<celldesigner:class>PHENOTYPE</celldesigner:class>
<celldesigner:name>Pain relief_br_Analgesia</celldesigner:name>
</celldesigner:speciesIdentity>
</annotation>
</species>
<species compartment="c1" id="s38" initialAmount="0.0" name="Bind to opioid receptors">
<notes>
<html xmlns="http://www.w3.org/1999/xhtml">
<!--Notes by CellDesigner-->
<body>
Long Name:  Bind to opioid receptors
Synonym:  Synonym not specified
Accession:  U06180
</body>
</html>
</notes>
<annotation>
<celldesigner:positionToCompartment>inside</celldesigner:positionToCompartment>
<celldesigner:speciesIdentity>
<celldesigner:class>PHENOTYPE</celldesigner:class>
<celldesigner:name>Bind to opioid receptors</celldesigner:name>
</celldesigner:speciesIdentity>
</annotation>
</species>
<species compartment="c1" id="s42" initialAmount="0.0" name="preproenkephalin mRNA">
<notes>
<html xmlns="http://www.w3.org/1999/xhtml">
<!--Notes by CellDesigner-->
<body>
Long Name:  preproenkephalin mRNA
Synonym:  Synonym not specified
Accession:  G06046
</body>
</html>
</notes>
<annotation>
<celldesigner:positionToCompartment>inside</celldesigner:positionToCompartment>
<celldesigner:speciesIdentity>
<celldesigner:class>RNA</celldesigner:class>
<celldesigner:rnaReference>rn1</celldesigner:rnaReference>
</celldesigner:speciesIdentity>
</annotation>
</species>
<species compartment="c1" id="s43" initialAmount="0.0" name="preproenkephalin">
<notes>
<html xmlns="http://www.w3.org/1999/xhtml">
<!--Notes by CellDesigner-->
<body>
Long Name:  preproenkephalin
Synonym:  Synonym not specified
Accession:  G06045
</body>
</html>
</notes>
<annotation>
<celldesigner:positionToCompartment>inside</celldesigner:positionToCompartment>
<celldesigner:speciesIdentity>
<celldesigner:class>GENE</celldesigner:class>
<celldesigner:geneReference>gn1</celldesigner:geneReference>
</celldesigner:speciesIdentity>
</annotation>
</species>
</listOfSpecies>
<listOfReactions>
<reaction id="re1" reversible="false">
<annotation>
<celldesigner:reactionType>STATE_TRANSITION</celldesigner:reactionType>
<celldesigner:baseReactants>
<celldesigner:baseReactant alias="a11" species="s9"/>
</celldesigner:baseReactants>
<celldesigner:baseProducts>
<celldesigner:baseProduct alias="a12" species="s10"/>
</celldesigner:baseProducts>
<celldesigner:connectScheme connectPolicy="direct">
<celldesigner:listOfLineDirection>
<celldesigner:lineDirection index="0" value="unknown"/>
<celldesigner:lineDirection index="1" value="unknown"/>
<celldesigner:lineDirection index="2" value="unknown"/>
</celldesigner:listOfLineDirection>
</celldesigner:connectScheme>
<celldesigner:editPoints>0.3333333333333339,-4.996003610813204E-16 0.6666666666666679,3.885780586188048E-16</celldesigner:editPoints>
<celldesigner:line color="ff000000" width="1.0"/>
<celldesigner:listOfModification>
<celldesigner:modification aliases="a4" editPoints="0.3333333333333326,-1.7763568394002505E-15 0.6666666666666661,0.0" modifiers="s4" targetLineIndex="-1,1" type="CATALYSIS">
<celldesigner:connectScheme connectPolicy="direct">
<celldesigner:listOfLineDirection>
<celldesigner:lineDirection index="0" value="unknown"/>
<celldesigner:lineDirection index="1" value="unknown"/>
<celldesigner:lineDirection index="2" value="unknown"/>
</celldesigner:listOfLineDirection>
</celldesigner:connectScheme>
<celldesigner:line color="ff000000" width="1.0"/>
</celldesigner:modification>
</celldesigner:listOfModification>
</annotation>
<listOfReactants>
<speciesReference species="s9">
<annotation>
<celldesigner:alias>a11</celldesigner:alias>
</annotation>
</speciesReference>
</listOfReactants>
<listOfProducts>
<speciesReference species="s10">
<annotation>
<celldesigner:alias>a12</celldesigner:alias>
</annotation>
</speciesReference>
</listOfProducts>
<listOfModifiers>
<modifierSpeciesReference species="s4">
<annotation>
<celldesigner:alias>a4</celldesigner:alias>
</annotation>
</modifierSpeciesReference>
</listOfModifiers>
</reaction>
<reaction id="re2" reversible="false">
<annotation>
<celldesigner:reactionType>STATE_TRANSITION</celldesigner:reactionType>
<celldesigner:baseReactants>
<celldesigner:baseReactant alias="a5" species="s29"/>
</celldesigner:baseReactants>
<celldesigner:baseProducts>
<celldesigner:baseProduct alias="a4" species="s4"/>
</celldesigner:baseProducts>
<celldesigner:connectScheme connectPolicy="direct">
<celldesigner:listOfLineDirection>
<celldesigner:lineDirection index="0" value="unknown"/>
<celldesigner:lineDirection index="1" value="unknown"/>
<celldesigner:lineDirection index="2" value="unknown"/>
</celldesigner:listOfLineDirection>
</celldesigner:connectScheme>
<celldesigner:editPoints>0.33333333333333304,-8.881784197001252E-16 0.666666666666667,0.0</celldesigner:editPoints>
<celldesigner:line color="ff000000" width="1.0"/>
<celldesigner:listOfModification>
<celldesigner:modification aliases="a2" editPoints="0.3333333333333339,0.0 0.6666666666666661,0.0" modifiers="s2" targetLineIndex="-1,1" type="CATALYSIS">
<celldesigner:connectScheme connectPolicy="direct">
<celldesigner:listOfLineDirection>
<celldesigner:lineDirection index="0" value="unknown"/>
<celldesigner:lineDirection index="1" value="unknown"/>
<celldesigner:lineDirection index="2" value="unknown"/>
</celldesigner:listOfLineDirection>
</celldesigner:connectScheme>
<celldesigner:line color="ff000000" width="1.0"/>
</celldesigner:modification>
<celldesigner:modification aliases="a47" editPoints="0.3333333333333335,4.440892098500626E-16 0.666666666666667,0.0" modifiers="s28" targetLineIndex="-1,1" type="INHIBITION">
<celldesigner:connectScheme connectPolicy="direct">
<celldesigner:listOfLineDirection>
<celldesigner:lineDirection index="0" value="unknown"/>
<celldesigner:lineDirection index="1" value="unknown"/>
<celldesigner:lineDirection index="2" value="unknown"/>
</celldesigner:listOfLineDirection>
</celldesigner:connectScheme>
<celldesigner:line color="ff000000" width="1.0"/>
</celldesigner:modification>
</celldesigner:listOfModification>
</annotation>
<listOfReactants>
<speciesReference species="s29">
<annotation>
<celldesigner:alias>a5</celldesigner:alias>
</annotation>
</speciesReference>
</listOfReactants>
<listOfProducts>
<speciesReference species="s4">
<annotation>
<celldesigner:alias>a4</celldesigner:alias>
</annotation>
</speciesReference>
</listOfProducts>
<listOfModifiers>
<modifierSpeciesReference species="s2">
<annotation>
<celldesigner:alias>a2</celldesigner:alias>
</annotation>
</modifierSpeciesReference>
<modifierSpeciesReference species="s28">
<annotation>
<celldesigner:alias>a47</celldesigner:alias>
</annotation>
</modifierSpeciesReference>
</listOfModifiers>
</reaction>
<reaction id="re4" reversible="false">
<annotation>
<celldesigner:reactionType>STATE_TRANSITION</celldesigner:reactionType>
<celldesigner:baseReactants>
<celldesigner:baseReactant alias="a6" species="s5"/>
</celldesigner:baseReactants>
<celldesigner:baseProducts>
<celldesigner:baseProduct alias="a9" species="s30"/>
</celldesigner:baseProducts>
<celldesigner:connectScheme connectPolicy="direct">
<celldesigner:listOfLineDirection>
<celldesigner:lineDirection index="0" value="unknown"/>
<celldesigner:lineDirection index="1" value="unknown"/>
<celldesigner:lineDirection index="2" value="unknown"/>
</celldesigner:listOfLineDirection>
</celldesigner:connectScheme>
<celldesigner:editPoints>0.33333333333333215,8.881784197001252E-16 0.6666666666666661,0.0</celldesigner:editPoints>
<celldesigner:line color="ff000000" width="1.0"/>
<celldesigner:listOfModification>
<celldesigner:modification aliases="a49" editPoints="0.33333333333333326,-6.661338147750939E-16 0.6666666666666665,-1.5543122344752192E-15" modifiers="s31" targetLineIndex="-1,1" type="CATALYSIS">
<celldesigner:connectScheme connectPolicy="direct">
<celldesigner:listOfLineDirection>
<celldesigner:lineDirection index="0" value="unknown"/>
<celldesigner:lineDirection index="1" value="unknown"/>
<celldesigner:lineDirection index="2" value="unknown"/>
</celldesigner:listOfLineDirection>
</celldesigner:connectScheme>
<celldesigner:line color="ff000000" width="1.0"/>
</celldesigner:modification>
</celldesigner:listOfModification>
</annotation>
<listOfReactants>
<speciesReference species="s5">
<annotation>
<celldesigner:alias>a6</celldesigner:alias>
</annotation>
</speciesReference>
</listOfReactants>
<listOfProducts>
<speciesReference species="s30">
<annotation>
<celldesigner:alias>a9</celldesigner:alias>
</annotation>
</speciesReference>
</listOfProducts>
<listOfModifiers>
<modifierSpeciesReference species="s31">
<annotation>
<celldesigner:alias>a49</celldesigner:alias>
</annotation>
</modifierSpeciesReference>
</listOfModifiers>
</reaction>
<reaction id="re5" reversible="false">
<annotation>
<celldesigner:reactionType>DISSOCIATION</celldesigner:reactionType>
<celldesigner:baseReactants>
<celldesigner:baseReactant alias="a44" species="s26"/>
</celldesigner:baseReactants>
<celldesigner:baseProducts>
<celldesigner:baseProduct alias="a24" species="s18"/>
<celldesigner:baseProduct alias="a47" species="s28"/>
</celldesigner:baseProducts>
<celldesigner:listOfReactantLinks>
<celldesigner:reactantLink alias="a46" reactant="s7" targetLineIndex="0,1">
<celldesigner:line color="ff000000" width="1.0"/>
</celldesigner:reactantLink>
</celldesigner:listOfReactantLinks>
<celldesigner:listOfProductLinks>
<celldesigner:productLink alias="a37" product="s3" targetLineIndex="0,1">
<celldesigner:line color="ff000000" width="1.0"/>
</celldesigner:productLink>
</celldesigner:listOfProductLinks>
<celldesigner:connectScheme connectPolicy="direct">
<celldesigner:listOfLineDirection>
<celldesigner:lineDirection arm="0" index="0" value="unknown"/>
<celldesigner:lineDirection arm="0" index="1" value="unknown"/>
<celldesigner:lineDirection arm="0" index="2" value="unknown"/>
<celldesigner:lineDirection arm="1" index="0" value="unknown"/>
<celldesigner:lineDirection arm="1" index="1" value="unknown"/>
<celldesigner:lineDirection arm="1" index="2" value="unknown"/>
<celldesigner:lineDirection arm="2" index="0" value="unknown"/>
<celldesigner:lineDirection arm="2" index="1" value="unknown"/>
<celldesigner:lineDirection arm="2" index="2" value="unknown"/>
</celldesigner:listOfLineDirection>
</celldesigner:connectScheme>
<celldesigner:editPoints num0="2" num1="2" num2="2">0.3333333333333339,-4.440892098500626E-16 0.6666666666666679,-6.661338147750939E-16 0.33333333333333215,0.0 0.6666666666666661,-1.7763568394002505E-15 0.3333333333333339,8.881784197001252E-16 0.666666666666667,0.0 0.3333333333333339,0.3333333333333333</celldesigner:editPoints>
<celldesigner:line color="ff000000" width="1.0"/>
</annotation>
<listOfReactants>
<speciesReference species="s26">
<annotation>
<celldesigner:alias>a44</celldesigner:alias>
</annotation>
</speciesReference>
<speciesReference species="s7">
<annotation>
<celldesigner:alias>a46</celldesigner:alias>
</annotation>
</speciesReference>
</listOfReactants>
<listOfProducts>
<speciesReference species="s18">
<annotation>
<celldesigner:alias>a24</celldesigner:alias>
</annotation>
</speciesReference>
<speciesReference species="s28">
<annotation>
<celldesigner:alias>a47</celldesigner:alias>
</annotation>
</speciesReference>
<speciesReference species="s3">
<annotation>
<celldesigner:alias>a37</celldesigner:alias>
</annotation>
</speciesReference>
</listOfProducts>
</reaction>
<reaction id="re6" reversible="false">
<annotation>
<celldesigner:reactionType>DISSOCIATION</celldesigner:reactionType>
<celldesigner:baseReactants>
<celldesigner:baseReactant alias="a35" species="s24"/>
</celldesigner:baseReactants>
<celldesigner:baseProducts>
<celldesigner:baseProduct alias="a19" species="s14">
<celldesigner:linkAnchor position="S"/>
</celldesigner:baseProduct>
<celldesigner:baseProduct alias="a2" species="s2"/>
</celldesigner:baseProducts>
<celldesigner:listOfReactantLinks>
<celldesigner:reactantLink alias="a8" reactant="s7" targetLineIndex="0,2">
<celldesigner:line color="ff000000" width="1.0"/>
</celldesigner:reactantLink>
</celldesigner:listOfReactantLinks>
<celldesigner:listOfProductLinks>
<celldesigner:productLink alias="a3" product="s3" targetLineIndex="0,2">
<celldesigner:line color="ff000000" width="1.0"/>
</celldesigner:productLink>
</celldesigner:listOfProductLinks>
<celldesigner:connectScheme connectPolicy="direct">
<celldesigner:listOfLineDirection>
<celldesigner:lineDirection arm="0" index="0" value="unknown"/>
<celldesigner:lineDirection arm="0" index="1" value="unknown"/>
<celldesigner:lineDirection arm="0" index="2" value="unknown"/>
<celldesigner:lineDirection arm="1" index="0" value="unknown"/>
<celldesigner:lineDirection arm="2" index="0" value="unknown"/>
</celldesigner:listOfLineDirection>
</celldesigner:connectScheme>
<celldesigner:editPoints num0="2" num1="0" num2="0">-0.04064568115369127,-0.0053654561822620295 0.47952270793203144,-0.004236520459195647 0.2736637855508107,0.26891674323140347</celldesigner:editPoints>
<celldesigner:line color="ff000000" width="1.0"/>
</annotation>
<listOfReactants>
<speciesReference species="s24">
<annotation>
<celldesigner:alias>a35</celldesigner:alias>
</annotation>
</speciesReference>
<speciesReference species="s7">
<annotation>
<celldesigner:alias>a8</celldesigner:alias>
</annotation>
</speciesReference>
</listOfReactants>
<listOfProducts>
<speciesReference species="s14">
<annotation>
<celldesigner:alias>a19</celldesigner:alias>
</annotation>
</speciesReference>
<speciesReference species="s2">
<annotation>
<celldesigner:alias>a2</celldesigner:alias>
</annotation>
</speciesReference>
<speciesReference species="s3">
<annotation>
<celldesigner:alias>a3</celldesigner:alias>
</annotation>
</speciesReference>
</listOfProducts>
</reaction>
<reaction id="re7" reversible="false">
<annotation>
<celldesigner:reactionType>STATE_TRANSITION</celldesigner:reactionType>
<celldesigner:baseReactants>
<celldesigner:baseReactant alias="a48" species="s31"/>
</celldesigner:baseReactants>
<celldesigner:baseProducts>
<celldesigner:baseProduct alias="a49" species="s31"/>
</celldesigner:baseProducts>
<celldesigner:connectScheme connectPolicy="direct">
<celldesigner:listOfLineDirection>
<celldesigner:lineDirection index="0" value="unknown"/>
<celldesigner:lineDirection index="1" value="unknown"/>
<celldesigner:lineDirection index="2" value="unknown"/>
</celldesigner:listOfLineDirection>
</celldesigner:connectScheme>
<celldesigner:editPoints>0.33333333333333304,4.440892098500626E-16 0.6666666666666652,8.881784197001252E-16</celldesigner:editPoints>
<celldesigner:line color="ff000000" width="1.0"/>
<celldesigner:listOfModification>
<celldesigner:modification aliases="a12" editPoints="0.3333333333333335,4.440892098500626E-16 0.6666666666666674,-4.440892098500626E-16" modifiers="s10" targetLineIndex="-1,1" type="CATALYSIS">
<celldesigner:connectScheme connectPolicy="direct">
<celldesigner:listOfLineDirection>
<celldesigner:lineDirection index="0" value="unknown"/>
<celldesigner:lineDirection index="1" value="unknown"/>
<celldesigner:lineDirection index="2" value="unknown"/>
</celldesigner:listOfLineDirection>
</celldesigner:connectScheme>
<celldesigner:line color="ff000000" width="1.0"/>
</celldesigner:modification>
</celldesigner:listOfModification>
</annotation>
<listOfReactants>
<speciesReference species="s31">
<annotation>
<celldesigner:alias>a48</celldesigner:alias>
</annotation>
</speciesReference>
</listOfReactants>
<listOfProducts>
<speciesReference species="s31">
<annotation>
<celldesigner:alias>a49</celldesigner:alias>
</annotation>
</speciesReference>
</listOfProducts>
<listOfModifiers>
<modifierSpeciesReference species="s10">
<annotation>
<celldesigner:alias>a12</celldesigner:alias>
</annotation>
</modifierSpeciesReference>
</listOfModifiers>
</reaction>
<reaction id="re10" reversible="false">
<annotation>
<celldesigner:reactionType>KNOWN_TRANSITION_OMITTED</celldesigner:reactionType>
<celldesigner:baseReactants>
<celldesigner:baseReactant alias="a51" species="s42"/>
</celldesigner:baseReactants>
<celldesigner:baseProducts>
<celldesigner:baseProduct alias="a52" species="s34"/>
</celldesigner:baseProducts>
<celldesigner:connectScheme connectPolicy="direct">
<celldesigner:listOfLineDirection>
<celldesigner:lineDirection index="0" value="unknown"/>
<celldesigner:lineDirection index="1" value="unknown"/>
<celldesigner:lineDirection index="2" value="unknown"/>
</celldesigner:listOfLineDirection>
</celldesigner:connectScheme>
<celldesigner:editPoints omittedShapeIndex="1">0.33333333333333215,4.440892098500626E-16 0.6666666666666679,-4.440892098500626E-16</celldesigner:editPoints>
<celldesigner:line color="ff000000" width="1.0"/>
</annotation>
<listOfReactants>
<speciesReference species="s42">
<annotation>
<celldesigner:alias>a51</celldesigner:alias>
</annotation>
</speciesReference>
</listOfReactants>
<listOfProducts>
<speciesReference species="s34">
<annotation>
<celldesigner:alias>a52</celldesigner:alias>
</annotation>
</speciesReference>
</listOfProducts>
</reaction>
<reaction id="re11" reversible="false">
<annotation>
<celldesigner:reactionType>HETERODIMER_ASSOCIATION</celldesigner:reactionType>
<celldesigner:baseReactants>
<celldesigner:baseReactant alias="a57" species="s43"/>
<celldesigner:baseReactant alias="a9" species="s30"/>
</celldesigner:baseReactants>
<celldesigner:baseProducts>
<celldesigner:baseProduct alias="a54" species="s35"/>
</celldesigner:baseProducts>
<celldesigner:connectScheme connectPolicy="direct">
<celldesigner:listOfLineDirection>
<celldesigner:lineDirection arm="0" index="0" value="unknown"/>
<celldesigner:lineDirection arm="0" index="1" value="unknown"/>
<celldesigner:lineDirection arm="0" index="2" value="unknown"/>
<celldesigner:lineDirection arm="1" index="0" value="unknown"/>
<celldesigner:lineDirection arm="1" index="1" value="unknown"/>
<celldesigner:lineDirection arm="1" index="2" value="unknown"/>
<celldesigner:lineDirection arm="2" index="0" value="unknown"/>
<celldesigner:lineDirection arm="2" index="1" value="unknown"/>
<celldesigner:lineDirection arm="2" index="2" value="unknown"/>
</celldesigner:listOfLineDirection>
</celldesigner:connectScheme>
<celldesigner:editPoints num0="2" num1="2" num2="2">0.33333333333333304,0.0 0.666666666666667,8.881784197001252E-16 0.3754021645560357,0.02650599855667224 0.7508043291120714,0.05301199711334803 0.33333333333333304,0.0 0.6666666666666665,0.0 0.34332480297741075,0.31930787460835786</celldesigner:editPoints>
<celldesigner:line color="ff000000" width="1.0"/>
</annotation>
<listOfReactants>
<speciesReference species="s30">
<annotation>
<celldesigner:alias>a9</celldesigner:alias>
</annotation>
</speciesReference>
<speciesReference species="s43">
<annotation>
<celldesigner:alias>a57</celldesigner:alias>
</annotation>
</speciesReference>
</listOfReactants>
<listOfProducts>
<speciesReference species="s35">
<annotation>
<celldesigner:alias>a54</celldesigner:alias>
</annotation>
</speciesReference>
</listOfProducts>
</reaction>
<reaction id="re12" reversible="false">
<annotation>
<celldesigner:reactionType>KNOWN_TRANSITION_OMITTED</celldesigner:reactionType>
<celldesigner:baseReactants>
<celldesigner:baseReactant alias="a54" species="s35"/>
</celldesigner:baseReactants>
<celldesigner:baseProducts>
<celldesigner:baseProduct alias="a51" species="s42"/>
</celldesigner:baseProducts>
<celldesigner:connectScheme connectPolicy="direct">
<celldesigner:listOfLineDirection>
<celldesigner:lineDirection index="0" value="unknown"/>
<celldesigner:lineDirection index="1" value="unknown"/>
<celldesigner:lineDirection index="2" value="unknown"/>
</celldesigner:listOfLineDirection>
</celldesigner:connectScheme>
<celldesigner:editPoints omittedShapeIndex="1">0.3333333333333335,4.440892098500626E-16 0.6666666666666667,4.440892098500626E-16</celldesigner:editPoints>
<celldesigner:line color="ff000000" width="1.0"/>
</annotation>
<listOfReactants>
<speciesReference species="s35">
<annotation>
<celldesigner:alias>a54</celldesigner:alias>
</annotation>
</speciesReference>
</listOfReactants>
<listOfProducts>
<speciesReference species="s42">
<annotation>
<celldesigner:alias>a51</celldesigner:alias>
</annotation>
</speciesReference>
</listOfProducts>
</reaction>
<reaction id="re13" reversible="false">
<annotation>
<celldesigner:reactionType>KNOWN_TRANSITION_OMITTED</celldesigner:reactionType>
<celldesigner:baseReactants>
<celldesigner:baseReactant alias="a52" species="s34"/>
</celldesigner:baseReactants>
<celldesigner:baseProducts>
<celldesigner:baseProduct alias="a59" species="s38"/>
</celldesigner:baseProducts>
<celldesigner:connectScheme connectPolicy="direct">
<celldesigner:listOfLineDirection>
<celldesigner:lineDirection index="0" value="unknown"/>
<celldesigner:lineDirection index="1" value="unknown"/>
<celldesigner:lineDirection index="2" value="unknown"/>
</celldesigner:listOfLineDirection>
</celldesigner:connectScheme>
<celldesigner:editPoints omittedShapeIndex="1">0.33333333333333304,4.440892098500626E-16 0.6666666666666667,0.0</celldesigner:editPoints>
<celldesigner:line color="ff000000" width="1.0"/>
</annotation>
<listOfReactants>
<speciesReference species="s34">
<annotation>
<celldesigner:alias>a52</celldesigner:alias>
</annotation>
</speciesReference>
</listOfReactants>
<listOfProducts>
<speciesReference species="s38">
<annotation>
<celldesigner:alias>a59</celldesigner:alias>
</annotation>
</speciesReference>
</listOfProducts>
</reaction>
<reaction id="re14" reversible="false">
<annotation>
<celldesigner:reactionType>KNOWN_TRANSITION_OMITTED</celldesigner:reactionType>
<celldesigner:baseReactants>
<celldesigner:baseReactant alias="a59" species="s38"/>
</celldesigner:baseReactants>
<celldesigner:baseProducts>
<celldesigner:baseProduct alias="a58" species="s37"/>
</celldesigner:baseProducts>
<celldesigner:connectScheme connectPolicy="direct">
<celldesigner:listOfLineDirection>
<celldesigner:lineDirection index="0" value="unknown"/>
<celldesigner:lineDirection index="1" value="unknown"/>
<celldesigner:lineDirection index="2" value="unknown"/>
</celldesigner:listOfLineDirection>
</celldesigner:connectScheme>
<celldesigner:editPoints omittedShapeIndex="1">0.33333333333333304,-8.881784197001252E-16 0.6666666666666661,-4.440892098500626E-16</celldesigner:editPoints>
<celldesigner:line color="ff000000" width="1.0"/>
</annotation>
<listOfReactants>
<speciesReference species="s38">
<annotation>
<celldesigner:alias>a59</celldesigner:alias>
</annotation>
</speciesReference>
</listOfReactants>
<listOfProducts>
<speciesReference species="s37">
<annotation>
<celldesigner:alias>a58</celldesigner:alias>
</annotation>
</speciesReference>
</listOfProducts>
</reaction>
</listOfReactions>
</model>
</sbml>

