<?xml version="1.0" encoding="UTF-8"?>
<!-- Terms and Conditions -->
<!-- 
Copyright (C)) 2005 Applied Biosystems.  
This file may be copied and redistributed freely, without advance permission, 
provided that this Copyright statement is reproduced with each copy.  
 
LIMITATION OF WARRANTY 
NOTHING IN THIS AGREEMENT WILL BE CONSTRUED AS A REPRESENTATION MADE OR 
WARRANTY GIVEN BY APPLIED BIOSYSTEMS OR ANY THIRD PARTY THAT THE USE OF 
DATA PROVIDED HEREUNDER WILL NOT INFRINGE ANY PATENT, COPYRIGHT, TRADEMARK 
OR OTHER RIGHTS OF ANY THIRD PARTY. DATA IS PROVIDED "AS IS" WITHOUT 
WARRANTY OF ANY KIND WHATSOEVER, EXPRESS OR IMPLIED, INCLUDING IMPLIED 
WARRANTIES OF MERCHANTABILITY OR FITNESS FOR A PARTICULAR PURPOSE. APPLIED 
BIOSYSTEMS MAKES NO WARRANTY THAT ITS DATA DOES NOT CONTAIN ERRORS.
-->

<!-- Created by SBML API 2.0(a17.0) -->
<sbml level="1" version="2" xmlns="http://www.sbml.org/sbml/level1" xmlns:celldesigner="http://www.sbml.org/2001/ns/celldesigner">
<model name="FGF_space_signaling_space_pathway">
<notes>
<html xmlns="http://www.w3.org/1999/xhtml">
<!--Notes by CellDesigner-->
<body>
<![CDATA[
The FGF family of ligands consists of at least 22 members, while there are four identified FGF receptors.  The activity of Individual FGFs may also differ depending on their ability to bind heparan sulfateproteoglycans.  The result is the activation of many downstream pathways and many cellular outcomes, including mitogenesis, differentiation, survival, apoptosis, and cell migration.  Certain FGFs are also pro-angiogenic.  Mutations in three of the four receptors result in more than a dozen human congenital disease.
Medline=1319744
Medline=14745970
Medline=9620845
]]>
</body>
</html>
</notes>
<annotation>
<celldesigner:modelVersion>2.2</celldesigner:modelVersion>
<celldesigner:modelDisplay sizeX="1200" sizeY="1000"/>
<celldesigner:listOfCompartmentAliases>
<celldesigner:compartmentAlias compartment="c2" id="ca2">
<celldesigner:class>SQUARE_CLOSEUP_NORTH</celldesigner:class>
<celldesigner:point x="292.0" y="123.0"/>
<celldesigner:doubleLine innerWidth="1.0" outerWidth="2.0" thickness="12.0"/>
<celldesigner:paint color="ffcccc00" scheme="Color"/>
</celldesigner:compartmentAlias>
</celldesigner:listOfCompartmentAliases>
<celldesigner:listOfSpeciesAliases>
<celldesigner:speciesAlias id="a3" species="s3">
<celldesigner:activity>inactive</celldesigner:activity>
<celldesigner:bounds h="27.0" w="45.0" x="120.5" y="51.5"/>
<celldesigner:singleLine width="1.0"/>
<celldesigner:paint color="ffccffcc" scheme="Color"/>
</celldesigner:speciesAlias>
<celldesigner:speciesAlias compartmentAlias="ca2" id="a4" species="s76">
<celldesigner:activity>inactive</celldesigner:activity>
<celldesigner:bounds h="54.0" w="72.0" x="22.5" y="110.25641320151692"/>
<celldesigner:singleLine width="1.0"/>
<celldesigner:paint color="ffffffcc" scheme="Color"/>
</celldesigner:speciesAlias>
<celldesigner:speciesAlias compartmentAlias="ca2" id="a6" species="s77">
<celldesigner:activity>inactive</celldesigner:activity>
<celldesigner:bounds h="27.0" w="45.0" x="187.5" y="122.5"/>
<celldesigner:singleLine width="1.0"/>
<celldesigner:paint color="ffccffcc" scheme="Color"/>
</celldesigner:speciesAlias>
<celldesigner:speciesAlias compartmentAlias="ca2" id="a7" species="s78">
<celldesigner:activity>inactive</celldesigner:activity>
<celldesigner:bounds h="27.0" w="45.0" x="191.5" y="312.5"/>
<celldesigner:singleLine width="1.0"/>
<celldesigner:paint color="ffccffcc" scheme="Color"/>
</celldesigner:speciesAlias>
<celldesigner:speciesAlias compartmentAlias="ca2" id="a8" species="s9">
<celldesigner:activity>inactive</celldesigner:activity>
<celldesigner:bounds h="27.0" w="45.0" x="184.5" y="271.5"/>
<celldesigner:singleLine width="1.0"/>
<celldesigner:paint color="ffccffcc" scheme="Color"/>
</celldesigner:speciesAlias>
<celldesigner:speciesAlias compartmentAlias="ca2" id="a9" species="s10">
<celldesigner:activity>inactive</celldesigner:activity>
<celldesigner:bounds h="27.0" w="45.0" x="100.5" y="238.5"/>
<celldesigner:singleLine width="1.0"/>
<celldesigner:paint color="ffccffcc" scheme="Color"/>
</celldesigner:speciesAlias>
<celldesigner:speciesAlias compartmentAlias="ca2" id="a10" species="s11">
<celldesigner:activity>inactive</celldesigner:activity>
<celldesigner:bounds h="27.0" w="45.0" x="221.5" y="382.5"/>
<celldesigner:singleLine width="1.0"/>
<celldesigner:paint color="ffccffcc" scheme="Color"/>
</celldesigner:speciesAlias>
<celldesigner:speciesAlias compartmentAlias="ca2" id="a11" species="s12">
<celldesigner:activity>inactive</celldesigner:activity>
<celldesigner:bounds h="27.0" w="45.0" x="68.5" y="283.5"/>
<celldesigner:singleLine width="1.0"/>
<celldesigner:paint color="ffccffcc" scheme="Color"/>
</celldesigner:speciesAlias>
<celldesigner:speciesAlias compartmentAlias="ca2" id="a12" species="s13">
<celldesigner:activity>inactive</celldesigner:activity>
<celldesigner:bounds h="40.0" w="67.0" x="23.5" y="227.0"/>
<celldesigner:singleLine width="1.0"/>
<celldesigner:paint color="ffccffcc" scheme="Color"/>
</celldesigner:speciesAlias>
<celldesigner:speciesAlias compartmentAlias="ca2" id="a13" species="s14">
<celldesigner:activity>active</celldesigner:activity>
<celldesigner:bounds h="27.0" w="45.0" x="358.25" y="381.0"/>
<celldesigner:singleLine width="1.0"/>
<celldesigner:paint color="ffccffcc" scheme="Color"/>
</celldesigner:speciesAlias>
<celldesigner:speciesAlias compartmentAlias="ca2" id="a15" species="s79">
<celldesigner:activity>inactive</celldesigner:activity>
<celldesigner:bounds h="27.0" w="45.0" x="637.5" y="153.5"/>
<celldesigner:singleLine width="1.0"/>
<celldesigner:paint color="ffccffcc" scheme="Color"/>
</celldesigner:speciesAlias>
<celldesigner:speciesAlias compartmentAlias="ca2" id="a16" species="s79">
<celldesigner:activity>active</celldesigner:activity>
<celldesigner:bounds h="27.0" w="45.0" x="642.0" y="362.0"/>
<celldesigner:singleLine width="1.0"/>
<celldesigner:paint color="ffccffcc" scheme="Color"/>
</celldesigner:speciesAlias>
<celldesigner:speciesAlias compartmentAlias="ca2" id="a17" species="s80">
<celldesigner:activity>inactive</celldesigner:activity>
<celldesigner:bounds h="25.0" w="25.0" x="673.5" y="206.5"/>
<celldesigner:singleLine width="1.0"/>
<celldesigner:paint color="ffccff66" scheme="Color"/>
</celldesigner:speciesAlias>
<celldesigner:speciesAlias compartmentAlias="ca2" id="a18" species="s81">
<celldesigner:activity>inactive</celldesigner:activity>
<celldesigner:bounds h="25.0" w="25.0" x="667.5" y="309.5"/>
<celldesigner:singleLine width="1.0"/>
<celldesigner:paint color="ffccff66" scheme="Color"/>
</celldesigner:speciesAlias>
<celldesigner:speciesAlias compartmentAlias="ca2" id="a19" species="s19">
<celldesigner:activity>inactive</celldesigner:activity>
<celldesigner:bounds h="27.0" w="45.0" x="116.5" y="287.5"/>
<celldesigner:singleLine width="1.0"/>
<celldesigner:paint color="ffccffcc" scheme="Color"/>
</celldesigner:speciesAlias>
<celldesigner:speciesAlias compartmentAlias="ca2" id="a22" species="s82">
<celldesigner:activity>inactive</celldesigner:activity>
<celldesigner:bounds h="27.0" w="45.0" x="95.5" y="351.5"/>
<celldesigner:singleLine width="1.0"/>
<celldesigner:paint color="ffccffcc" scheme="Color"/>
</celldesigner:speciesAlias>
<celldesigner:speciesAlias compartmentAlias="ca2" id="a23" species="s82">
<celldesigner:activity>active</celldesigner:activity>
<celldesigner:bounds h="27.0" w="45.0" x="94.0" y="484.0"/>
<celldesigner:singleLine width="1.0"/>
<celldesigner:paint color="ffccffcc" scheme="Color"/>
</celldesigner:speciesAlias>
<celldesigner:speciesAlias compartmentAlias="ca2" id="a24" species="s21">
<celldesigner:activity>inactive</celldesigner:activity>
<celldesigner:bounds h="27.0" w="45.0" x="213.5" y="455.5"/>
<celldesigner:singleLine width="1.0"/>
<celldesigner:paint color="ffccffcc" scheme="Color"/>
</celldesigner:speciesAlias>
<celldesigner:speciesAlias compartmentAlias="ca2" id="a25" species="s22">
<celldesigner:activity>active</celldesigner:activity>
<celldesigner:bounds h="27.0" w="45.0" x="359.75" y="456.0"/>
<celldesigner:singleLine width="1.0"/>
<celldesigner:paint color="ffccffcc" scheme="Color"/>
</celldesigner:speciesAlias>
<celldesigner:speciesAlias compartmentAlias="ca2" id="a26" species="s23">
<celldesigner:activity>inactive</celldesigner:activity>
<celldesigner:bounds h="27.0" w="45.0" x="469.5" y="337.5"/>
<celldesigner:singleLine width="1.0"/>
<celldesigner:paint color="ffccffcc" scheme="Color"/>
</celldesigner:speciesAlias>
<celldesigner:speciesAlias compartmentAlias="ca2" id="a27" species="s24">
<celldesigner:activity>active</celldesigner:activity>
<celldesigner:bounds h="27.0" w="45.0" x="468.0" y="521.857893057272"/>
<celldesigner:singleLine width="1.0"/>
<celldesigner:paint color="ffccffcc" scheme="Color"/>
</celldesigner:speciesAlias>
<celldesigner:speciesAlias compartmentAlias="ca2" id="a28" species="s25">
<celldesigner:activity>inactive</celldesigner:activity>
<celldesigner:bounds h="27.0" w="45.0" x="405.5" y="627.5"/>
<celldesigner:singleLine width="1.0"/>
<celldesigner:paint color="ffccffcc" scheme="Color"/>
</celldesigner:speciesAlias>
<celldesigner:speciesAlias compartmentAlias="ca2" id="a29" species="s26">
<celldesigner:activity>active</celldesigner:activity>
<celldesigner:bounds h="27.0" w="45.0" x="527.5" y="627.0"/>
<celldesigner:singleLine width="1.0"/>
<celldesigner:paint color="ffccffcc" scheme="Color"/>
</celldesigner:speciesAlias>
<celldesigner:speciesAlias compartmentAlias="ca2" id="a30" species="s27">
<celldesigner:activity>inactive</celldesigner:activity>
<celldesigner:bounds h="27.0" w="45.0" x="604.5" y="703.5"/>
<celldesigner:singleLine width="1.0"/>
<celldesigner:paint color="ffccffcc" scheme="Color"/>
</celldesigner:speciesAlias>
<celldesigner:speciesAlias compartmentAlias="ca2" id="a31" species="s28">
<celldesigner:activity>active</celldesigner:activity>
<celldesigner:bounds h="27.0" w="45.0" x="447.5" y="705.0"/>
<celldesigner:singleLine width="1.0"/>
<celldesigner:paint color="ffccffcc" scheme="Color"/>
</celldesigner:speciesAlias>
<celldesigner:speciesAlias compartmentAlias="ca2" id="a32" species="s29">
<celldesigner:activity>active</celldesigner:activity>
<celldesigner:bounds h="27.0" w="45.0" x="347.5" y="551.5"/>
<celldesigner:singleLine width="1.0"/>
<celldesigner:paint color="ffccffcc" scheme="Color"/>
</celldesigner:speciesAlias>
<celldesigner:speciesAlias compartmentAlias="ca2" id="a33" species="s30">
<celldesigner:activity>inactive</celldesigner:activity>
<celldesigner:bounds h="27.0" w="45.0" x="186.75" y="553.0"/>
<celldesigner:singleLine width="1.0"/>
<celldesigner:paint color="ffccffcc" scheme="Color"/>
</celldesigner:speciesAlias>
<celldesigner:speciesAlias compartmentAlias="ca2" id="a34" species="s31">
<celldesigner:activity>inactive</celldesigner:activity>
<celldesigner:bounds h="27.0" w="45.0" x="550.5" y="490.5"/>
<celldesigner:singleLine width="1.0"/>
<celldesigner:paint color="ffccffcc" scheme="Color"/>
</celldesigner:speciesAlias>
<celldesigner:speciesAlias compartmentAlias="ca2" id="a35" species="s33">
<celldesigner:activity>inactive</celldesigner:activity>
<celldesigner:bounds h="27.0" w="45.0" x="545.5" y="417.5"/>
<celldesigner:singleLine width="1.0"/>
<celldesigner:paint color="ffccffcc" scheme="Color"/>
</celldesigner:speciesAlias>
<celldesigner:speciesAlias compartmentAlias="ca2" id="a36" species="s34">
<celldesigner:activity>inactive</celldesigner:activity>
<celldesigner:bounds h="66.0" w="144.0" x="188.0" y="691.0"/>
<celldesigner:singleLine width="1.0"/>
<celldesigner:paint color="ffcc99ff" scheme="Color"/>
</celldesigner:speciesAlias>
<celldesigner:speciesAlias compartmentAlias="ca2" id="a39" species="s83">
<celldesigner:activity>inactive</celldesigner:activity>
<celldesigner:bounds h="27.0" w="45.0" x="748.5" y="415.5"/>
<celldesigner:singleLine width="1.0"/>
<celldesigner:paint color="ffccffcc" scheme="Color"/>
</celldesigner:speciesAlias>
<celldesigner:speciesAlias compartmentAlias="ca2" id="a40" species="s38">
<celldesigner:activity>inactive</celldesigner:activity>
<celldesigner:bounds h="27.0" w="45.0" x="733.5" y="507.5"/>
<celldesigner:singleLine width="1.0"/>
<celldesigner:paint color="ffccffcc" scheme="Color"/>
</celldesigner:speciesAlias>
<celldesigner:speciesAlias compartmentAlias="ca2" id="a41" species="s39">
<celldesigner:activity>inactive</celldesigner:activity>
<celldesigner:bounds h="27.0" w="45.0" x="722.5" y="583.5"/>
<celldesigner:singleLine width="1.0"/>
<celldesigner:paint color="ffccffcc" scheme="Color"/>
</celldesigner:speciesAlias>
<celldesigner:speciesAlias compartmentAlias="ca2" id="a42" species="s40">
<celldesigner:activity>inactive</celldesigner:activity>
<celldesigner:bounds h="27.0" w="45.0" x="698.5" y="663.5"/>
<celldesigner:singleLine width="1.0"/>
<celldesigner:paint color="ffccffcc" scheme="Color"/>
</celldesigner:speciesAlias>
<celldesigner:speciesAlias compartmentAlias="ca2" id="a46" species="s84">
<celldesigner:activity>active</celldesigner:activity>
<celldesigner:bounds h="60.0" w="78.0" x="196.5" y="114.25641320151692"/>
<celldesigner:singleLine width="1.0"/>
<celldesigner:paint color="ffffffcc" scheme="Color"/>
</celldesigner:speciesAlias>
<celldesigner:speciesAlias compartmentAlias="ca2" id="a47" species="s76">
<celldesigner:activity>inactive</celldesigner:activity>
<celldesigner:bounds h="54.0" w="72.0" x="1049.5" y="99.76282640303384"/>
<celldesigner:singleLine width="1.0"/>
<celldesigner:paint color="ffffffcc" scheme="Color"/>
</celldesigner:speciesAlias>
<celldesigner:speciesAlias compartmentAlias="ca2" id="a48" species="s84">
<celldesigner:activity>active</celldesigner:activity>
<celldesigner:bounds h="60.0" w="78.0" x="892.5" y="101.76282640303384"/>
<celldesigner:singleLine width="1.0"/>
<celldesigner:paint color="ffffffcc" scheme="Color"/>
</celldesigner:speciesAlias>
<celldesigner:speciesAlias id="a49" species="s3">
<celldesigner:activity>inactive</celldesigner:activity>
<celldesigner:bounds h="27.0" w="45.0" x="1027.5" y="41.00641320151692"/>
<celldesigner:singleLine width="1.0"/>
<celldesigner:paint color="ffccffcc" scheme="Color"/>
</celldesigner:speciesAlias>
<celldesigner:speciesAlias compartmentAlias="ca2" id="a50" species="s78">
<celldesigner:activity>inactive</celldesigner:activity>
<celldesigner:bounds h="27.0" w="45.0" x="1044.25" y="204.25"/>
<celldesigner:singleLine width="1.0"/>
<celldesigner:paint color="ffccffcc" scheme="Color"/>
</celldesigner:speciesAlias>
<celldesigner:speciesAlias compartmentAlias="ca2" id="a51" species="s85">
<celldesigner:activity>inactive</celldesigner:activity>
<celldesigner:bounds h="27.0" w="45.0" x="1047.25" y="262.25"/>
<celldesigner:singleLine width="1.0"/>
<celldesigner:paint color="ffccffcc" scheme="Color"/>
</celldesigner:speciesAlias>
<celldesigner:speciesAlias compartmentAlias="ca2" id="a54" species="s79">
<celldesigner:activity>inactive</celldesigner:activity>
<celldesigner:bounds h="27.0" w="45.0" x="932.25" y="340.25"/>
<celldesigner:singleLine width="1.0"/>
<celldesigner:paint color="ffccffcc" scheme="Color"/>
</celldesigner:speciesAlias>
<celldesigner:speciesAlias compartmentAlias="ca2" id="a57" species="s79">
<celldesigner:activity>active</celldesigner:activity>
<celldesigner:bounds h="27.0" w="45.0" x="792.75" y="339.75"/>
<celldesigner:singleLine width="1.0"/>
<celldesigner:paint color="ffccffcc" scheme="Color"/>
</celldesigner:speciesAlias>
<celldesigner:speciesAlias compartmentAlias="ca2" id="a58" species="s80">
<celldesigner:activity>inactive</celldesigner:activity>
<celldesigner:bounds h="25.0" w="25.0" x="910.5" y="378.5"/>
<celldesigner:singleLine width="1.0"/>
<celldesigner:paint color="ffccff66" scheme="Color"/>
</celldesigner:speciesAlias>
<celldesigner:speciesAlias compartmentAlias="ca2" id="a59" species="s81">
<celldesigner:activity>inactive</celldesigner:activity>
<celldesigner:bounds h="25.0" w="25.0" x="854.0" y="384.0"/>
<celldesigner:singleLine width="1.0"/>
<celldesigner:paint color="ffccff66" scheme="Color"/>
</celldesigner:speciesAlias>
<celldesigner:speciesAlias compartmentAlias="ca2" id="a60" species="s83">
<celldesigner:activity>active</celldesigner:activity>
<celldesigner:bounds h="27.0" w="45.0" x="933.0" y="417.0"/>
<celldesigner:singleLine width="1.0"/>
<celldesigner:paint color="ffccffcc" scheme="Color"/>
</celldesigner:speciesAlias>
<celldesigner:speciesAlias compartmentAlias="ca2" id="a61" species="s49">
<celldesigner:activity>active</celldesigner:activity>
<celldesigner:bounds h="27.0" w="45.0" x="936.5" y="506.0"/>
<celldesigner:singleLine width="1.0"/>
<celldesigner:paint color="ffccffcc" scheme="Color"/>
</celldesigner:speciesAlias>
<celldesigner:speciesAlias compartmentAlias="ca2" id="a62" species="s48">
<celldesigner:activity>active</celldesigner:activity>
<celldesigner:bounds h="27.0" w="45.0" x="860.5" y="582.0"/>
<celldesigner:singleLine width="1.0"/>
<celldesigner:paint color="ffccffcc" scheme="Color"/>
</celldesigner:speciesAlias>
<celldesigner:speciesAlias compartmentAlias="ca2" id="a63" species="s50">
<celldesigner:activity>active</celldesigner:activity>
<celldesigner:bounds h="27.0" w="45.0" x="822.5" y="663.0"/>
<celldesigner:singleLine width="1.0"/>
<celldesigner:paint color="ffccffcc" scheme="Color"/>
</celldesigner:speciesAlias>
<celldesigner:speciesAlias compartmentAlias="ca2" id="a64" species="s51">
<celldesigner:activity>inactive</celldesigner:activity>
<celldesigner:bounds h="27.0" w="45.0" x="1063.5" y="436.5"/>
<celldesigner:singleLine width="1.0"/>
<celldesigner:paint color="ffccffcc" scheme="Color"/>
</celldesigner:speciesAlias>
<celldesigner:speciesAlias compartmentAlias="ca2" id="a65" species="s52">
<celldesigner:activity>active</celldesigner:activity>
<celldesigner:bounds h="27.0" w="45.0" x="1066.5" y="583.0"/>
<celldesigner:singleLine width="1.0"/>
<celldesigner:paint color="ffccffcc" scheme="Color"/>
</celldesigner:speciesAlias>
<celldesigner:speciesAlias compartmentAlias="ca2" id="a66" species="s53">
<celldesigner:activity>inactive</celldesigner:activity>
<celldesigner:bounds h="27.0" w="45.0" x="994.5" y="660.5"/>
<celldesigner:singleLine width="1.0"/>
<celldesigner:paint color="ffccffcc" scheme="Color"/>
</celldesigner:speciesAlias>
<celldesigner:speciesAlias compartmentAlias="ca2" id="a67" species="s54">
<celldesigner:activity>active</celldesigner:activity>
<celldesigner:bounds h="27.0" w="45.0" x="902.5" y="662.0"/>
<celldesigner:singleLine width="1.0"/>
<celldesigner:paint color="ffccffcc" scheme="Color"/>
</celldesigner:speciesAlias>
<celldesigner:speciesAlias compartmentAlias="ca2" id="a68" species="s55">
<celldesigner:activity>inactive</celldesigner:activity>
<celldesigner:bounds h="66.0" w="144.0" x="808.0" y="763.0"/>
<celldesigner:singleLine width="1.0"/>
<celldesigner:paint color="ffcc99ff" scheme="Color"/>
</celldesigner:speciesAlias>
<celldesigner:speciesAlias compartmentAlias="ca2" id="a72" species="s85">
<celldesigner:activity>inactive</celldesigner:activity>
<celldesigner:bounds h="27.0" w="45.0" x="271.0" y="353.0"/>
<celldesigner:singleLine width="1.0"/>
<celldesigner:paint color="ffccffcc" scheme="Color"/>
</celldesigner:speciesAlias>
<celldesigner:speciesAlias compartmentAlias="ca2" id="a77" species="s65">
<celldesigner:activity>inactive</celldesigner:activity>
<celldesigner:listOfInnerAliases>
<celldesigner:innerAlias heterodimerEntry="inner0">
<celldesigner:activity>active</celldesigner:activity>
<celldesigner:bounds h="60.0" w="78.0" x="715.0" y="99.5"/>
<celldesigner:singleLine width="1.0"/>
<celldesigner:paint color="ffffffcc" scheme="Color"/>
</celldesigner:innerAlias>
<celldesigner:innerAlias heterodimerEntry="inner1">
<celldesigner:activity>inactive</celldesigner:activity>
<celldesigner:bounds h="27.0" w="45.0" x="727.6739130434785" y="160.0"/>
<celldesigner:singleLine width="1.0"/>
<celldesigner:paint color="ffccffcc" scheme="Color"/>
</celldesigner:innerAlias>
<celldesigner:innerAlias heterodimerEntry="inner2">
<celldesigner:activity>inactive</celldesigner:activity>
<celldesigner:bounds h="27.0" w="45.0" x="731.5" y="186.75"/>
<celldesigner:singleLine width="1.0"/>
<celldesigner:paint color="ffccffcc" scheme="Color"/>
</celldesigner:innerAlias>
</celldesigner:listOfInnerAliases>
</celldesigner:speciesAlias>
<celldesigner:speciesAlias compartmentAlias="ca2" id="a78" species="s66">
<celldesigner:activity>inactive</celldesigner:activity>
<celldesigner:listOfInnerAliases>
<celldesigner:innerAlias heterodimerEntry="inner0">
<celldesigner:activity>inactive</celldesigner:activity>
<celldesigner:bounds h="27.0" w="45.0" x="877.75" y="209.75"/>
<celldesigner:singleLine width="1.0"/>
<celldesigner:paint color="ffccffcc" scheme="Color"/>
</celldesigner:innerAlias>
<celldesigner:innerAlias heterodimerEntry="inner1">
<celldesigner:activity>inactive</celldesigner:activity>
<celldesigner:bounds h="27.0" w="45.0" x="882.8125" y="236.75"/>
<celldesigner:singleLine width="1.0"/>
<celldesigner:paint color="ffccffcc" scheme="Color"/>
</celldesigner:innerAlias>
</celldesigner:listOfInnerAliases>
</celldesigner:speciesAlias>
<celldesigner:speciesAlias compartmentAlias="ca2" id="a95" species="s74">
<celldesigner:activity>inactive</celldesigner:activity>
<celldesigner:listOfInnerAliases>
<celldesigner:innerAlias heterodimerEntry="inner0">
<celldesigner:activity>active</celldesigner:activity>
<celldesigner:bounds h="60.0" w="78.0" x="446.5" y="112.87820660075846"/>
<celldesigner:singleLine width="1.0"/>
<celldesigner:paint color="ffffffcc" scheme="Color"/>
</celldesigner:innerAlias>
<celldesigner:innerAlias heterodimerEntry="inner1">
<celldesigner:activity>inactive</celldesigner:activity>
<celldesigner:bounds h="27.0" w="45.0" x="400.0" y="135.67222094600916"/>
<celldesigner:singleLine width="1.0"/>
<celldesigner:paint color="ffccffcc" scheme="Color"/>
</celldesigner:innerAlias>
<celldesigner:innerAlias heterodimerEntry="inner2">
<celldesigner:activity>inactive</celldesigner:activity>
<celldesigner:bounds h="27.0" w="45.0" x="525.75" y="135.91283718858404"/>
<celldesigner:singleLine width="1.0"/>
<celldesigner:paint color="ffccffcc" scheme="Color"/>
</celldesigner:innerAlias>
<celldesigner:innerAlias heterodimerEntry="inner3">
<celldesigner:activity>inactive</celldesigner:activity>
<celldesigner:bounds h="27.0" w="45.0" x="405.875" y="162.32697657957732"/>
<celldesigner:singleLine width="1.0"/>
<celldesigner:paint color="ffccffcc" scheme="Color"/>
</celldesigner:innerAlias>
<celldesigner:innerAlias heterodimerEntry="inner4">
<celldesigner:activity>inactive</celldesigner:activity>
<celldesigner:bounds h="40.0" w="67.0" x="447.0092108837255" y="175.1025915901679"/>
<celldesigner:singleLine width="1.0"/>
<celldesigner:paint color="ffccffcc" scheme="Color"/>
</celldesigner:innerAlias>
<celldesigner:innerAlias heterodimerEntry="inner5">
<celldesigner:activity>inactive</celldesigner:activity>
<celldesigner:bounds h="27.0" w="45.0" x="432.77176939099667" y="215.49039909546318"/>
<celldesigner:singleLine width="1.0"/>
<celldesigner:paint color="ffccffcc" scheme="Color"/>
</celldesigner:innerAlias>
<celldesigner:innerAlias heterodimerEntry="inner6">
<celldesigner:activity>inactive</celldesigner:activity>
<celldesigner:bounds h="27.0" w="45.0" x="498.3485238570697" y="214.1843028481108"/>
<celldesigner:singleLine width="1.0"/>
<celldesigner:paint color="ffccffcc" scheme="Color"/>
</celldesigner:innerAlias>
<celldesigner:innerAlias heterodimerEntry="inner7">
<celldesigner:activity>active</celldesigner:activity>
<celldesigner:bounds h="27.0" w="45.0" x="517.875" y="164.61302410088862"/>
<celldesigner:singleLine width="1.0"/>
<celldesigner:paint color="ffccffcc" scheme="Color"/>
</celldesigner:innerAlias>
<celldesigner:innerAlias heterodimerEntry="inner8">
<celldesigner:activity>active</celldesigner:activity>
<celldesigner:bounds h="27.0" w="45.0" x="570.875" y="167.10489184256102"/>
<celldesigner:singleLine width="1.0"/>
<celldesigner:paint color="ffccffcc" scheme="Color"/>
</celldesigner:innerAlias>
</celldesigner:listOfInnerAliases>
</celldesigner:speciesAlias>
<celldesigner:speciesAlias compartmentAlias="ca2" id="a98" species="s75">
<celldesigner:activity>inactive</celldesigner:activity>
<celldesigner:listOfInnerAliases>
<celldesigner:innerAlias heterodimerEntry="inner0">
<celldesigner:activity>active</celldesigner:activity>
<celldesigner:bounds h="27.0" w="45.0" x="315.5" y="215.0"/>
<celldesigner:singleLine width="1.0"/>
<celldesigner:paint color="ffccffcc" scheme="Color"/>
</celldesigner:innerAlias>
<celldesigner:innerAlias heterodimerEntry="inner1">
<celldesigner:activity>active</celldesigner:activity>
<celldesigner:bounds h="27.0" w="45.0" x="314.04545454545405" y="247.0"/>
<celldesigner:singleLine width="1.0"/>
<celldesigner:paint color="ffccffcc" scheme="Color"/>
</celldesigner:innerAlias>
</celldesigner:listOfInnerAliases>
</celldesigner:speciesAlias>
<celldesigner:speciesAlias compartmentAlias="ca2" id="a102" species="s7">
<celldesigner:activity>inactive</celldesigner:activity>
<celldesigner:bounds h="27.0" w="45.0" x="87.34375" y="185.67098044722678"/>
<celldesigner:singleLine width="1.0"/>
<celldesigner:paint color="ffccffcc" scheme="Color"/>
</celldesigner:speciesAlias>
</celldesigner:listOfSpeciesAliases>
<celldesigner:listOfGroups/>
<celldesigner:listOfProteins>
<celldesigner:protein id="p3" name="FGF" type="GENERIC"/>
<celldesigner:protein id="p4" name="PLC_sub__gamma" type="GENERIC"/>
<celldesigner:protein id="p5" name="Grb2" type="GENERIC"/>
<celldesigner:protein id="p6" name="SHC" type="GENERIC"/>
<celldesigner:protein id="p7" name="PI3K" type="GENERIC"/>
<celldesigner:protein id="p9" name="SHP2" type="GENERIC"/>
<celldesigner:protein id="p10" name="FRS2" type="GENERIC"/>
<celldesigner:protein id="p8" name="Spry" type="GENERIC">
<celldesigner:listOfModificationResidues>
<celldesigner:modificationResidue angle="3.14" id="rs1"/>
</celldesigner:listOfModificationResidues>
</celldesigner:protein>
<celldesigner:protein id="p11" name="SOS" type="GENERIC"/>
<celldesigner:protein id="p12" name="Ras" type="GENERIC"/>
<celldesigner:protein id="p13" name="RasGAP" type="GENERIC"/>
<celldesigner:protein id="p14" name="PKC" type="GENERIC"/>
<celldesigner:protein id="p15" name="Akt" type="GENERIC">
<celldesigner:listOfModificationResidues>
<celldesigner:modificationResidue id="rs1"/>
</celldesigner:listOfModificationResidues>
</celldesigner:protein>
<celldesigner:protein id="p16" name="Raf_minus_1" type="GENERIC">
<celldesigner:listOfModificationResidues>
<celldesigner:modificationResidue id="rs1"/>
<celldesigner:modificationResidue angle="3.82" id="rs2"/>
<celldesigner:modificationResidue angle="5.54" id="rs3"/>
<celldesigner:modificationResidue angle="6.28" id="rs4"/>
</celldesigner:listOfModificationResidues>
</celldesigner:protein>
<celldesigner:protein id="p17" name="MEK1_minus_2" type="GENERIC">
<celldesigner:listOfModificationResidues>
<celldesigner:modificationResidue angle="3.14" id="rs1"/>
<celldesigner:modificationResidue angle="6.28" id="rs2"/>
</celldesigner:listOfModificationResidues>
</celldesigner:protein>
<celldesigner:protein id="p18" name="ERK1_minus_2" type="GENERIC">
<celldesigner:listOfModificationResidues>
<celldesigner:modificationResidue angle="3.14" id="rs1"/>
<celldesigner:modificationResidue angle="6.28" id="rs2"/>
</celldesigner:listOfModificationResidues>
</celldesigner:protein>
<celldesigner:protein id="p19" name="RKIP" type="GENERIC">
<celldesigner:listOfModificationResidues>
<celldesigner:modificationResidue angle="3.14" id="rs1"/>
</celldesigner:listOfModificationResidues>
</celldesigner:protein>
<celldesigner:protein id="p20" name="PP2A" type="GENERIC"/>
<celldesigner:protein id="p21" name="14_minus_3_minus_3" type="GENERIC"/>
<celldesigner:protein id="p24" name="Rac" type="GENERIC"/>
<celldesigner:protein id="p2" name="FGFR1_minus_4" type="RECEPTOR">
<celldesigner:listOfModificationResidues>
<celldesigner:modificationResidue id="rs1"/>
<celldesigner:modificationResidue angle="3.75" id="rs2"/>
<celldesigner:modificationResidue angle="5.64" id="rs3"/>
<celldesigner:modificationResidue angle="0.0" id="rs4"/>
</celldesigner:listOfModificationResidues>
</celldesigner:protein>
<celldesigner:protein id="p25" name="MEKK1_minus_5" type="GENERIC">
<celldesigner:listOfModificationResidues>
<celldesigner:modificationResidue id="rs1"/>
<celldesigner:modificationResidue angle="6.28" id="rs2"/>
</celldesigner:listOfModificationResidues>
</celldesigner:protein>
<celldesigner:protein id="p26" name="MKK4,7" type="GENERIC">
<celldesigner:listOfModificationResidues>
<celldesigner:modificationResidue angle="3.14" id="rs1"/>
<celldesigner:modificationResidue angle="6.28" id="rs2"/>
</celldesigner:listOfModificationResidues>
</celldesigner:protein>
<celldesigner:protein id="p27" name="JNK1_minus_3" type="GENERIC">
<celldesigner:listOfModificationResidues>
<celldesigner:modificationResidue angle="3.14" id="rs1"/>
<celldesigner:modificationResidue angle="6.28" id="rs2"/>
</celldesigner:listOfModificationResidues>
</celldesigner:protein>
<celldesigner:protein id="p28" name="MKK3,6" type="GENERIC">
<celldesigner:listOfModificationResidues>
<celldesigner:modificationResidue angle="3.14" id="rs1"/>
<celldesigner:modificationResidue angle="6.28" id="rs2"/>
</celldesigner:listOfModificationResidues>
</celldesigner:protein>
<celldesigner:protein id="p29" name="p38" type="GENERIC">
<celldesigner:listOfModificationResidues>
<celldesigner:modificationResidue angle="3.14" id="rs1"/>
<celldesigner:modificationResidue angle="6.28" id="rs2"/>
</celldesigner:listOfModificationResidues>
</celldesigner:protein>
</celldesigner:listOfProteins>
<celldesigner:listOfBlockDiagrams/>
</annotation>
<listOfCompartments>
<compartment name="default" volume="1.0"/>
<compartment name="c2" outside="default" volume="1.0">
<annotation>
<celldesigner:name>Cytoplasm</celldesigner:name>
</annotation>
</compartment>
</listOfCompartments>
<listOfSpecies>
<species compartment="default" initialAmount="0.0" name="s3">
<notes>
<html xmlns="http://www.w3.org/1999/xhtml">
<!--Notes by CellDesigner-->
<body>
Long Name:  fibroblast growth factor
Synonym:  Synonym not specified
Accession:  P00623
</body>
</html>
</notes>
<annotation>
<celldesigner:positionToCompartment>inside</celldesigner:positionToCompartment>
<celldesigner:speciesIdentity>
<celldesigner:class>PROTEIN</celldesigner:class>
<celldesigner:proteinReference>p3</celldesigner:proteinReference>
</celldesigner:speciesIdentity>
<celldesigner:listOfCatalyzedReactions>
<celldesigner:catalyzed reaction="r17"/>
<celldesigner:catalyzed reaction="r18"/>
</celldesigner:listOfCatalyzedReactions>
</annotation>
</species>
<species compartment="c2" initialAmount="0.0" name="s7">
<notes>
<html xmlns="http://www.w3.org/1999/xhtml">
<!--Notes by CellDesigner-->
<body>
Long Name:  phospholipase c gamma
Synonym:  1-phosphatidylinositol-4,5-bisphosphate phosphodiesterase gamma,phosphoinositide phospholipase C
Accession:  P00638
</body>
</html>
</notes>
<annotation>
<celldesigner:positionToCompartment>inside</celldesigner:positionToCompartment>
<celldesigner:speciesIdentity>
<celldesigner:class>PROTEIN</celldesigner:class>
<celldesigner:proteinReference>p4</celldesigner:proteinReference>
</celldesigner:speciesIdentity>
</annotation>
</species>
<species compartment="c2" initialAmount="0.0" name="s9">
<notes>
<html xmlns="http://www.w3.org/1999/xhtml">
<!--Notes by CellDesigner-->
<body>
Long Name:  Src homology 2 domain-containing transforming protein 1
Synonym:  pp46/52/66
Accession:  P00639
</body>
</html>
</notes>
<annotation>
<celldesigner:positionToCompartment>inside</celldesigner:positionToCompartment>
<celldesigner:speciesIdentity>
<celldesigner:class>PROTEIN</celldesigner:class>
<celldesigner:proteinReference>p6</celldesigner:proteinReference>
</celldesigner:speciesIdentity>
</annotation>
</species>
<species compartment="c2" initialAmount="0.0" name="s10">
<notes>
<html xmlns="http://www.w3.org/1999/xhtml">
<!--Notes by CellDesigner-->
<body>
Long Name:  phosphatidylinositol 3-kinase
Synonym:  5-bisphosphate 3-kinase,Phosphatidylinositol-4
Accession:  P00640
</body>
</html>
</notes>
<annotation>
<celldesigner:positionToCompartment>inside</celldesigner:positionToCompartment>
<celldesigner:speciesIdentity>
<celldesigner:class>PROTEIN</celldesigner:class>
<celldesigner:proteinReference>p7</celldesigner:proteinReference>
</celldesigner:speciesIdentity>
</annotation>
</species>
<species compartment="c2" initialAmount="0.0" name="s12">
<notes>
<html xmlns="http://www.w3.org/1999/xhtml">
<!--Notes by CellDesigner-->
<body>
Long Name:  Src homology 2 domain-containing tyrosine phosphatase 2
Synonym:  non-receptor type 11,protein tyrosine phosphatase,protein-tyrosine phosphatase 2C
Accession:  P00647
</body>
</html>
</notes>
<annotation>
<celldesigner:positionToCompartment>inside</celldesigner:positionToCompartment>
<celldesigner:speciesIdentity>
<celldesigner:class>PROTEIN</celldesigner:class>
<celldesigner:proteinReference>p9</celldesigner:proteinReference>
</celldesigner:speciesIdentity>
</annotation>
</species>
<species compartment="c2" initialAmount="0.0" name="s13">
<notes>
<html xmlns="http://www.w3.org/1999/xhtml">
<!--Notes by CellDesigner-->
<body>
Long Name:  fibroblast growth factor receptor substrate
Synonym:  suc1-associated neurotrophic factor target
Accession:  P00635
</body>
</html>
</notes>
<annotation>
<celldesigner:positionToCompartment>inside</celldesigner:positionToCompartment>
<celldesigner:speciesIdentity>
<celldesigner:class>PROTEIN</celldesigner:class>
<celldesigner:proteinReference>p10</celldesigner:proteinReference>
</celldesigner:speciesIdentity>
</annotation>
</species>
<species compartment="c2" initialAmount="0.0" name="s11">
<notes>
<html xmlns="http://www.w3.org/1999/xhtml">
<!--Notes by CellDesigner-->
<body>
Long Name:  sprouty
Synonym:  antagonist of FGF signaling
Accession:  P00626
</body>
</html>
</notes>
<annotation>
<celldesigner:positionToCompartment>inside</celldesigner:positionToCompartment>
<celldesigner:speciesIdentity>
<celldesigner:class>PROTEIN</celldesigner:class>
<celldesigner:proteinReference>p8</celldesigner:proteinReference>
</celldesigner:speciesIdentity>
</annotation>
</species>
<species compartment="c2" initialAmount="0.0" name="s14">
<notes>
<html xmlns="http://www.w3.org/1999/xhtml">
<!--Notes by CellDesigner-->
<body>
Long Name:  sprouty
Synonym:  antagonist of FGF signaling
Accession:  P00626
</body>
</html>
</notes>
<annotation>
<celldesigner:positionToCompartment>inside</celldesigner:positionToCompartment>
<celldesigner:speciesIdentity>
<celldesigner:class>PROTEIN</celldesigner:class>
<celldesigner:proteinReference>p8</celldesigner:proteinReference>
<celldesigner:state>
<celldesigner:listOfModifications>
<celldesigner:modification residue="rs1" state="phosphorylated"/>
</celldesigner:listOfModifications>
</celldesigner:state>
</celldesigner:speciesIdentity>
<celldesigner:listOfCatalyzedReactions>
<celldesigner:catalyzed reaction="r33"/>
</celldesigner:listOfCatalyzedReactions>
</annotation>
</species>
<species compartment="c2" initialAmount="0.0" name="s19">
<notes>
<html xmlns="http://www.w3.org/1999/xhtml">
<!--Notes by CellDesigner-->
<body>
Long Name:  p120 Ras GTPase-activating protein
Synonym:  Synonym not specified
Accession:  P00646
</body>
</html>
</notes>
<annotation>
<celldesigner:positionToCompartment>inside</celldesigner:positionToCompartment>
<celldesigner:speciesIdentity>
<celldesigner:class>PROTEIN</celldesigner:class>
<celldesigner:proteinReference>p13</celldesigner:proteinReference>
</celldesigner:speciesIdentity>
</annotation>
</species>
<species compartment="c2" initialAmount="0.0" name="s21">
<notes>
<html xmlns="http://www.w3.org/1999/xhtml">
<!--Notes by CellDesigner-->
<body>
Long Name:  Thymoma viral proto-oncogene
Synonym:  PKB,RAC protein kinase,protein kinase B
Accession:  P00632
</body>
</html>
</notes>
<annotation>
<celldesigner:positionToCompartment>inside</celldesigner:positionToCompartment>
<celldesigner:speciesIdentity>
<celldesigner:class>PROTEIN</celldesigner:class>
<celldesigner:proteinReference>p15</celldesigner:proteinReference>
</celldesigner:speciesIdentity>
</annotation>
</species>
<species compartment="c2" initialAmount="0.0" name="s22">
<notes>
<html xmlns="http://www.w3.org/1999/xhtml">
<!--Notes by CellDesigner-->
<body>
Long Name:  Thymoma viral proto-oncogene
Synonym:  PKB,RAC protein kinase,protein kinase B
Accession:  P00632
</body>
</html>
</notes>
<annotation>
<celldesigner:positionToCompartment>inside</celldesigner:positionToCompartment>
<celldesigner:speciesIdentity>
<celldesigner:class>PROTEIN</celldesigner:class>
<celldesigner:proteinReference>p15</celldesigner:proteinReference>
<celldesigner:state>
<celldesigner:listOfModifications>
<celldesigner:modification residue="rs1" state="phosphorylated"/>
</celldesigner:listOfModifications>
</celldesigner:state>
</celldesigner:speciesIdentity>
<celldesigner:listOfCatalyzedReactions>
<celldesigner:catalyzed reaction="r8"/>
</celldesigner:listOfCatalyzedReactions>
</annotation>
</species>
<species compartment="c2" initialAmount="0.0" name="s25">
<notes>
<html xmlns="http://www.w3.org/1999/xhtml">
<!--Notes by CellDesigner-->
<body>
Long Name:  MAP/ERK kinase
Synonym:  Dual specificity mitogen-activated protein kinase kinase,MAP kinase kinase
Accession:  P00642
</body>
</html>
</notes>
<annotation>
<celldesigner:positionToCompartment>inside</celldesigner:positionToCompartment>
<celldesigner:speciesIdentity>
<celldesigner:class>PROTEIN</celldesigner:class>
<celldesigner:proteinReference>p17</celldesigner:proteinReference>
</celldesigner:speciesIdentity>
</annotation>
</species>
<species compartment="c2" initialAmount="0.0" name="s26">
<notes>
<html xmlns="http://www.w3.org/1999/xhtml">
<!--Notes by CellDesigner-->
<body>
Long Name:  MAP/ERK kinase
Synonym:  Dual specificity mitogen-activated protein kinase kinase,MAP kinase kinase
Accession:  P00642
</body>
</html>
</notes>
<annotation>
<celldesigner:positionToCompartment>inside</celldesigner:positionToCompartment>
<celldesigner:speciesIdentity>
<celldesigner:class>PROTEIN</celldesigner:class>
<celldesigner:proteinReference>p17</celldesigner:proteinReference>
<celldesigner:state>
<celldesigner:listOfModifications>
<celldesigner:modification residue="rs1" state="phosphorylated"/>
<celldesigner:modification residue="rs2" state="phosphorylated"/>
</celldesigner:listOfModifications>
</celldesigner:state>
</celldesigner:speciesIdentity>
<celldesigner:listOfCatalyzedReactions>
<celldesigner:catalyzed reaction="r14"/>
</celldesigner:listOfCatalyzedReactions>
</annotation>
</species>
<species compartment="c2" initialAmount="0.0" name="s27">
<notes>
<html xmlns="http://www.w3.org/1999/xhtml">
<!--Notes by CellDesigner-->
<body>
Long Name:  Extracellular signal-regulated kinase
Synonym:  MAPK,Mitogen-activated protein kinase,pp42/44
Accession:  P00627
</body>
</html>
</notes>
<annotation>
<celldesigner:positionToCompartment>inside</celldesigner:positionToCompartment>
<celldesigner:speciesIdentity>
<celldesigner:class>PROTEIN</celldesigner:class>
<celldesigner:proteinReference>p18</celldesigner:proteinReference>
</celldesigner:speciesIdentity>
</annotation>
</species>
<species compartment="c2" initialAmount="0.0" name="s28">
<notes>
<html xmlns="http://www.w3.org/1999/xhtml">
<!--Notes by CellDesigner-->
<body>
Long Name:  Extracellular signal-regulated kinase
Synonym:  MAPK,Mitogen-activated protein kinase,pp42/44
Accession:  P00627
</body>
</html>
</notes>
<annotation>
<celldesigner:positionToCompartment>inside</celldesigner:positionToCompartment>
<celldesigner:speciesIdentity>
<celldesigner:class>PROTEIN</celldesigner:class>
<celldesigner:proteinReference>p18</celldesigner:proteinReference>
<celldesigner:state>
<celldesigner:listOfModifications>
<celldesigner:modification residue="rs1" state="phosphorylated"/>
<celldesigner:modification residue="rs2" state="phosphorylated"/>
</celldesigner:listOfModifications>
</celldesigner:state>
</celldesigner:speciesIdentity>
</annotation>
</species>
<species compartment="c2" initialAmount="0.0" name="s29">
<notes>
<html xmlns="http://www.w3.org/1999/xhtml">
<!--Notes by CellDesigner-->
<body>
Long Name:  Raf-1 kinase inhibitor protein
Synonym:  PEBP,Phosphatidylethanolamine-binding protein
Accession:  P00630
</body>
</html>
</notes>
<annotation>
<celldesigner:positionToCompartment>inside</celldesigner:positionToCompartment>
<celldesigner:speciesIdentity>
<celldesigner:class>PROTEIN</celldesigner:class>
<celldesigner:proteinReference>p19</celldesigner:proteinReference>
</celldesigner:speciesIdentity>
<celldesigner:listOfCatalyzedReactions>
<celldesigner:catalyzed reaction="r8"/>
</celldesigner:listOfCatalyzedReactions>
</annotation>
</species>
<species compartment="c2" initialAmount="0.0" name="s30">
<notes>
<html xmlns="http://www.w3.org/1999/xhtml">
<!--Notes by CellDesigner-->
<body>
Long Name:  Raf-1 kinase inhibitor protein
Synonym:  PEBP,Phosphatidylethanolamine-binding protein
Accession:  P00630
</body>
</html>
</notes>
<annotation>
<celldesigner:positionToCompartment>inside</celldesigner:positionToCompartment>
<celldesigner:speciesIdentity>
<celldesigner:class>PROTEIN</celldesigner:class>
<celldesigner:proteinReference>p19</celldesigner:proteinReference>
<celldesigner:state>
<celldesigner:listOfModifications>
<celldesigner:modification residue="rs1" state="phosphorylated"/>
</celldesigner:listOfModifications>
</celldesigner:state>
</celldesigner:speciesIdentity>
</annotation>
</species>
<species compartment="c2" initialAmount="0.0" name="s31">
<notes>
<html xmlns="http://www.w3.org/1999/xhtml">
<!--Notes by CellDesigner-->
<body>
Long Name:  protein phosphatase 2A
Synonym:  Serine/threonine protein phosphatase 2A
Accession:  P00629
</body>
</html>
</notes>
<annotation>
<celldesigner:positionToCompartment>inside</celldesigner:positionToCompartment>
<celldesigner:speciesIdentity>
<celldesigner:class>PROTEIN</celldesigner:class>
<celldesigner:proteinReference>p20</celldesigner:proteinReference>
</celldesigner:speciesIdentity>
<celldesigner:listOfCatalyzedReactions>
<celldesigner:catalyzed reaction="r8"/>
</celldesigner:listOfCatalyzedReactions>
</annotation>
</species>
<species compartment="c2" initialAmount="0.0" name="s33">
<notes>
<html xmlns="http://www.w3.org/1999/xhtml">
<!--Notes by CellDesigner-->
<body>
Long Name:  14-3-3
Synonym:  activator of tyrosine and tryptophan hydroxylases,protein kinase C inhibitor protein-1 (KCIP-1)
Accession:  P00624
</body>
</html>
</notes>
<annotation>
<celldesigner:positionToCompartment>inside</celldesigner:positionToCompartment>
<celldesigner:speciesIdentity>
<celldesigner:class>PROTEIN</celldesigner:class>
<celldesigner:proteinReference>p21</celldesigner:proteinReference>
</celldesigner:speciesIdentity>
<celldesigner:listOfCatalyzedReactions>
<celldesigner:catalyzed reaction="r8"/>
</celldesigner:listOfCatalyzedReactions>
</annotation>
</species>
<species compartment="c2" initialAmount="0.0" name="s34">
<notes>
<html xmlns="http://www.w3.org/1999/xhtml">
<!--Notes by CellDesigner-->
<body>
Long Name:  Mitogenesis Differentiation
Synonym:  Synonym not specified
Accession:  U02253
</body>
</html>
</notes>
<annotation>
<celldesigner:positionToCompartment>inside</celldesigner:positionToCompartment>
<celldesigner:speciesIdentity>
<celldesigner:class>PHENOTYPE</celldesigner:class>
<celldesigner:name>Mitogenesis_br_Differentiation</celldesigner:name>
</celldesigner:speciesIdentity>
</annotation>
</species>
<species compartment="c2" initialAmount="0.0" name="s38">
<notes>
<html xmlns="http://www.w3.org/1999/xhtml">
<!--Notes by CellDesigner-->
<body>
Long Name:  Mitogen-activated protein kinase kinase kinase
Synonym:  MAPK/ERK kinase kinase,MEK kinase
Accession:  P00634
</body>
</html>
</notes>
<annotation>
<celldesigner:positionToCompartment>inside</celldesigner:positionToCompartment>
<celldesigner:speciesIdentity>
<celldesigner:class>PROTEIN</celldesigner:class>
<celldesigner:proteinReference>p25</celldesigner:proteinReference>
</celldesigner:speciesIdentity>
</annotation>
</species>
<species compartment="c2" initialAmount="0.0" name="s39">
<notes>
<html xmlns="http://www.w3.org/1999/xhtml">
<!--Notes by CellDesigner-->
<body>
Long Name:  Dual specificity mitogen-activated protein kinase kinase 4 and 7
Synonym:  MAP kinase kinase 4 and 7,MAPK/ERK kinase 4 and 7,MAPKK 4 and 7
Accession:  P00637
</body>
</html>
</notes>
<annotation>
<celldesigner:positionToCompartment>inside</celldesigner:positionToCompartment>
<celldesigner:speciesIdentity>
<celldesigner:class>PROTEIN</celldesigner:class>
<celldesigner:proteinReference>p26</celldesigner:proteinReference>
</celldesigner:speciesIdentity>
</annotation>
</species>
<species compartment="c2" initialAmount="0.0" name="s48">
<notes>
<html xmlns="http://www.w3.org/1999/xhtml">
<!--Notes by CellDesigner-->
<body>
Long Name:  Dual specificity mitogen-activated protein kinase kinase 4 and 7
Synonym:  MAP kinase kinase 4 and 7,MAPK/ERK kinase 4 and 7,MAPKK 4 and 7
Accession:  P00637
</body>
</html>
</notes>
<annotation>
<celldesigner:positionToCompartment>inside</celldesigner:positionToCompartment>
<celldesigner:speciesIdentity>
<celldesigner:class>PROTEIN</celldesigner:class>
<celldesigner:proteinReference>p26</celldesigner:proteinReference>
<celldesigner:state>
<celldesigner:listOfModifications>
<celldesigner:modification residue="rs1" state="phosphorylated"/>
<celldesigner:modification residue="rs2" state="phosphorylated"/>
</celldesigner:listOfModifications>
</celldesigner:state>
</celldesigner:speciesIdentity>
<celldesigner:listOfCatalyzedReactions>
<celldesigner:catalyzed reaction="r24"/>
</celldesigner:listOfCatalyzedReactions>
</annotation>
</species>
<species compartment="c2" initialAmount="0.0" name="s49">
<notes>
<html xmlns="http://www.w3.org/1999/xhtml">
<!--Notes by CellDesigner-->
<body>
Long Name:  Mitogen-activated protein kinase kinase kinase
Synonym:  MAPK/ERK kinase kinase,MEK kinase
Accession:  P00634
</body>
</html>
</notes>
<annotation>
<celldesigner:positionToCompartment>inside</celldesigner:positionToCompartment>
<celldesigner:speciesIdentity>
<celldesigner:class>PROTEIN</celldesigner:class>
<celldesigner:proteinReference>p25</celldesigner:proteinReference>
<celldesigner:state>
<celldesigner:listOfModifications>
<celldesigner:modification residue="rs1" state="phosphorylated"/>
<celldesigner:modification residue="rs2" state="phosphorylated"/>
</celldesigner:listOfModifications>
</celldesigner:state>
</celldesigner:speciesIdentity>
<celldesigner:listOfCatalyzedReactions>
<celldesigner:catalyzed reaction="r23"/>
<celldesigner:catalyzed reaction="r25"/>
</celldesigner:listOfCatalyzedReactions>
</annotation>
</species>
<species compartment="c2" initialAmount="0.0" name="s40">
<notes>
<html xmlns="http://www.w3.org/1999/xhtml">
<!--Notes by CellDesigner-->
<body>
Long Name:  C-jun-amino-terminal kinase 1, 2, and 3
Synonym:  SAPK,stress-activated protein kinase
Accession:  P00628
</body>
</html>
</notes>
<annotation>
<celldesigner:positionToCompartment>inside</celldesigner:positionToCompartment>
<celldesigner:speciesIdentity>
<celldesigner:class>PROTEIN</celldesigner:class>
<celldesigner:proteinReference>p27</celldesigner:proteinReference>
</celldesigner:speciesIdentity>
</annotation>
</species>
<species compartment="c2" initialAmount="0.0" name="s50">
<notes>
<html xmlns="http://www.w3.org/1999/xhtml">
<!--Notes by CellDesigner-->
<body>
Long Name:  C-jun-amino-terminal kinase 1, 2, and 3
Synonym:  SAPK,stress-activated protein kinase
Accession:  P00628
</body>
</html>
</notes>
<annotation>
<celldesigner:positionToCompartment>inside</celldesigner:positionToCompartment>
<celldesigner:speciesIdentity>
<celldesigner:class>PROTEIN</celldesigner:class>
<celldesigner:proteinReference>p27</celldesigner:proteinReference>
<celldesigner:state>
<celldesigner:listOfModifications>
<celldesigner:modification residue="rs1" state="phosphorylated"/>
<celldesigner:modification residue="rs2" state="phosphorylated"/>
</celldesigner:listOfModifications>
</celldesigner:state>
</celldesigner:speciesIdentity>
</annotation>
</species>
<species compartment="c2" initialAmount="0.0" name="s51">
<notes>
<html xmlns="http://www.w3.org/1999/xhtml">
<!--Notes by CellDesigner-->
<body>
Long Name:  Dual specificity mitogen-activated protein kinase kinase 3 and 6
Synonym:  MAP kinase kinase 3 and 6,MAPK/ERK kinase 3 and 6,MAPKK 3 and 6
Accession:  P00625
</body>
</html>
</notes>
<annotation>
<celldesigner:positionToCompartment>inside</celldesigner:positionToCompartment>
<celldesigner:speciesIdentity>
<celldesigner:class>PROTEIN</celldesigner:class>
<celldesigner:proteinReference>p28</celldesigner:proteinReference>
</celldesigner:speciesIdentity>
</annotation>
</species>
<species compartment="c2" initialAmount="0.0" name="s52">
<notes>
<html xmlns="http://www.w3.org/1999/xhtml">
<!--Notes by CellDesigner-->
<body>
Long Name:  Dual specificity mitogen-activated protein kinase kinase 3 and 6
Synonym:  MAP kinase kinase 3 and 6,MAPK/ERK kinase 3 and 6,MAPKK 3 and 6
Accession:  P00625
</body>
</html>
</notes>
<annotation>
<celldesigner:positionToCompartment>inside</celldesigner:positionToCompartment>
<celldesigner:speciesIdentity>
<celldesigner:class>PROTEIN</celldesigner:class>
<celldesigner:proteinReference>p28</celldesigner:proteinReference>
<celldesigner:state>
<celldesigner:listOfModifications>
<celldesigner:modification residue="rs1" state="phosphorylated"/>
<celldesigner:modification residue="rs2" state="phosphorylated"/>
</celldesigner:listOfModifications>
</celldesigner:state>
</celldesigner:speciesIdentity>
<celldesigner:listOfCatalyzedReactions>
<celldesigner:catalyzed reaction="r26"/>
</celldesigner:listOfCatalyzedReactions>
</annotation>
</species>
<species compartment="c2" initialAmount="0.0" name="s53">
<notes>
<html xmlns="http://www.w3.org/1999/xhtml">
<!--Notes by CellDesigner-->
<body>
Long Name:  p38 MAP kinase
Synonym:  mitogen-activated protein kinase 11,mitogen-activated protein kinase 14 isoform 4
Accession:  P00644
</body>
</html>
</notes>
<annotation>
<celldesigner:positionToCompartment>inside</celldesigner:positionToCompartment>
<celldesigner:speciesIdentity>
<celldesigner:class>PROTEIN</celldesigner:class>
<celldesigner:proteinReference>p29</celldesigner:proteinReference>
</celldesigner:speciesIdentity>
</annotation>
</species>
<species compartment="c2" initialAmount="0.0" name="s54">
<notes>
<html xmlns="http://www.w3.org/1999/xhtml">
<!--Notes by CellDesigner-->
<body>
Long Name:  p38 MAP kinase
Synonym:  mitogen-activated protein kinase 11,mitogen-activated protein kinase 14 isoform 4
Accession:  P00644
</body>
</html>
</notes>
<annotation>
<celldesigner:positionToCompartment>inside</celldesigner:positionToCompartment>
<celldesigner:speciesIdentity>
<celldesigner:class>PROTEIN</celldesigner:class>
<celldesigner:proteinReference>p29</celldesigner:proteinReference>
<celldesigner:state>
<celldesigner:listOfModifications>
<celldesigner:modification residue="rs1" state="phosphorylated"/>
<celldesigner:modification residue="rs2" state="phosphorylated"/>
</celldesigner:listOfModifications>
</celldesigner:state>
</celldesigner:speciesIdentity>
</annotation>
</species>
<species compartment="c2" initialAmount="0.0" name="s55">
<notes>
<html xmlns="http://www.w3.org/1999/xhtml">
<!--Notes by CellDesigner-->
<body>
Long Name:  Survival Apoptosis cell migration
Synonym:  Synonym not specified
Accession:  U02252
</body>
</html>
</notes>
<annotation>
<celldesigner:positionToCompartment>inside</celldesigner:positionToCompartment>
<celldesigner:speciesIdentity>
<celldesigner:class>PHENOTYPE</celldesigner:class>
<celldesigner:name>Survival_br_Apoptosis_br_cell_space_migration</celldesigner:name>
</celldesigner:speciesIdentity>
</annotation>
</species>
<species compartment="c2" initialAmount="0.0" name="s23">
<notes>
<html xmlns="http://www.w3.org/1999/xhtml">
<!--Notes by CellDesigner-->
<body>
Long Name:  RAF proto-oncogene serine/threonine-protein kinase
Synonym:  C-Raf,MAP kinase kinase kinase,Raf-1
Accession:  P00643
</body>
</html>
</notes>
<annotation>
<celldesigner:positionToCompartment>inside</celldesigner:positionToCompartment>
<celldesigner:speciesIdentity>
<celldesigner:class>PROTEIN</celldesigner:class>
<celldesigner:proteinReference>p16</celldesigner:proteinReference>
<celldesigner:state>
<celldesigner:listOfModifications>
<celldesigner:modification residue="rs4" state="phosphorylated"/>
</celldesigner:listOfModifications>
</celldesigner:state>
</celldesigner:speciesIdentity>
</annotation>
</species>
<species compartment="c2" initialAmount="0.0" name="s24">
<notes>
<html xmlns="http://www.w3.org/1999/xhtml">
<!--Notes by CellDesigner-->
<body>
Long Name:  RAF proto-oncogene serine/threonine-protein kinase
Synonym:  C-Raf,MAP kinase kinase kinase,Raf-1
Accession:  P00643
</body>
</html>
</notes>
<annotation>
<celldesigner:positionToCompartment>inside</celldesigner:positionToCompartment>
<celldesigner:speciesIdentity>
<celldesigner:class>PROTEIN</celldesigner:class>
<celldesigner:proteinReference>p16</celldesigner:proteinReference>
<celldesigner:state>
<celldesigner:listOfModifications>
<celldesigner:modification residue="rs1" state="phosphorylated"/>
<celldesigner:modification residue="rs2" state="phosphorylated"/>
<celldesigner:modification residue="rs3" state="phosphorylated"/>
</celldesigner:listOfModifications>
</celldesigner:state>
</celldesigner:speciesIdentity>
<celldesigner:listOfCatalyzedReactions>
<celldesigner:catalyzed reaction="r9"/>
</celldesigner:listOfCatalyzedReactions>
</annotation>
</species>
<species compartment="c2" initialAmount="0.0" name="s65">
<notes>
<html xmlns="http://www.w3.org/1999/xhtml">
<!--Notes by CellDesigner-->
<body>
Long Name:  Long Name:  Long name not specified
Synonym:  Synonym not specified
Accession:  U05203
Heterodimer Member Info:  Grb2#PROTEIN#Grb2#P00631#sem-5#;FGFR1-4#PROTEIN#FGFR1-4#P00636##;SOS#PROTEIN#SOS#P00641##
</body>
</html>
</notes>
<annotation>
<celldesigner:positionToCompartment>transmembrane</celldesigner:positionToCompartment>
<celldesigner:heterodimerIdentity>
<celldesigner:listOfHeterodimerEntries>
<celldesigner:heterodimerEntry innerId="inner0" originalSpecies="unknown">
<celldesigner:class>PROTEIN</celldesigner:class>
<celldesigner:proteinReference>p2</celldesigner:proteinReference>
<celldesigner:state>
<celldesigner:homodimer>2</celldesigner:homodimer>
<celldesigner:listOfModifications>
<celldesigner:modification residue="rs1" state="phosphorylated"/>
<celldesigner:modification residue="rs2" state="phosphorylated"/>
<celldesigner:modification residue="rs3" state="phosphorylated"/>
<celldesigner:modification residue="rs4" state="phosphorylated"/>
</celldesigner:listOfModifications>
</celldesigner:state>
</celldesigner:heterodimerEntry>
<celldesigner:heterodimerEntry innerId="inner1" originalSpecies="unknown">
<celldesigner:class>PROTEIN</celldesigner:class>
<celldesigner:proteinReference>p5</celldesigner:proteinReference>
</celldesigner:heterodimerEntry>
<celldesigner:heterodimerEntry innerId="inner2" originalSpecies="unknown">
<celldesigner:class>PROTEIN</celldesigner:class>
<celldesigner:proteinReference>p11</celldesigner:proteinReference>
</celldesigner:heterodimerEntry>
</celldesigner:listOfHeterodimerEntries>
</celldesigner:heterodimerIdentity>
<celldesigner:listOfCatalyzedReactions>
<celldesigner:catalyzed reaction="r19"/>
</celldesigner:listOfCatalyzedReactions>
</annotation>
</species>
<species compartment="c2" initialAmount="0.0" name="s66">
<notes>
<html xmlns="http://www.w3.org/1999/xhtml">
<!--Notes by CellDesigner-->
<body>
Long Name:  Long Name:  Long name not specified
Synonym:  Synonym not specified
Accession:  U05202
Heterodimer Member Info:  Grb2#PROTEIN#Grb2#P00631#sem-5#;SOS#PROTEIN#SOS#P00641##
</body>
</html>
</notes>
<annotation>
<celldesigner:positionToCompartment>inside</celldesigner:positionToCompartment>
<celldesigner:heterodimerIdentity>
<celldesigner:listOfHeterodimerEntries>
<celldesigner:heterodimerEntry innerId="inner0" originalSpecies="unknown">
<celldesigner:class>PROTEIN</celldesigner:class>
<celldesigner:proteinReference>p5</celldesigner:proteinReference>
</celldesigner:heterodimerEntry>
<celldesigner:heterodimerEntry innerId="inner1" originalSpecies="unknown">
<celldesigner:class>PROTEIN</celldesigner:class>
<celldesigner:proteinReference>p11</celldesigner:proteinReference>
</celldesigner:heterodimerEntry>
</celldesigner:listOfHeterodimerEntries>
</celldesigner:heterodimerIdentity>
</annotation>
</species>
<species compartment="c2" initialAmount="0.0" name="s74">
<notes>
<html xmlns="http://www.w3.org/1999/xhtml">
<!--Notes by CellDesigner-->
<body>
Long Name:  Long Name:  Long name not specified
Synonym:  Synonym not specified
Accession:  U05205
Heterodimer Member Info:  Grb2#PROTEIN#Grb2#P00631#sem-5#;FRS2#PROTEIN#fibroblast growth factor receptor substrate#P00635#suc1-associated neurotrophic factor target#;FGFR1-4#PROTEIN#FGFR1-4#P00636##;PLCgamma#PROTEIN#phospholipase c gamma#P00638#1-phosphatidylinositol-4|5-bisphosphate phosphodiesterase gamma|phosphoinositide phospholipase C#;SHC#PROTEIN#Src homology 2 domain-containing transforming protein 1#P00639#pp46/52/66#;PI3K#PROTEIN#phosphatidylinositol 3-kinase#P00640#5-bisphosphate 3-kinase|Phosphatidylinositol-4#;SOS#PROTEIN#SOS#P00641##;RasGAP#PROTEIN#p120 Ras GTPase-activating protein#P00646##;SHP2#PROTEIN#Src homology 2 domain-containing tyrosine phosphatase 2#P00647#non-receptor type 11|protein tyrosine phosphatase|protein-tyrosine phosphatase 2C#
</body>
</html>
</notes>
<annotation>
<celldesigner:positionToCompartment>transmembrane</celldesigner:positionToCompartment>
<celldesigner:heterodimerIdentity>
<celldesigner:listOfHeterodimerEntries>
<celldesigner:heterodimerEntry innerId="inner0" originalSpecies="unknown">
<celldesigner:class>PROTEIN</celldesigner:class>
<celldesigner:proteinReference>p2</celldesigner:proteinReference>
<celldesigner:state>
<celldesigner:homodimer>2</celldesigner:homodimer>
<celldesigner:listOfModifications>
<celldesigner:modification residue="rs1" state="phosphorylated"/>
<celldesigner:modification residue="rs2" state="phosphorylated"/>
<celldesigner:modification residue="rs3" state="phosphorylated"/>
<celldesigner:modification residue="rs4" state="phosphorylated"/>
</celldesigner:listOfModifications>
</celldesigner:state>
</celldesigner:heterodimerEntry>
<celldesigner:heterodimerEntry innerId="inner1" originalSpecies="unknown">
<celldesigner:class>PROTEIN</celldesigner:class>
<celldesigner:proteinReference>p4</celldesigner:proteinReference>
</celldesigner:heterodimerEntry>
<celldesigner:heterodimerEntry innerId="inner2" originalSpecies="unknown">
<celldesigner:class>PROTEIN</celldesigner:class>
<celldesigner:proteinReference>p13</celldesigner:proteinReference>
</celldesigner:heterodimerEntry>
<celldesigner:heterodimerEntry innerId="inner3" originalSpecies="unknown">
<celldesigner:class>PROTEIN</celldesigner:class>
<celldesigner:proteinReference>p7</celldesigner:proteinReference>
</celldesigner:heterodimerEntry>
<celldesigner:heterodimerEntry innerId="inner4" originalSpecies="unknown">
<celldesigner:class>PROTEIN</celldesigner:class>
<celldesigner:proteinReference>p10</celldesigner:proteinReference>
</celldesigner:heterodimerEntry>
<celldesigner:heterodimerEntry innerId="inner5" originalSpecies="unknown">
<celldesigner:class>PROTEIN</celldesigner:class>
<celldesigner:proteinReference>p9</celldesigner:proteinReference>
</celldesigner:heterodimerEntry>
<celldesigner:heterodimerEntry innerId="inner6" originalSpecies="unknown">
<celldesigner:class>PROTEIN</celldesigner:class>
<celldesigner:proteinReference>p6</celldesigner:proteinReference>
</celldesigner:heterodimerEntry>
<celldesigner:heterodimerEntry innerId="inner7" originalSpecies="unknown">
<celldesigner:class>PROTEIN</celldesigner:class>
<celldesigner:proteinReference>p5</celldesigner:proteinReference>
</celldesigner:heterodimerEntry>
<celldesigner:heterodimerEntry innerId="inner8" originalSpecies="unknown">
<celldesigner:class>PROTEIN</celldesigner:class>
<celldesigner:proteinReference>p11</celldesigner:proteinReference>
</celldesigner:heterodimerEntry>
</celldesigner:listOfHeterodimerEntries>
</celldesigner:heterodimerIdentity>
<celldesigner:listOfCatalyzedReactions>
<celldesigner:catalyzed reaction="r3"/>
<celldesigner:catalyzed reaction="r4"/>
<celldesigner:catalyzed reaction="r6"/>
<celldesigner:catalyzed reaction="r7"/>
</celldesigner:listOfCatalyzedReactions>
</annotation>
</species>
<species compartment="c2" initialAmount="0.0" name="s75">
<notes>
<html xmlns="http://www.w3.org/1999/xhtml">
<!--Notes by CellDesigner-->
<body>
Long Name:  Long Name:  Long name not specified
Synonym:  Synonym not specified
Accession:  U05204
Heterodimer Member Info:  Grb2#PROTEIN#Grb2#P00631#sem-5#;SOS#PROTEIN#SOS#P00641##
</body>
</html>
</notes>
<annotation>
<celldesigner:positionToCompartment>inside</celldesigner:positionToCompartment>
<celldesigner:heterodimerIdentity>
<celldesigner:listOfHeterodimerEntries>
<celldesigner:heterodimerEntry innerId="inner0" originalSpecies="unknown">
<celldesigner:class>PROTEIN</celldesigner:class>
<celldesigner:proteinReference>p11</celldesigner:proteinReference>
</celldesigner:heterodimerEntry>
<celldesigner:heterodimerEntry innerId="inner1" originalSpecies="unknown">
<celldesigner:class>PROTEIN</celldesigner:class>
<celldesigner:proteinReference>p5</celldesigner:proteinReference>
</celldesigner:heterodimerEntry>
</celldesigner:listOfHeterodimerEntries>
</celldesigner:heterodimerIdentity>
</annotation>
</species>
<species compartment="c2" initialAmount="0.0" name="s76">
<notes>
<html xmlns="http://www.w3.org/1999/xhtml">
<!--Notes by CellDesigner-->
<body>
Long Name:  FGFR1-4
Synonym:  Synonym not specified
Accession:  P00636
</body>
</html>
</notes>
<annotation>
<celldesigner:positionToCompartment>transmembrane</celldesigner:positionToCompartment>
<celldesigner:speciesIdentity>
<celldesigner:class>PROTEIN</celldesigner:class>
<celldesigner:proteinReference>p2</celldesigner:proteinReference>
</celldesigner:speciesIdentity>
</annotation>
</species>
<species compartment="c2" initialAmount="0.0" name="s77">
<notes>
<html xmlns="http://www.w3.org/1999/xhtml">
<!--Notes by CellDesigner-->
<body>
Long Name:  phospholipase c gamma
Synonym:  1-phosphatidylinositol-4,5-bisphosphate phosphodiesterase gamma,phosphoinositide phospholipase C
Accession:  P00638
</body>
</html>
</notes>
<annotation>
<celldesigner:positionToCompartment>transmembrane</celldesigner:positionToCompartment>
<celldesigner:speciesIdentity>
<celldesigner:class>PROTEIN</celldesigner:class>
<celldesigner:proteinReference>p4</celldesigner:proteinReference>
</celldesigner:speciesIdentity>
</annotation>
</species>
<species compartment="c2" initialAmount="0.0" name="s78">
<notes>
<html xmlns="http://www.w3.org/1999/xhtml">
<!--Notes by CellDesigner-->
<body>
Long Name:  Grb2
Synonym:  sem-5
Accession:  P00631
</body>
</html>
</notes>
<annotation>
<celldesigner:positionToCompartment>inside</celldesigner:positionToCompartment>
<celldesigner:speciesIdentity>
<celldesigner:class>PROTEIN</celldesigner:class>
<celldesigner:proteinReference>p5</celldesigner:proteinReference>
</celldesigner:speciesIdentity>
</annotation>
</species>
<species compartment="c2" initialAmount="0.0" name="s79">
<notes>
<html xmlns="http://www.w3.org/1999/xhtml">
<!--Notes by CellDesigner-->
<body>
Long Name:  Ras
Synonym:  Synonym not specified
Accession:  P00633
</body>
</html>
</notes>
<annotation>
<celldesigner:positionToCompartment>inside</celldesigner:positionToCompartment>
<celldesigner:speciesIdentity>
<celldesigner:class>PROTEIN</celldesigner:class>
<celldesigner:proteinReference>p12</celldesigner:proteinReference>
</celldesigner:speciesIdentity>
<celldesigner:listOfCatalyzedReactions>
<celldesigner:catalyzed reaction="r8"/>
<celldesigner:catalyzed reaction="r21"/>
</celldesigner:listOfCatalyzedReactions>
</annotation>
</species>
<species compartment="c2" initialAmount="0.0" name="s80">
<notes>
<html xmlns="http://www.w3.org/1999/xhtml">
<!--Notes by CellDesigner-->
<body>
Long Name:  GDP
Synonym:  Synonym not specified
Accession:  S01666
</body>
</html>
</notes>
<annotation>
<celldesigner:positionToCompartment>inside</celldesigner:positionToCompartment>
<celldesigner:speciesIdentity>
<celldesigner:class>SIMPLE_MOLECULE</celldesigner:class>
<celldesigner:name>GDP</celldesigner:name>
</celldesigner:speciesIdentity>
</annotation>
</species>
<species compartment="c2" initialAmount="0.0" name="s81">
<notes>
<html xmlns="http://www.w3.org/1999/xhtml">
<!--Notes by CellDesigner-->
<body>
Long Name:  GTP
Synonym:  Synonym not specified
Accession:  S01667
</body>
</html>
</notes>
<annotation>
<celldesigner:positionToCompartment>inside</celldesigner:positionToCompartment>
<celldesigner:speciesIdentity>
<celldesigner:class>SIMPLE_MOLECULE</celldesigner:class>
<celldesigner:name>GTP</celldesigner:name>
</celldesigner:speciesIdentity>
</annotation>
</species>
<species compartment="c2" initialAmount="0.0" name="s82">
<notes>
<html xmlns="http://www.w3.org/1999/xhtml">
<!--Notes by CellDesigner-->
<body>
Long Name:  PKC
Synonym:  Synonym not specified
Accession:  P00648
</body>
</html>
</notes>
<annotation>
<celldesigner:positionToCompartment>inside</celldesigner:positionToCompartment>
<celldesigner:speciesIdentity>
<celldesigner:class>PROTEIN</celldesigner:class>
<celldesigner:proteinReference>p14</celldesigner:proteinReference>
</celldesigner:speciesIdentity>
<celldesigner:listOfCatalyzedReactions>
<celldesigner:catalyzed reaction="r11"/>
</celldesigner:listOfCatalyzedReactions>
</annotation>
</species>
<species compartment="c2" initialAmount="0.0" name="s83">
<notes>
<html xmlns="http://www.w3.org/1999/xhtml">
<!--Notes by CellDesigner-->
<body>
Long Name:  Rac
Synonym:  Synonym not specified
Accession:  P00645
</body>
</html>
</notes>
<annotation>
<celldesigner:positionToCompartment>inside</celldesigner:positionToCompartment>
<celldesigner:speciesIdentity>
<celldesigner:class>PROTEIN</celldesigner:class>
<celldesigner:proteinReference>p24</celldesigner:proteinReference>
</celldesigner:speciesIdentity>
<celldesigner:listOfCatalyzedReactions>
<celldesigner:catalyzed reaction="r30"/>
</celldesigner:listOfCatalyzedReactions>
</annotation>
</species>
<species compartment="c2" initialAmount="0.0" name="s84">
<notes>
<html xmlns="http://www.w3.org/1999/xhtml">
<!--Notes by CellDesigner-->
<body>
Long Name:  FGFR1-4
Synonym:  Synonym not specified
Accession:  P00636
</body>
</html>
</notes>
<annotation>
<celldesigner:positionToCompartment>transmembrane</celldesigner:positionToCompartment>
<celldesigner:speciesIdentity>
<celldesigner:class>PROTEIN</celldesigner:class>
<celldesigner:proteinReference>p2</celldesigner:proteinReference>
<celldesigner:state>
<celldesigner:homodimer>2</celldesigner:homodimer>
<celldesigner:listOfModifications>
<celldesigner:modification residue="rs1" state="phosphorylated"/>
<celldesigner:modification residue="rs2" state="phosphorylated"/>
<celldesigner:modification residue="rs3" state="phosphorylated"/>
<celldesigner:modification residue="rs4" state="phosphorylated"/>
</celldesigner:listOfModifications>
</celldesigner:state>
</celldesigner:speciesIdentity>
</annotation>
</species>
<species compartment="c2" initialAmount="0.0" name="s85">
<notes>
<html xmlns="http://www.w3.org/1999/xhtml">
<!--Notes by CellDesigner-->
<body>
Long Name:  SOS
Synonym:  Synonym not specified
Accession:  P00641
</body>
</html>
</notes>
<annotation>
<celldesigner:positionToCompartment>inside</celldesigner:positionToCompartment>
<celldesigner:speciesIdentity>
<celldesigner:class>PROTEIN</celldesigner:class>
<celldesigner:proteinReference>p11</celldesigner:proteinReference>
</celldesigner:speciesIdentity>
</annotation>
</species>
</listOfSpecies>
<listOfReactions>
<reaction name="r3" reversible="false">
<annotation>
<celldesigner:reactionType>STATE_TRANSITION</celldesigner:reactionType>
<celldesigner:baseReactants>s11</celldesigner:baseReactants>
<celldesigner:baseProducts>s14</celldesigner:baseProducts>
<celldesigner:editPoints>0.3333333333333335,8.881784197001252E-16 0.6666666666666665,8.881784197001252E-16</celldesigner:editPoints>
<celldesigner:listOfModification>
<celldesigner:modification aliases="a95" editPoints="0.33333333333333326,0.0 0.6666666666666666,-2.220446049250313E-16" modifiers="s74" targetLineIndex="-1,1" type="INHIBITION"/>
</celldesigner:listOfModification>
</annotation>
<listOfReactants>
<speciesReference species="s11">
<annotation>
<celldesigner:alias>a10</celldesigner:alias>
</annotation>
</speciesReference>
</listOfReactants>
<listOfProducts>
<speciesReference species="s14">
<annotation>
<celldesigner:alias>a13</celldesigner:alias>
</annotation>
</speciesReference>
</listOfProducts>
</reaction>
<reaction name="r4" reversible="false">
<annotation>
<celldesigner:reactionType>STATE_TRANSITION</celldesigner:reactionType>
<celldesigner:baseReactants>s79</celldesigner:baseReactants>
<celldesigner:baseProducts>s79</celldesigner:baseProducts>
<celldesigner:listOfReactantLinks>
<celldesigner:reactantLink alias="a17" reactant="s80" targetLineIndex="-1,0"/>
</celldesigner:listOfReactantLinks>
<celldesigner:listOfProductLinks>
<celldesigner:productLink alias="a18" product="s81" targetLineIndex="-1,2"/>
</celldesigner:listOfProductLinks>
<celldesigner:editPoints>0.33333333333333304,-1.7763568394002505E-15 0.6666666666666661,-8.881784197001252E-16</celldesigner:editPoints>
<celldesigner:listOfModification>
<celldesigner:modification aliases="a95" editPoints="0.1648819790820557,-0.24616782745281074 0.6579619090103064,0.46954040648412176" modifiers="s74" offsetX="52.0" offsetY="-29.0" targetLineIndex="-1,1" type="INHIBITION"/>
<celldesigner:modification aliases="a95" editPoints="0.5012682520866512,0.5866373622972247 0.6377699202737461,0.44194654780825204" modifiers="s74" offsetX="85.0" offsetY="-9.0" targetLineIndex="-1,2" type="CATALYSIS"/>
</celldesigner:listOfModification>
</annotation>
<listOfReactants>
<speciesReference species="s79">
<annotation>
<celldesigner:alias>a15</celldesigner:alias>
</annotation>
</speciesReference>
<speciesReference species="s80">
<annotation>
<celldesigner:alias>a17</celldesigner:alias>
</annotation>
</speciesReference>
</listOfReactants>
<listOfProducts>
<speciesReference species="s79">
<annotation>
<celldesigner:alias>a16</celldesigner:alias>
</annotation>
</speciesReference>
<speciesReference species="s81">
<annotation>
<celldesigner:alias>a18</celldesigner:alias>
</annotation>
</speciesReference>
</listOfProducts>
</reaction>
<reaction name="r6" reversible="false">
<annotation>
<celldesigner:reactionType>STATE_TRANSITION</celldesigner:reactionType>
<celldesigner:baseReactants>s82</celldesigner:baseReactants>
<celldesigner:baseProducts>s82</celldesigner:baseProducts>
<celldesigner:editPoints>0.33333333333333304,-5.551115123125783E-17 0.6666666666666665,-1.1102230246251565E-16</celldesigner:editPoints>
<celldesigner:listOfModification>
<celldesigner:modification aliases="a95" editPoints="0.28836021747152574,-0.18629300551244232 0.756749213794625,-0.4504192747753162" modifiers="s74" offsetX="-60.0" offsetY="-147.0" targetLineIndex="-1,1" type="CATALYSIS"/>
</celldesigner:listOfModification>
</annotation>
<listOfReactants>
<speciesReference species="s82">
<annotation>
<celldesigner:alias>a22</celldesigner:alias>
</annotation>
</speciesReference>
</listOfReactants>
<listOfProducts>
<speciesReference species="s82">
<annotation>
<celldesigner:alias>a23</celldesigner:alias>
</annotation>
</speciesReference>
</listOfProducts>
</reaction>
<reaction name="r7" reversible="false">
<annotation>
<celldesigner:reactionType>STATE_TRANSITION</celldesigner:reactionType>
<celldesigner:baseReactants>s21</celldesigner:baseReactants>
<celldesigner:baseProducts>s22</celldesigner:baseProducts>
<celldesigner:editPoints>0.3333333333333335,0.0 0.666666666666667,2.220446049250313E-16</celldesigner:editPoints>
<celldesigner:listOfModification>
<celldesigner:modification aliases="a95" editPoints="0.3333333333333335,-2.220446049250313E-16 0.6466932261251833,-0.09898430904603317" modifiers="s74" offsetX="-51.0" offsetY="-39.0" targetLineIndex="-1,1" type="CATALYSIS"/>
</celldesigner:listOfModification>
</annotation>
<listOfReactants>
<speciesReference species="s21">
<annotation>
<celldesigner:alias>a24</celldesigner:alias>
</annotation>
</speciesReference>
</listOfReactants>
<listOfProducts>
<speciesReference species="s22">
<annotation>
<celldesigner:alias>a25</celldesigner:alias>
</annotation>
</speciesReference>
</listOfProducts>
</reaction>
<reaction name="r8" reversible="false">
<annotation>
<celldesigner:reactionType>STATE_TRANSITION</celldesigner:reactionType>
<celldesigner:baseReactants>s23</celldesigner:baseReactants>
<celldesigner:baseProducts>s24</celldesigner:baseProducts>
<celldesigner:editPoints>0.33333333333333304,0.0 0.666666666666667,-4.440892098500626E-16</celldesigner:editPoints>
<celldesigner:listOfModification>
<celldesigner:modification aliases="a25" editPoints="0.3333333333333339,4.440892098500626E-16 0.666666666666667,2.220446049250313E-16" modifiers="s22" targetLineIndex="-1,1" type="INHIBITION"/>
<celldesigner:modification aliases="a32" editPoints="0.3333333333333335,-4.440892098500626E-16 0.6666666666666667,-1.3322676295501878E-15" modifiers="s29" targetLineIndex="-1,2" type="INHIBITION"/>
<celldesigner:modification aliases="a16" editPoints="0.33333333333333304,0.0 0.6666666666666665,0.0" modifiers="s79" targetLineIndex="-1,0" type="CATALYSIS"/>
<celldesigner:modification aliases="a35" editPoints="0.33333333333333304,0.0 0.6666666666666661,4.440892098500626E-16" modifiers="s33" targetLineIndex="-1,1" type="INHIBITION"/>
<celldesigner:modification aliases="a34" editPoints="0.3333333333333339,4.440892098500626E-16 0.6666666666666665,4.440892098500626E-16" modifiers="s31" targetLineIndex="-1,2" type="CATALYSIS"/>
</celldesigner:listOfModification>
</annotation>
<listOfReactants>
<speciesReference species="s23">
<annotation>
<celldesigner:alias>a26</celldesigner:alias>
</annotation>
</speciesReference>
</listOfReactants>
<listOfProducts>
<speciesReference species="s24">
<annotation>
<celldesigner:alias>a27</celldesigner:alias>
</annotation>
</speciesReference>
</listOfProducts>
</reaction>
<reaction name="r9" reversible="false">
<annotation>
<celldesigner:reactionType>STATE_TRANSITION</celldesigner:reactionType>
<celldesigner:baseReactants>s25</celldesigner:baseReactants>
<celldesigner:baseProducts>s26</celldesigner:baseProducts>
<celldesigner:editPoints>0.3333333333333328,1.3322676295501878E-15 0.6666666666666667,2.6645352591003757E-15</celldesigner:editPoints>
<celldesigner:listOfModification>
<celldesigner:modification aliases="a27" editPoints="0.3333333333333339,0.0 0.6666666666666679,0.0" modifiers="s24" targetLineIndex="-1,1" type="CATALYSIS"/>
</celldesigner:listOfModification>
</annotation>
<listOfReactants>
<speciesReference species="s25">
<annotation>
<celldesigner:alias>a28</celldesigner:alias>
</annotation>
</speciesReference>
</listOfReactants>
<listOfProducts>
<speciesReference species="s26">
<annotation>
<celldesigner:alias>a29</celldesigner:alias>
</annotation>
</speciesReference>
</listOfProducts>
</reaction>
<reaction name="r11" reversible="false">
<annotation>
<celldesigner:reactionType>STATE_TRANSITION</celldesigner:reactionType>
<celldesigner:baseReactants>s29</celldesigner:baseReactants>
<celldesigner:baseProducts>s30</celldesigner:baseProducts>
<celldesigner:editPoints>0.33333333333333326,-2.220446049250313E-15 0.6666666666666663,-4.884981308350689E-15</celldesigner:editPoints>
<celldesigner:listOfModification>
<celldesigner:modification aliases="a23" editPoints="0.8408302606563858,-0.4159929997079921 0.9228578369466462,-0.20194672770944733" modifiers="s82" targetLineIndex="-1,1" type="CATALYSIS"/>
</celldesigner:listOfModification>
</annotation>
<listOfReactants>
<speciesReference species="s29">
<annotation>
<celldesigner:alias>a32</celldesigner:alias>
</annotation>
</speciesReference>
</listOfReactants>
<listOfProducts>
<speciesReference species="s30">
<annotation>
<celldesigner:alias>a33</celldesigner:alias>
</annotation>
</speciesReference>
</listOfProducts>
</reaction>
<reaction name="r14" reversible="false">
<annotation>
<celldesigner:reactionType>STATE_TRANSITION</celldesigner:reactionType>
<celldesigner:baseReactants>s27</celldesigner:baseReactants>
<celldesigner:baseProducts>s28</celldesigner:baseProducts>
<celldesigner:editPoints>0.3333333333333339,-8.881784197001252E-16 0.666666666666667,0.0</celldesigner:editPoints>
<celldesigner:listOfModification>
<celldesigner:modification aliases="a29" editPoints="0.3333333333333339,0.0 0.6666666666666661,0.0" modifiers="s26" targetLineIndex="-1,1" type="CATALYSIS"/>
</celldesigner:listOfModification>
</annotation>
<listOfReactants>
<speciesReference species="s27">
<annotation>
<celldesigner:alias>a30</celldesigner:alias>
</annotation>
</speciesReference>
</listOfReactants>
<listOfProducts>
<speciesReference species="s28">
<annotation>
<celldesigner:alias>a31</celldesigner:alias>
</annotation>
</speciesReference>
</listOfProducts>
</reaction>
<reaction name="r15" reversible="false">
<annotation>
<celldesigner:reactionType>STATE_TRANSITION</celldesigner:reactionType>
<celldesigner:baseReactants>s28</celldesigner:baseReactants>
<celldesigner:baseProducts>s34</celldesigner:baseProducts>
<celldesigner:editPoints>0.33333333333333304,0.0 0.6666666666666665,8.881784197001252E-16</celldesigner:editPoints>
</annotation>
<listOfReactants>
<speciesReference species="s28">
<annotation>
<celldesigner:alias>a31</celldesigner:alias>
</annotation>
</speciesReference>
</listOfReactants>
<listOfProducts>
<speciesReference species="s34">
<annotation>
<celldesigner:alias>a36</celldesigner:alias>
</annotation>
</speciesReference>
</listOfProducts>
</reaction>
<reaction name="r17" reversible="false">
<annotation>
<celldesigner:reactionType>STATE_TRANSITION</celldesigner:reactionType>
<celldesigner:baseReactants>s76</celldesigner:baseReactants>
<celldesigner:baseProducts>s84</celldesigner:baseProducts>
<celldesigner:editPoints>0.3333333333333335,1.2212453270876722E-15 0.6666666666666667,2.3314683517128287E-15</celldesigner:editPoints>
<celldesigner:listOfModification>
<celldesigner:modification aliases="a3" editPoints="0.33333333333333337,-4.440892098500626E-16 0.6666666666666666,-4.440892098500626E-16" modifiers="s3" targetLineIndex="-1,1" type="CATALYSIS"/>
</celldesigner:listOfModification>
</annotation>
<listOfReactants>
<speciesReference species="s76" stoichiometry="2">
<annotation>
<celldesigner:alias>a4</celldesigner:alias>
</annotation>
</speciesReference>
</listOfReactants>
<listOfProducts>
<speciesReference species="s84">
<annotation>
<celldesigner:alias>a46</celldesigner:alias>
</annotation>
</speciesReference>
</listOfProducts>
</reaction>
<reaction name="r18" reversible="false">
<annotation>
<celldesigner:reactionType>STATE_TRANSITION</celldesigner:reactionType>
<celldesigner:baseReactants>s76</celldesigner:baseReactants>
<celldesigner:baseProducts>s84</celldesigner:baseProducts>
<celldesigner:editPoints>0.3333333333333335,1.2212453270876722E-15 0.6666666666666667,2.3314683517128287E-15</celldesigner:editPoints>
<celldesigner:listOfModification>
<celldesigner:modification aliases="a49" editPoints="0.33333333333333337,-4.440892098500626E-16 0.6666666666666666,-4.440892098500626E-16" modifiers="s3" targetLineIndex="-1,1" type="CATALYSIS"/>
</celldesigner:listOfModification>
</annotation>
<listOfReactants>
<speciesReference species="s76" stoichiometry="2">
<annotation>
<celldesigner:alias>a47</celldesigner:alias>
</annotation>
</speciesReference>
</listOfReactants>
<listOfProducts>
<speciesReference species="s84">
<annotation>
<celldesigner:alias>a48</celldesigner:alias>
</annotation>
</speciesReference>
</listOfProducts>
</reaction>
<reaction name="r19" reversible="false">
<annotation>
<celldesigner:reactionType>STATE_TRANSITION</celldesigner:reactionType>
<celldesigner:baseReactants>s79</celldesigner:baseReactants>
<celldesigner:baseProducts>s79</celldesigner:baseProducts>
<celldesigner:listOfReactantLinks>
<celldesigner:reactantLink alias="a58" reactant="s80" targetLineIndex="-1,0"/>
</celldesigner:listOfReactantLinks>
<celldesigner:listOfProductLinks>
<celldesigner:productLink alias="a59" product="s81" targetLineIndex="-1,2"/>
</celldesigner:listOfProductLinks>
<celldesigner:editPoints>0.33333333333333304,-1.7763568394002505E-15 0.6666666666666661,-8.881784197001252E-16</celldesigner:editPoints>
<celldesigner:listOfModification>
<celldesigner:modification aliases="a77" editPoints="0.34347658703899153,0.3443655122409046 0.7059842851149942,-0.19844868507864044" modifiers="s65" targetLineIndex="-1,1" type="CATALYSIS"/>
</celldesigner:listOfModification>
</annotation>
<listOfReactants>
<speciesReference species="s79">
<annotation>
<celldesigner:alias>a54</celldesigner:alias>
</annotation>
</speciesReference>
<speciesReference species="s80">
<annotation>
<celldesigner:alias>a58</celldesigner:alias>
</annotation>
</speciesReference>
</listOfReactants>
<listOfProducts>
<speciesReference species="s79">
<annotation>
<celldesigner:alias>a57</celldesigner:alias>
</annotation>
</speciesReference>
<speciesReference species="s81">
<annotation>
<celldesigner:alias>a59</celldesigner:alias>
</annotation>
</speciesReference>
</listOfProducts>
</reaction>
<reaction name="r21" reversible="false">
<annotation>
<celldesigner:reactionType>STATE_TRANSITION</celldesigner:reactionType>
<celldesigner:baseReactants>s83</celldesigner:baseReactants>
<celldesigner:baseProducts>s83</celldesigner:baseProducts>
<celldesigner:editPoints>0.3333333333333339,1.3322676295501878E-15 0.666666666666667,8.881784197001252E-16</celldesigner:editPoints>
<celldesigner:listOfModification>
<celldesigner:modification aliases="a57" editPoints="0.33333333333333337,1.7763568394002505E-15 0.6666666666666662,0.0" modifiers="s79" targetLineIndex="-1,0" type="CATALYSIS"/>
</celldesigner:listOfModification>
</annotation>
<listOfReactants>
<speciesReference species="s83">
<annotation>
<celldesigner:alias>a39</celldesigner:alias>
</annotation>
</speciesReference>
</listOfReactants>
<listOfProducts>
<speciesReference species="s83">
<annotation>
<celldesigner:alias>a60</celldesigner:alias>
</annotation>
</speciesReference>
</listOfProducts>
</reaction>
<reaction name="r23" reversible="false">
<annotation>
<celldesigner:reactionType>STATE_TRANSITION</celldesigner:reactionType>
<celldesigner:baseReactants>s39</celldesigner:baseReactants>
<celldesigner:baseProducts>s48</celldesigner:baseProducts>
<celldesigner:editPoints>0.3333333333333339,-1.7763568394002505E-15 0.6666666666666661,-5.329070518200751E-15</celldesigner:editPoints>
<celldesigner:listOfModification>
<celldesigner:modification aliases="a61" editPoints="-0.0724860244311234,-0.22448142565959373 0.913702908365293,0.2223967610550579" modifiers="s49" targetLineIndex="-1,0" type="CATALYSIS"/>
</celldesigner:listOfModification>
</annotation>
<listOfReactants>
<speciesReference species="s39">
<annotation>
<celldesigner:alias>a41</celldesigner:alias>
</annotation>
</speciesReference>
</listOfReactants>
<listOfProducts>
<speciesReference species="s48">
<annotation>
<celldesigner:alias>a62</celldesigner:alias>
</annotation>
</speciesReference>
</listOfProducts>
</reaction>
<reaction name="r24" reversible="false">
<annotation>
<celldesigner:reactionType>STATE_TRANSITION</celldesigner:reactionType>
<celldesigner:baseReactants>s40</celldesigner:baseReactants>
<celldesigner:baseProducts>s50</celldesigner:baseProducts>
<celldesigner:editPoints>0.33333333333333304,-1.7763568394002505E-15 0.666666666666667,-3.552713678800501E-15</celldesigner:editPoints>
<celldesigner:listOfModification>
<celldesigner:modification aliases="a62" editPoints="0.03939668174962252,-0.3798491704374065 0.8124283559577674,0.24663650075414445" modifiers="s48" targetLineIndex="-1,1" type="CATALYSIS"/>
</celldesigner:listOfModification>
</annotation>
<listOfReactants>
<speciesReference species="s40">
<annotation>
<celldesigner:alias>a42</celldesigner:alias>
</annotation>
</speciesReference>
</listOfReactants>
<listOfProducts>
<speciesReference species="s50">
<annotation>
<celldesigner:alias>a63</celldesigner:alias>
</annotation>
</speciesReference>
</listOfProducts>
</reaction>
<reaction name="r25" reversible="false">
<annotation>
<celldesigner:reactionType>STATE_TRANSITION</celldesigner:reactionType>
<celldesigner:baseReactants>s51</celldesigner:baseReactants>
<celldesigner:baseProducts>s52</celldesigner:baseProducts>
<celldesigner:editPoints>0.3333333333333339,-1.7763568394002505E-15 0.6666666666666679,-1.7763568394002505E-15</celldesigner:editPoints>
<celldesigner:listOfModification>
<celldesigner:modification aliases="a61" editPoints="0.33333333333333215,4.440892098500626E-16 0.6666666666666679,-4.440892098500626E-16" modifiers="s49" targetLineIndex="-1,1" type="CATALYSIS"/>
</celldesigner:listOfModification>
</annotation>
<listOfReactants>
<speciesReference species="s51">
<annotation>
<celldesigner:alias>a64</celldesigner:alias>
</annotation>
</speciesReference>
</listOfReactants>
<listOfProducts>
<speciesReference species="s52">
<annotation>
<celldesigner:alias>a65</celldesigner:alias>
</annotation>
</speciesReference>
</listOfProducts>
</reaction>
<reaction name="r26" reversible="false">
<annotation>
<celldesigner:reactionType>STATE_TRANSITION</celldesigner:reactionType>
<celldesigner:baseReactants>s53</celldesigner:baseReactants>
<celldesigner:baseProducts>s54</celldesigner:baseProducts>
<celldesigner:editPoints>0.3333333333333304,-8.881784197001252E-16 0.6666666666666652,-8.881784197001252E-16</celldesigner:editPoints>
<celldesigner:listOfModification>
<celldesigner:modification aliases="a65" editPoints="-0.05836171457620054,-0.29166182157398524 0.8198161272677211,0.282409922236841" modifiers="s52" targetLineIndex="-1,1" type="CATALYSIS"/>
</celldesigner:listOfModification>
</annotation>
<listOfReactants>
<speciesReference species="s53">
<annotation>
<celldesigner:alias>a66</celldesigner:alias>
</annotation>
</speciesReference>
</listOfReactants>
<listOfProducts>
<speciesReference species="s54">
<annotation>
<celldesigner:alias>a67</celldesigner:alias>
</annotation>
</speciesReference>
</listOfProducts>
</reaction>
<reaction name="r27" reversible="false">
<annotation>
<celldesigner:reactionType>STATE_TRANSITION</celldesigner:reactionType>
<celldesigner:baseReactants>s50</celldesigner:baseReactants>
<celldesigner:baseProducts>s55</celldesigner:baseProducts>
<celldesigner:editPoints>0.3333333333333339,-4.440892098500626E-16 0.6666666666666661,-8.881784197001252E-16</celldesigner:editPoints>
</annotation>
<listOfReactants>
<speciesReference species="s50">
<annotation>
<celldesigner:alias>a63</celldesigner:alias>
</annotation>
</speciesReference>
</listOfReactants>
<listOfProducts>
<speciesReference species="s55">
<annotation>
<celldesigner:alias>a68</celldesigner:alias>
</annotation>
</speciesReference>
</listOfProducts>
</reaction>
<reaction name="r28" reversible="false">
<annotation>
<celldesigner:reactionType>STATE_TRANSITION</celldesigner:reactionType>
<celldesigner:baseReactants>s54</celldesigner:baseReactants>
<celldesigner:baseProducts>s55</celldesigner:baseProducts>
<celldesigner:editPoints>0.33333333333333315,0.0 0.6666666666666662,0.0</celldesigner:editPoints>
</annotation>
<listOfReactants>
<speciesReference species="s54">
<annotation>
<celldesigner:alias>a67</celldesigner:alias>
</annotation>
</speciesReference>
</listOfReactants>
<listOfProducts>
<speciesReference species="s55">
<annotation>
<celldesigner:alias>a68</celldesigner:alias>
</annotation>
</speciesReference>
</listOfProducts>
</reaction>
<reaction name="r30" reversible="false">
<annotation>
<celldesigner:reactionType>STATE_TRANSITION</celldesigner:reactionType>
<celldesigner:baseReactants>s38</celldesigner:baseReactants>
<celldesigner:baseProducts>s49</celldesigner:baseProducts>
<celldesigner:editPoints>0.3333333333333335,-3.9968028886505635E-15 0.6666666666666665,-7.993605777301127E-15</celldesigner:editPoints>
<celldesigner:listOfModification>
<celldesigner:modification aliases="a60" editPoints="0.09619643070243233,-0.37102000089842946 0.7370500092792143,0.2311248809470321" modifiers="s83" offsetX="-5.0" offsetY="-3.0" targetLineIndex="-1,1" type="CATALYSIS"/>
</celldesigner:listOfModification>
</annotation>
<listOfReactants>
<speciesReference species="s38">
<annotation>
<celldesigner:alias>a40</celldesigner:alias>
</annotation>
</speciesReference>
</listOfReactants>
<listOfProducts>
<speciesReference species="s49">
<annotation>
<celldesigner:alias>a61</celldesigner:alias>
</annotation>
</speciesReference>
</listOfProducts>
</reaction>
<reaction name="r31" reversible="false">
<annotation>
<celldesigner:reactionType>HETERODIMER_ASSOCIATION</celldesigner:reactionType>
<celldesigner:baseReactants>s78,s85</celldesigner:baseReactants>
<celldesigner:baseProducts>s66</celldesigner:baseProducts>
<celldesigner:editPoints>0.3333333333333357,1.7763568394002505E-15 0.6666666666666679,1.7763568394002505E-15 0.33333333333333215,1.7763568394002505E-15 0.6666666666666679,-1.7763568394002505E-15 0.33333333333333215,1.1102230246251565E-16 0.6666666666666661,1.1102230246251565E-16 0.33333333333333304,0.3333333333333339</celldesigner:editPoints>
</annotation>
<listOfReactants>
<speciesReference species="s78">
<annotation>
<celldesigner:alias>a50</celldesigner:alias>
</annotation>
</speciesReference>
<speciesReference species="s85">
<annotation>
<celldesigner:alias>a51</celldesigner:alias>
</annotation>
</speciesReference>
</listOfReactants>
<listOfProducts>
<speciesReference species="s66">
<annotation>
<celldesigner:alias>a78</celldesigner:alias>
</annotation>
</speciesReference>
</listOfProducts>
</reaction>
<reaction name="r32" reversible="false">
<annotation>
<celldesigner:reactionType>HETERODIMER_ASSOCIATION</celldesigner:reactionType>
<celldesigner:baseReactants>s84,s66</celldesigner:baseReactants>
<celldesigner:baseProducts>s65</celldesigner:baseProducts>
<celldesigner:editPoints>0.33333333333333215,-8.881784197001252E-16 0.6666666666666679,-8.881784197001252E-16 0.33333333333333215,1.7763568394002505E-15 0.6666666666666643,1.7763568394002505E-15 0.3333333333333339,-6.661338147750939E-16 0.6666666666666661,-1.1102230246251565E-15 0.33333333333333215,0.33333333333333304</celldesigner:editPoints>
</annotation>
<listOfReactants>
<speciesReference species="s84">
<annotation>
<celldesigner:alias>a48</celldesigner:alias>
</annotation>
</speciesReference>
<speciesReference species="s66">
<annotation>
<celldesigner:alias>a78</celldesigner:alias>
</annotation>
</speciesReference>
</listOfReactants>
<listOfProducts>
<speciesReference species="s65">
<annotation>
<celldesigner:alias>a77</celldesigner:alias>
</annotation>
</speciesReference>
</listOfProducts>
</reaction>
<reaction name="r33" reversible="false">
<annotation>
<celldesigner:reactionType>HETERODIMER_ASSOCIATION</celldesigner:reactionType>
<celldesigner:baseReactants>s78,s85</celldesigner:baseReactants>
<celldesigner:baseProducts>s75</celldesigner:baseProducts>
<celldesigner:editPoints>0.3333333333333339,6.661338147750939E-16 0.6666666666666679,6.661338147750939E-16 0.3333333333333328,-1.7763568394002505E-15 0.6666666666666676,-1.7763568394002505E-15 0.3333333333333339,0.0 0.6666666666666679,8.881784197001252E-16 0.33333333333333215,0.3333333333333335</celldesigner:editPoints>
<celldesigner:listOfModification>
<celldesigner:modification aliases="a13" editPoints="0.3333333333333339,2.220446049250313E-16 0.666666666666667,4.440892098500626E-16" modifiers="s14" targetLineIndex="2,1" type="INHIBITION"/>
</celldesigner:listOfModification>
</annotation>
<listOfReactants>
<speciesReference species="s78">
<annotation>
<celldesigner:alias>a7</celldesigner:alias>
</annotation>
</speciesReference>
<speciesReference species="s85">
<annotation>
<celldesigner:alias>a72</celldesigner:alias>
</annotation>
</speciesReference>
</listOfReactants>
<listOfProducts>
<speciesReference species="s75">
<annotation>
<celldesigner:alias>a98</celldesigner:alias>
</annotation>
</speciesReference>
</listOfProducts>
</reaction>
<reaction name="r34" reversible="false">
<annotation>
<celldesigner:reactionType>HETERODIMER_ASSOCIATION</celldesigner:reactionType>
<celldesigner:baseReactants>s84,s75</celldesigner:baseReactants>
<celldesigner:baseProducts>s74</celldesigner:baseProducts>
<celldesigner:listOfReactantLinks>
<celldesigner:reactantLink alias="a102" reactant="s7" targetLineIndex="0,0"/>
<celldesigner:reactantLink alias="a9" reactant="s10" targetLineIndex="0,0"/>
<celldesigner:reactantLink alias="a8" reactant="s9" targetLineIndex="0,0"/>
<celldesigner:reactantLink alias="a12" reactant="s13" targetLineIndex="0,0"/>
<celldesigner:reactantLink alias="a11" reactant="s12" targetLineIndex="0,0"/>
<celldesigner:reactantLink alias="a19" reactant="s19" targetLineIndex="0,0"/>
</celldesigner:listOfReactantLinks>
<celldesigner:editPoints>0.3333333333333335,1.942890293094024E-16 0.6666666666666665,3.0531133177191805E-16 0.3333333333333335,8.881784197001252E-16 0.6666666666666665,0.0 0.3333333333333335,0.0 0.6666666666666665,4.440892098500626E-16 0.05454378822206307,0.41576266793224903</celldesigner:editPoints>
</annotation>
<listOfReactants>
<speciesReference species="s84">
<annotation>
<celldesigner:alias>a46</celldesigner:alias>
</annotation>
</speciesReference>
<speciesReference species="s75">
<annotation>
<celldesigner:alias>a98</celldesigner:alias>
</annotation>
</speciesReference>
<speciesReference species="s7">
<annotation>
<celldesigner:alias>a102</celldesigner:alias>
</annotation>
</speciesReference>
<speciesReference species="s10">
<annotation>
<celldesigner:alias>a9</celldesigner:alias>
</annotation>
</speciesReference>
<speciesReference species="s9">
<annotation>
<celldesigner:alias>a8</celldesigner:alias>
</annotation>
</speciesReference>
<speciesReference species="s13">
<annotation>
<celldesigner:alias>a12</celldesigner:alias>
</annotation>
</speciesReference>
<speciesReference species="s12">
<annotation>
<celldesigner:alias>a11</celldesigner:alias>
</annotation>
</speciesReference>
<speciesReference species="s19">
<annotation>
<celldesigner:alias>a19</celldesigner:alias>
</annotation>
</speciesReference>
</listOfReactants>
<listOfProducts>
<speciesReference species="s74">
<annotation>
<celldesigner:alias>a95</celldesigner:alias>
</annotation>
</speciesReference>
</listOfProducts>
</reaction>
</listOfReactions>
</model>
</sbml>
