<?xml version="1.0" encoding="UTF-8"?>
<!-- Terms and Conditions -->
<!-- 
Copyright (C)) 2005 Applied Biosystems.  
This file may be copied and redistributed freely, without advance permission, 
provided that this Copyright statement is reproduced with each copy.  
 
LIMITATION OF WARRANTY 
NOTHING IN THIS AGREEMENT WILL BE CONSTRUED AS A REPRESENTATION MADE OR 
WARRANTY GIVEN BY APPLIED BIOSYSTEMS OR ANY THIRD PARTY THAT THE USE OF 
DATA PROVIDED HEREUNDER WILL NOT INFRINGE ANY PATENT, COPYRIGHT, TRADEMARK 
OR OTHER RIGHTS OF ANY THIRD PARTY. DATA IS PROVIDED "AS IS" WITHOUT 
WARRANTY OF ANY KIND WHATSOEVER, EXPRESS OR IMPLIED, INCLUDING IMPLIED 
WARRANTIES OF MERCHANTABILITY OR FITNESS FOR A PARTICULAR PURPOSE. APPLIED 
BIOSYSTEMS MAKES NO WARRANTY THAT ITS DATA DOES NOT CONTAIN ERRORS.
-->

<!-- Created by SBML API 2.0(a17.0) -->
<sbml level="1" version="2" xmlns="http://www.sbml.org/sbml/level1" xmlns:celldesigner="http://www.sbml.org/2001/ns/celldesigner">
<model name="Interferon_minus__gamma__space_signaling_space_pathway">
<notes>
<html xmlns="http://www.w3.org/1999/xhtml">
<!--Notes by CellDesigner-->
<body>
<![CDATA[
The interferon-gamma signaling pathway modulates the antiproliferative and antiviral properties of interferon-gamma.  Signal transduction from the membrane to the nucleus is rapid and direct.  The main signaling pathway involves the activation of STAT1 by the Jak family of tyrosine kinases at the cell membrane, followed by release, dimerization, and translocation of STAT1 to the nucleus, where they transcriptional induce expression of many gene products.
Medline=11929133
Medline=14525967 
]]>
</body>
</html>
</notes>
<annotation>
<celldesigner:modelVersion>2.2</celldesigner:modelVersion>
<celldesigner:modelDisplay sizeX="1800" sizeY="800"/>
<celldesigner:listOfCompartmentAliases>
<celldesigner:compartmentAlias compartment="c1" id="ca1">
<celldesigner:class>SQUARE_CLOSEUP_NORTHWEST</celldesigner:class>
<celldesigner:point x="578.0" y="517.0"/>
<celldesigner:doubleLine innerWidth="1.0" outerWidth="2.0" thickness="12.0"/>
<celldesigner:paint color="ffcccc00" scheme="Color"/>
</celldesigner:compartmentAlias>
<celldesigner:compartmentAlias compartment="c2" id="ca2">
<celldesigner:class>SQUARE_CLOSEUP_NORTH</celldesigner:class>
<celldesigner:point x="87.0" y="128.0"/>
<celldesigner:doubleLine innerWidth="1.0" outerWidth="2.0" thickness="12.0"/>
<celldesigner:paint color="ffcccc00" scheme="Color"/>
</celldesigner:compartmentAlias>
</celldesigner:listOfCompartmentAliases>
<celldesigner:listOfSpeciesAliases>
<celldesigner:speciesAlias compartmentAlias="ca2" id="a6" species="s4">
<celldesigner:activity>inactive</celldesigner:activity>
<celldesigner:bounds h="54.0" w="90.0" x="151.0" y="614.0"/>
<celldesigner:singleLine width="1.0"/>
<celldesigner:paint color="ffccffcc" scheme="Color"/>
</celldesigner:speciesAlias>
<celldesigner:speciesAlias compartmentAlias="ca2" id="a7" species="s6">
<celldesigner:activity>inactive</celldesigner:activity>
<celldesigner:bounds h="54.0" w="90.0" x="409.0" y="635.0"/>
<celldesigner:singleLine width="1.0"/>
<celldesigner:paint color="ffccffcc" scheme="Color"/>
</celldesigner:speciesAlias>
<celldesigner:speciesAlias compartmentAlias="ca2" id="a28" species="s21">
<celldesigner:activity>inactive</celldesigner:activity>
<celldesigner:bounds h="54.0" w="90.0" x="783.0" y="281.5"/>
<celldesigner:singleLine width="1.0"/>
<celldesigner:paint color="ffccffcc" scheme="Color"/>
</celldesigner:speciesAlias>
<celldesigner:speciesAlias compartmentAlias="ca1" id="a35" species="s17">
<celldesigner:activity>inactive</celldesigner:activity>
<celldesigner:bounds h="43.0" w="130.0" x="1138.0" y="734.0"/>
<celldesigner:singleLine width="1.0"/>
<celldesigner:paint color="ffcc99ff" scheme="Color"/>
</celldesigner:speciesAlias>
<celldesigner:speciesAlias compartmentAlias="ca2" id="a43" species="s23">
<celldesigner:activity>inactive</celldesigner:activity>
<celldesigner:bounds h="54.0" w="72.0" x="31.0" y="105.0"/>
<celldesigner:singleLine width="1.0"/>
<celldesigner:paint color="ffffffcc" scheme="Color"/>
</celldesigner:speciesAlias>
<celldesigner:speciesAlias compartmentAlias="ca2" id="a44" species="s24">
<celldesigner:activity>inactive</celldesigner:activity>
<celldesigner:bounds h="54.0" w="72.0" x="117.0" y="107.0"/>
<celldesigner:singleLine width="1.0"/>
<celldesigner:paint color="ffffffcc" scheme="Color"/>
</celldesigner:speciesAlias>
<celldesigner:speciesAlias compartmentAlias="ca2" id="a61" species="s39">
<celldesigner:activity>inactive</celldesigner:activity>
<celldesigner:bounds h="54.0" w="90.0" x="228.0" y="380.0"/>
<celldesigner:singleLine width="1.0"/>
<celldesigner:paint color="ffccffcc" scheme="Color"/>
</celldesigner:speciesAlias>
<celldesigner:speciesAlias compartmentAlias="ca2" id="a63" species="s40">
<celldesigner:activity>inactive</celldesigner:activity>
<celldesigner:bounds h="54.0" w="90.0" x="235.0" y="454.0"/>
<celldesigner:singleLine width="1.0"/>
<celldesigner:paint color="ffccffcc" scheme="Color"/>
</celldesigner:speciesAlias>
<celldesigner:speciesAlias compartmentAlias="ca2" id="a65" species="s42">
<celldesigner:activity>inactive</celldesigner:activity>
<celldesigner:bounds h="54.0" w="90.0" x="1011.0" y="258.0"/>
<celldesigner:singleLine width="1.0"/>
<celldesigner:paint color="ffccffcc" scheme="Color"/>
</celldesigner:speciesAlias>
<celldesigner:speciesAlias compartmentAlias="ca1" id="a73" species="s49">
<celldesigner:activity>inactive</celldesigner:activity>
<celldesigner:bounds h="54.0" w="90.0" x="668.5" y="573.0"/>
<celldesigner:singleLine width="1.0"/>
<celldesigner:paint color="ffccffcc" scheme="Color"/>
</celldesigner:speciesAlias>
<celldesigner:speciesAlias compartmentAlias="ca1" id="a74" species="s49">
<celldesigner:activity>inactive</celldesigner:activity>
<celldesigner:bounds h="54.0" w="90.0" x="676.5" y="684.0"/>
<celldesigner:singleLine width="1.0"/>
<celldesigner:paint color="ffccffcc" scheme="Color"/>
</celldesigner:speciesAlias>
<celldesigner:speciesAlias compartmentAlias="ca1" id="a75" species="s50">
<celldesigner:activity>inactive</celldesigner:activity>
<celldesigner:bounds h="54.0" w="90.0" x="839.0" y="544.0"/>
<celldesigner:singleLine width="1.0"/>
<celldesigner:paint color="ffccffcc" scheme="Color"/>
</celldesigner:speciesAlias>
<celldesigner:speciesAlias compartmentAlias="ca2" id="a77" species="s52">
<celldesigner:activity>inactive</celldesigner:activity>
<celldesigner:bounds h="22.0" w="72.0" x="79.0" y="518.0"/>
<celldesigner:singleLine width="1.0"/>
<celldesigner:paint color="ffccff66" scheme="Color"/>
</celldesigner:speciesAlias>
<celldesigner:speciesAlias compartmentAlias="ca2" id="a78" species="s53">
<celldesigner:activity>inactive</celldesigner:activity>
<celldesigner:bounds h="22.0" w="72.0" x="60.0" y="425.0"/>
<celldesigner:singleLine width="1.0"/>
<celldesigner:paint color="ffccff66" scheme="Color"/>
</celldesigner:speciesAlias>
<celldesigner:speciesAlias compartmentAlias="ca2" id="a80" species="s56">
<celldesigner:activity>inactive</celldesigner:activity>
<celldesigner:bounds h="22.0" w="72.0" x="282.0" y="600.0"/>
<celldesigner:singleLine width="1.0"/>
<celldesigner:paint color="ffccff66" scheme="Color"/>
</celldesigner:speciesAlias>
<celldesigner:speciesAlias compartmentAlias="ca2" id="a83" species="s60">
<celldesigner:activity>inactive</celldesigner:activity>
<celldesigner:bounds h="22.0" w="72.0" x="897.0" y="294.0"/>
<celldesigner:singleLine width="1.0"/>
<celldesigner:paint color="ffccff66" scheme="Color"/>
</celldesigner:speciesAlias>
<celldesigner:speciesAlias compartmentAlias="ca2" id="a84" species="s61">
<celldesigner:activity>inactive</celldesigner:activity>
<celldesigner:bounds h="22.0" w="72.0" x="976.0" y="193.0"/>
<celldesigner:singleLine width="1.0"/>
<celldesigner:paint color="ffccff66" scheme="Color"/>
</celldesigner:speciesAlias>
<celldesigner:speciesAlias compartmentAlias="ca1" id="a87" species="s57">
<celldesigner:activity>inactive</celldesigner:activity>
<celldesigner:bounds h="22.0" w="72.0" x="789.0" y="693.0"/>
<celldesigner:singleLine width="1.0"/>
<celldesigner:paint color="ffccff66" scheme="Color"/>
</celldesigner:speciesAlias>
<celldesigner:speciesAlias compartmentAlias="ca2" id="a90" species="s58">
<celldesigner:activity>active</celldesigner:activity>
<celldesigner:bounds h="60.0" w="96.0" x="1142.0" y="400.47626025670706"/>
<celldesigner:singleLine width="1.0"/>
<celldesigner:paint color="ffccffcc" scheme="Color"/>
</celldesigner:speciesAlias>
<celldesigner:speciesAlias compartmentAlias="ca1" id="a91" species="s59">
<celldesigner:activity>active</celldesigner:activity>
<celldesigner:bounds h="60.0" w="96.0" x="1138.5" y="601.0"/>
<celldesigner:singleLine width="1.0"/>
<celldesigner:paint color="ffccffcc" scheme="Color"/>
</celldesigner:speciesAlias>
<celldesigner:speciesAlias compartmentAlias="ca2" id="a92" species="s64">
<celldesigner:activity>active</celldesigner:activity>
<celldesigner:bounds h="54.0" w="90.0" x="154.5" y="255.36013112880482"/>
<celldesigner:singleLine width="1.0"/>
<celldesigner:paint color="ffccffcc" scheme="Color"/>
</celldesigner:speciesAlias>
<celldesigner:speciesAlias compartmentAlias="ca2" id="a93" species="s65">
<celldesigner:activity>active</celldesigner:activity>
<celldesigner:bounds h="54.0" w="90.0" x="415.0" y="272.79747948658587"/>
<celldesigner:singleLine width="1.0"/>
<celldesigner:paint color="ffccffcc" scheme="Color"/>
</celldesigner:speciesAlias>
<celldesigner:speciesAlias compartmentAlias="ca1" id="a94" species="s66">
<celldesigner:activity>inactive</celldesigner:activity>
<celldesigner:bounds h="54.0" w="90.0" x="913.0" y="703.0"/>
<celldesigner:singleLine width="1.0"/>
<celldesigner:paint color="ffccffcc" scheme="Color"/>
</celldesigner:speciesAlias>
<celldesigner:speciesAlias id="a100" species="s70">
<celldesigner:activity>inactive</celldesigner:activity>
<celldesigner:bounds h="22.0" w="72.0" x="389.5" y="97.0"/>
<celldesigner:singleLine width="1.0"/>
<celldesigner:paint color="ffccff66" scheme="Color"/>
</celldesigner:speciesAlias>
<celldesigner:speciesAlias id="a101" species="s71">
<celldesigner:activity>inactive</celldesigner:activity>
<celldesigner:bounds h="22.0" w="72.0" x="479.5" y="91.0"/>
<celldesigner:singleLine width="1.0"/>
<celldesigner:paint color="ffccff66" scheme="Color"/>
</celldesigner:speciesAlias>
<celldesigner:speciesAlias id="a105" species="s73">
<celldesigner:activity>inactive</celldesigner:activity>
<celldesigner:bounds h="54.0" w="90.0" x="119.0" y="14.0"/>
<celldesigner:singleLine width="1.0"/>
<celldesigner:paint color="ffccffcc" scheme="Color"/>
</celldesigner:speciesAlias>
<celldesigner:speciesAlias compartmentAlias="ca2" id="a112" species="s75">
<celldesigner:activity>inactive</celldesigner:activity>
<celldesigner:listOfInnerAliases>
<celldesigner:innerAlias heterodimerEntry="inner0">
<celldesigner:activity>inactive</celldesigner:activity>
<celldesigner:bounds h="54.0" w="72.0" x="259.5" y="116.0"/>
<celldesigner:singleLine width="1.0"/>
<celldesigner:paint color="ffffffcc" scheme="Color"/>
</celldesigner:innerAlias>
<celldesigner:innerAlias heterodimerEntry="inner1">
<celldesigner:activity>inactive</celldesigner:activity>
<celldesigner:bounds h="54.0" w="72.0" x="331.5" y="116.0"/>
<celldesigner:singleLine width="1.0"/>
<celldesigner:paint color="ffffffcc" scheme="Color"/>
</celldesigner:innerAlias>
<celldesigner:innerAlias heterodimerEntry="inner2">
<celldesigner:activity>inactive</celldesigner:activity>
<celldesigner:bounds h="54.0" w="90.0" x="287.44642857142986" y="63.0"/>
<celldesigner:singleLine width="1.0"/>
<celldesigner:paint color="ffccffcc" scheme="Color"/>
</celldesigner:innerAlias>
</celldesigner:listOfInnerAliases>
</celldesigner:speciesAlias>
<celldesigner:speciesAlias compartmentAlias="ca2" id="a119" species="s81">
<celldesigner:activity>inactive</celldesigner:activity>
<celldesigner:listOfInnerAliases>
<celldesigner:innerAlias heterodimerEntry="inner0">
<celldesigner:activity>inactive</celldesigner:activity>
<celldesigner:bounds h="54.0" w="72.0" x="1121.0" y="107.0394736842104"/>
<celldesigner:singleLine width="1.0"/>
<celldesigner:paint color="ffffffcc" scheme="Color"/>
</celldesigner:innerAlias>
<celldesigner:innerAlias heterodimerEntry="inner1">
<celldesigner:activity>inactive</celldesigner:activity>
<celldesigner:bounds h="54.0" w="72.0" x="1193.0" y="107.0394736842104"/>
<celldesigner:singleLine width="1.0"/>
<celldesigner:paint color="ffffffcc" scheme="Color"/>
</celldesigner:innerAlias>
<celldesigner:innerAlias heterodimerEntry="inner2">
<celldesigner:activity>inactive</celldesigner:activity>
<celldesigner:bounds h="54.0" w="90.0" x="1151.252133794692" y="54.03947368421041"/>
<celldesigner:singleLine width="1.0"/>
<celldesigner:paint color="ffccffcc" scheme="Color"/>
</celldesigner:innerAlias>
<celldesigner:innerAlias heterodimerEntry="inner3">
<celldesigner:activity>active</celldesigner:activity>
<celldesigner:bounds h="54.0" w="90.0" x="1148.0" y="154.5394736842104"/>
<celldesigner:singleLine width="1.0"/>
<celldesigner:paint color="ffccffcc" scheme="Color"/>
</celldesigner:innerAlias>
<celldesigner:innerAlias heterodimerEntry="inner4">
<celldesigner:activity>active</celldesigner:activity>
<celldesigner:bounds h="54.0" w="90.0" x="1027.0" y="120.21567063439353"/>
<celldesigner:singleLine width="1.0"/>
<celldesigner:paint color="ffccffcc" scheme="Color"/>
</celldesigner:innerAlias>
<celldesigner:innerAlias heterodimerEntry="inner5">
<celldesigner:activity>active</celldesigner:activity>
<celldesigner:bounds h="54.0" w="90.0" x="1260.0" y="135.4060756877992"/>
<celldesigner:singleLine width="1.0"/>
<celldesigner:paint color="ffccffcc" scheme="Color"/>
</celldesigner:innerAlias>
</celldesigner:listOfInnerAliases>
</celldesigner:speciesAlias>
<celldesigner:speciesAlias compartmentAlias="ca2" id="a135" species="s94">
<celldesigner:activity>inactive</celldesigner:activity>
<celldesigner:listOfInnerAliases>
<celldesigner:innerAlias heterodimerEntry="inner0">
<celldesigner:activity>inactive</celldesigner:activity>
<celldesigner:bounds h="54.0" w="72.0" x="1530.25" y="92.125"/>
<celldesigner:singleLine width="1.0"/>
<celldesigner:paint color="ffffffcc" scheme="Color"/>
</celldesigner:innerAlias>
<celldesigner:innerAlias heterodimerEntry="inner1">
<celldesigner:activity>inactive</celldesigner:activity>
<celldesigner:bounds h="54.0" w="72.0" x="1602.25" y="94.07094594594628"/>
<celldesigner:singleLine width="1.0"/>
<celldesigner:paint color="ffffffcc" scheme="Color"/>
</celldesigner:innerAlias>
<celldesigner:innerAlias heterodimerEntry="inner2">
<celldesigner:activity>inactive</celldesigner:activity>
<celldesigner:bounds h="54.0" w="90.0" x="1557.1396009045893" y="40.09797297297314"/>
<celldesigner:singleLine width="1.0"/>
<celldesigner:paint color="ffccffcc" scheme="Color"/>
</celldesigner:innerAlias>
<celldesigner:innerAlias heterodimerEntry="inner3">
<celldesigner:activity>active</celldesigner:activity>
<celldesigner:bounds h="54.0" w="90.0" x="1436.25" y="125.16923620937013"/>
<celldesigner:singleLine width="1.0"/>
<celldesigner:paint color="ffccffcc" scheme="Color"/>
</celldesigner:innerAlias>
<celldesigner:innerAlias heterodimerEntry="inner4">
<celldesigner:activity>active</celldesigner:activity>
<celldesigner:bounds h="54.0" w="90.0" x="1670.25" y="126.08389477345327"/>
<celldesigner:singleLine width="1.0"/>
<celldesigner:paint color="ffccffcc" scheme="Color"/>
</celldesigner:innerAlias>
</celldesigner:listOfInnerAliases>
</celldesigner:speciesAlias>
<celldesigner:speciesAlias compartmentAlias="ca2" id="a136" species="s94">
<celldesigner:activity>inactive</celldesigner:activity>
<celldesigner:listOfInnerAliases>
<celldesigner:innerAlias heterodimerEntry="inner0">
<celldesigner:activity>inactive</celldesigner:activity>
<celldesigner:bounds h="54.0" w="72.0" x="633.3749999999998" y="98.82200971468882"/>
<celldesigner:singleLine width="1.0"/>
<celldesigner:paint color="ffffffcc" scheme="Color"/>
</celldesigner:innerAlias>
<celldesigner:innerAlias heterodimerEntry="inner1">
<celldesigner:activity>inactive</celldesigner:activity>
<celldesigner:bounds h="54.0" w="72.0" x="705.3749999999998" y="94.98200971468822"/>
<celldesigner:singleLine width="1.0"/>
<celldesigner:paint color="ffffffcc" scheme="Color"/>
</celldesigner:innerAlias>
<celldesigner:innerAlias heterodimerEntry="inner2">
<celldesigner:activity>inactive</celldesigner:activity>
<celldesigner:bounds h="54.0" w="90.0" x="660.2522802942437" y="40.90200971468852"/>
<celldesigner:singleLine width="1.0"/>
<celldesigner:paint color="ffccffcc" scheme="Color"/>
</celldesigner:innerAlias>
<celldesigner:innerAlias heterodimerEntry="inner3">
<celldesigner:activity>active</celldesigner:activity>
<celldesigner:bounds h="54.0" w="90.0" x="539.3749999999998" y="131.81825254292107"/>
<celldesigner:singleLine width="1.0"/>
<celldesigner:paint color="ffccffcc" scheme="Color"/>
</celldesigner:innerAlias>
<celldesigner:innerAlias heterodimerEntry="inner4">
<celldesigner:activity>active</celldesigner:activity>
<celldesigner:bounds h="54.0" w="90.0" x="769.3749999999998" y="127.8505237775791"/>
<celldesigner:singleLine width="1.0"/>
<celldesigner:paint color="ffccffcc" scheme="Color"/>
</celldesigner:innerAlias>
</celldesigner:listOfInnerAliases>
</celldesigner:speciesAlias>
<celldesigner:speciesAlias compartmentAlias="ca2" id="a137" species="s53">
<celldesigner:activity>inactive</celldesigner:activity>
<celldesigner:bounds h="22.0" w="72.0" x="518.9999999999998" y="423.0"/>
<celldesigner:singleLine width="1.0"/>
<celldesigner:paint color="ffccff66" scheme="Color"/>
</celldesigner:speciesAlias>
<celldesigner:speciesAlias compartmentAlias="ca2" id="a138" species="s52">
<celldesigner:activity>inactive</celldesigner:activity>
<celldesigner:bounds h="22.0" w="72.0" x="500.9999999999998" y="516.0"/>
<celldesigner:singleLine width="1.0"/>
<celldesigner:paint color="ffccff66" scheme="Color"/>
</celldesigner:speciesAlias>
</celldesigner:listOfSpeciesAliases>
<celldesigner:listOfGroups/>
<celldesigner:listOfProteins>
<celldesigner:protein id="p3" name="Jak2" type="GENERIC">
<celldesigner:listOfModificationResidues>
<celldesigner:modificationResidue angle="3.82" id="rs1"/>
</celldesigner:listOfModificationResidues>
</celldesigner:protein>
<celldesigner:protein id="p2" name="Jak1" type="GENERIC">
<celldesigner:listOfModificationResidues>
<celldesigner:modificationResidue angle="3.68" id="rs1"/>
</celldesigner:listOfModificationResidues>
</celldesigner:protein>
<celldesigner:protein id="p6" name="IFNGR2" type="RECEPTOR">
<celldesigner:listOfModificationResidues>
<celldesigner:modificationResidue angle="3.9136582736930956" id="rs1"/>
</celldesigner:listOfModificationResidues>
</celldesigner:protein>
<celldesigner:protein id="p5" name="IFNGR1" type="RECEPTOR">
<celldesigner:listOfModificationResidues>
<celldesigner:modificationResidue angle="5.464466147903891" id="rs1"/>
</celldesigner:listOfModificationResidues>
</celldesigner:protein>
<celldesigner:protein id="p7" name="SOCS" type="GENERIC"/>
<celldesigner:protein id="p8" name="PTP" type="GENERIC"/>
<celldesigner:protein id="p9" name="Serine kinase" type="GENERIC"/>
<celldesigner:protein id="p10" name="PIAS" type="GENERIC"/>
<celldesigner:protein id="p4" name="STAT1" type="GENERIC">
<celldesigner:listOfModificationResidues>
<celldesigner:modificationResidue angle="3.14" id="rs1" name="Y701"/>
<celldesigner:modificationResidue angle="3.44" id="rs2" name="S727"/>
</celldesigner:listOfModificationResidues>
</celldesigner:protein>
<celldesigner:protein id="p11" name="Interferon_gamma_" type="GENERIC"/>
</celldesigner:listOfProteins>
<celldesigner:listOfBlockDiagrams/>
</annotation>
<listOfCompartments>
<compartment name="default" volume="1.0"/>
<compartment name="c1" outside="c2" volume="1.0">
<annotation>
<celldesigner:name>nucleus</celldesigner:name>
</annotation>
</compartment>
<compartment name="c2" outside="default" volume="1.0">
<annotation>
<celldesigner:name>Membrane</celldesigner:name>
</annotation>
</compartment>
</listOfCompartments>
<listOfSpecies>
<species compartment="c2" initialAmount="0.0" name="s6">
<notes>
<html xmlns="http://www.w3.org/1999/xhtml">
<!--Notes by CellDesigner-->
<body>
Long Name:  Janus kinase 2
Synonym:  Jak2
Accession:  P00952
</body>
</html>
</notes>
<annotation>
<celldesigner:positionToCompartment>inside</celldesigner:positionToCompartment>
<celldesigner:speciesIdentity>
<celldesigner:class>PROTEIN</celldesigner:class>
<celldesigner:proteinReference>p3</celldesigner:proteinReference>
</celldesigner:speciesIdentity>
<celldesigner:listOfCatalyzedReactions>
<celldesigner:catalyzed reaction="r32"/>
</celldesigner:listOfCatalyzedReactions>
</annotation>
</species>
<species compartment="c2" initialAmount="0.0" name="s4">
<notes>
<html xmlns="http://www.w3.org/1999/xhtml">
<!--Notes by CellDesigner-->
<body>
Long Name:  Janus kinase 1
Synonym:  Jak1
Accession:  P00953
</body>
</html>
</notes>
<annotation>
<celldesigner:positionToCompartment>inside</celldesigner:positionToCompartment>
<celldesigner:speciesIdentity>
<celldesigner:class>PROTEIN</celldesigner:class>
<celldesigner:proteinReference>p2</celldesigner:proteinReference>
</celldesigner:speciesIdentity>
<celldesigner:listOfCatalyzedReactions>
<celldesigner:catalyzed reaction="r33"/>
</celldesigner:listOfCatalyzedReactions>
</annotation>
</species>
<species compartment="c1" initialAmount="0.0" name="s17">
<notes>
<html xmlns="http://www.w3.org/1999/xhtml">
<!--Notes by CellDesigner-->
<body>
Long Name:  antiviral genes include dsRNA-dependent protein kinase (PKR), 2-5A synthetase, and Mx protein family
Synonym:  Synonym not specified
Accession:  U02420
</body>
</html>
</notes>
<annotation>
<celldesigner:positionToCompartment>inside</celldesigner:positionToCompartment>
<celldesigner:speciesIdentity>
<celldesigner:class>PHENOTYPE</celldesigner:class>
<celldesigner:name>Gene transcription</celldesigner:name>
</celldesigner:speciesIdentity>
</annotation>
</species>
<species compartment="c2" initialAmount="0.0" name="s24">
<notes>
<html xmlns="http://www.w3.org/1999/xhtml">
<!--Notes by CellDesigner-->
<body>
Long Name:  IFNGR2
Synonym:  Synonym not specified
Accession:  P00957
</body>
</html>
</notes>
<annotation>
<celldesigner:positionToCompartment>transmembrane</celldesigner:positionToCompartment>
<celldesigner:speciesIdentity>
<celldesigner:class>PROTEIN</celldesigner:class>
<celldesigner:proteinReference>p6</celldesigner:proteinReference>
</celldesigner:speciesIdentity>
</annotation>
</species>
<species compartment="c2" initialAmount="0.0" name="s23">
<notes>
<html xmlns="http://www.w3.org/1999/xhtml">
<!--Notes by CellDesigner-->
<body>
Long Name:  IFNGR1
Synonym:  Synonym not specified
Accession:  P00959
</body>
</html>
</notes>
<annotation>
<celldesigner:positionToCompartment>transmembrane</celldesigner:positionToCompartment>
<celldesigner:speciesIdentity>
<celldesigner:class>PROTEIN</celldesigner:class>
<celldesigner:proteinReference>p5</celldesigner:proteinReference>
</celldesigner:speciesIdentity>
</annotation>
</species>
<species compartment="c2" initialAmount="0.0" name="s39">
<notes>
<html xmlns="http://www.w3.org/1999/xhtml">
<!--Notes by CellDesigner-->
<body>
Long Name:  Suppressor of cytokine signaling
Synonym:  CIS,SOCS
Accession:  P00956
</body>
</html>
</notes>
<annotation>
<celldesigner:positionToCompartment>inside</celldesigner:positionToCompartment>
<celldesigner:speciesIdentity>
<celldesigner:class>PROTEIN</celldesigner:class>
<celldesigner:proteinReference>p7</celldesigner:proteinReference>
</celldesigner:speciesIdentity>
<celldesigner:listOfCatalyzedReactions>
<celldesigner:catalyzed reaction="r32"/>
<celldesigner:catalyzed reaction="r33"/>
</celldesigner:listOfCatalyzedReactions>
</annotation>
</species>
<species compartment="c2" initialAmount="0.0" name="s40">
<notes>
<html xmlns="http://www.w3.org/1999/xhtml">
<!--Notes by CellDesigner-->
<body>
Long Name:  protein tyrosine phosphatase
Synonym:  PTP
Accession:  P00960
</body>
</html>
</notes>
<annotation>
<celldesigner:positionToCompartment>inside</celldesigner:positionToCompartment>
<celldesigner:speciesIdentity>
<celldesigner:class>PROTEIN</celldesigner:class>
<celldesigner:proteinReference>p8</celldesigner:proteinReference>
</celldesigner:speciesIdentity>
<celldesigner:listOfCatalyzedReactions>
<celldesigner:catalyzed reaction="r35"/>
<celldesigner:catalyzed reaction="r36"/>
</celldesigner:listOfCatalyzedReactions>
</annotation>
</species>
<species compartment="c2" initialAmount="0.0" name="s42">
<notes>
<html xmlns="http://www.w3.org/1999/xhtml">
<!--Notes by CellDesigner-->
<body>
Long Name:  Serine kinase
Synonym:  Synonym not specified
Accession:  P00955
</body>
</html>
</notes>
<annotation>
<celldesigner:positionToCompartment>inside</celldesigner:positionToCompartment>
<celldesigner:speciesIdentity>
<celldesigner:class>PROTEIN</celldesigner:class>
<celldesigner:proteinReference>p9</celldesigner:proteinReference>
</celldesigner:speciesIdentity>
<celldesigner:listOfCatalyzedReactions>
<celldesigner:catalyzed reaction="r51"/>
</celldesigner:listOfCatalyzedReactions>
</annotation>
</species>
<species compartment="c1" initialAmount="0.0" name="s50">
<notes>
<html xmlns="http://www.w3.org/1999/xhtml">
<!--Notes by CellDesigner-->
<body>
Long Name:  Protein inhibitors of activated STATs
Synonym:  PIAS
Accession:  P00958
</body>
</html>
</notes>
<annotation>
<celldesigner:positionToCompartment>inside</celldesigner:positionToCompartment>
<celldesigner:speciesIdentity>
<celldesigner:class>PROTEIN</celldesigner:class>
<celldesigner:proteinReference>p10</celldesigner:proteinReference>
</celldesigner:speciesIdentity>
<celldesigner:listOfCatalyzedReactions>
<celldesigner:catalyzed reaction="r41"/>
</celldesigner:listOfCatalyzedReactions>
</annotation>
</species>
<species compartment="c2" initialAmount="0.0" name="s52">
<notes>
<html xmlns="http://www.w3.org/1999/xhtml">
<!--Notes by CellDesigner-->
<body>
Long Name:  ATP
Synonym:  Synonym not specified
Accession:  S01741
</body>
</html>
</notes>
<annotation>
<celldesigner:positionToCompartment>inside</celldesigner:positionToCompartment>
<celldesigner:speciesIdentity>
<celldesigner:class>SIMPLE_MOLECULE</celldesigner:class>
<celldesigner:name>ATP</celldesigner:name>
</celldesigner:speciesIdentity>
</annotation>
</species>
<species compartment="c2" initialAmount="0.0" name="s53">
<notes>
<html xmlns="http://www.w3.org/1999/xhtml">
<!--Notes by CellDesigner-->
<body>
Long Name:  ADP
Synonym:  Synonym not specified
Accession:  S01744
</body>
</html>
</notes>
<annotation>
<celldesigner:positionToCompartment>inside</celldesigner:positionToCompartment>
<celldesigner:speciesIdentity>
<celldesigner:class>SIMPLE_MOLECULE</celldesigner:class>
<celldesigner:name>ADP</celldesigner:name>
</celldesigner:speciesIdentity>
</annotation>
</species>
<species compartment="c2" initialAmount="0.0" name="s56">
<notes>
<html xmlns="http://www.w3.org/1999/xhtml">
<!--Notes by CellDesigner-->
<body>
Long Name:  Pi
Synonym:  Synonym not specified
Accession:  S01743
</body>
</html>
</notes>
<annotation>
<celldesigner:positionToCompartment>inside</celldesigner:positionToCompartment>
<celldesigner:speciesIdentity>
<celldesigner:class>SIMPLE_MOLECULE</celldesigner:class>
<celldesigner:name>Pi</celldesigner:name>
</celldesigner:speciesIdentity>
</annotation>
</species>
<species compartment="c1" initialAmount="0.0" name="s57">
<notes>
<html xmlns="http://www.w3.org/1999/xhtml">
<!--Notes by CellDesigner-->
<body>
Long Name:  Pi
Synonym:  Synonym not specified
Accession:  S01743
</body>
</html>
</notes>
<annotation>
<celldesigner:positionToCompartment>inside</celldesigner:positionToCompartment>
<celldesigner:speciesIdentity>
<celldesigner:class>SIMPLE_MOLECULE</celldesigner:class>
<celldesigner:name>Pi</celldesigner:name>
</celldesigner:speciesIdentity>
</annotation>
</species>
<species compartment="c2" initialAmount="0.0" name="s21">
<notes>
<html xmlns="http://www.w3.org/1999/xhtml">
<!--Notes by CellDesigner-->
<body>
Long Name:  Signal transducers and activaotrs of transcription 1
Synonym:  STAT1
Accession:  P00961
</body>
</html>
</notes>
<annotation>
<celldesigner:positionToCompartment>inside</celldesigner:positionToCompartment>
<celldesigner:speciesIdentity>
<celldesigner:class>PROTEIN</celldesigner:class>
<celldesigner:proteinReference>p4</celldesigner:proteinReference>
</celldesigner:speciesIdentity>
</annotation>
</species>
<species compartment="c1" initialAmount="0.0" name="s49">
<notes>
<html xmlns="http://www.w3.org/1999/xhtml">
<!--Notes by CellDesigner-->
<body>
Long Name:  Signal transducers and activaotrs of transcription 1
Synonym:  STAT1
Accession:  P00961
</body>
</html>
</notes>
<annotation>
<celldesigner:positionToCompartment>inside</celldesigner:positionToCompartment>
<celldesigner:speciesIdentity>
<celldesigner:class>PROTEIN</celldesigner:class>
<celldesigner:proteinReference>p4</celldesigner:proteinReference>
</celldesigner:speciesIdentity>
</annotation>
</species>
<species compartment="c2" initialAmount="0.0" name="s58">
<notes>
<html xmlns="http://www.w3.org/1999/xhtml">
<!--Notes by CellDesigner-->
<body>
Long Name:  Signal transducers and activaotrs of transcription 1
Synonym:  STAT1
Accession:  P00961
</body>
</html>
</notes>
<annotation>
<celldesigner:positionToCompartment>inside</celldesigner:positionToCompartment>
<celldesigner:speciesIdentity>
<celldesigner:class>PROTEIN</celldesigner:class>
<celldesigner:proteinReference>p4</celldesigner:proteinReference>
<celldesigner:state>
<celldesigner:homodimer>2</celldesigner:homodimer>
<celldesigner:listOfModifications>
<celldesigner:modification residue="rs1" state="phosphorylated"/>
<celldesigner:modification residue="rs2" state="phosphorylated"/>
</celldesigner:listOfModifications>
</celldesigner:state>
</celldesigner:speciesIdentity>
</annotation>
</species>
<species compartment="c1" initialAmount="0.0" name="s59">
<notes>
<html xmlns="http://www.w3.org/1999/xhtml">
<!--Notes by CellDesigner-->
<body>
Long Name:  Signal transducers and activaotrs of transcription 1
Synonym:  STAT1
Accession:  P00961
</body>
</html>
</notes>
<annotation>
<celldesigner:positionToCompartment>inside</celldesigner:positionToCompartment>
<celldesigner:speciesIdentity>
<celldesigner:class>PROTEIN</celldesigner:class>
<celldesigner:proteinReference>p4</celldesigner:proteinReference>
<celldesigner:state>
<celldesigner:homodimer>2</celldesigner:homodimer>
<celldesigner:listOfModifications>
<celldesigner:modification residue="rs1" state="phosphorylated"/>
<celldesigner:modification residue="rs2" state="phosphorylated"/>
</celldesigner:listOfModifications>
</celldesigner:state>
</celldesigner:speciesIdentity>
</annotation>
</species>
<species compartment="c2" initialAmount="0.0" name="s60">
<notes>
<html xmlns="http://www.w3.org/1999/xhtml">
<!--Notes by CellDesigner-->
<body>
Long Name:  2 ATP
Synonym:  Synonym not specified
Accession:  S01745
</body>
</html>
</notes>
<annotation>
<celldesigner:positionToCompartment>inside</celldesigner:positionToCompartment>
<celldesigner:speciesIdentity>
<celldesigner:class>SIMPLE_MOLECULE</celldesigner:class>
<celldesigner:name>2 ATP</celldesigner:name>
</celldesigner:speciesIdentity>
</annotation>
</species>
<species compartment="c2" initialAmount="0.0" name="s61">
<notes>
<html xmlns="http://www.w3.org/1999/xhtml">
<!--Notes by CellDesigner-->
<body>
Long Name:  2 ADP
Synonym:  Synonym not specified
Accession:  S01742
</body>
</html>
</notes>
<annotation>
<celldesigner:positionToCompartment>inside</celldesigner:positionToCompartment>
<celldesigner:speciesIdentity>
<celldesigner:class>SIMPLE_MOLECULE</celldesigner:class>
<celldesigner:name>2 ADP</celldesigner:name>
</celldesigner:speciesIdentity>
</annotation>
</species>
<species compartment="c2" initialAmount="0.0" name="s64">
<notes>
<html xmlns="http://www.w3.org/1999/xhtml">
<!--Notes by CellDesigner-->
<body>
Long Name:  Janus kinase 1
Synonym:  Jak1
Accession:  P00953
</body>
</html>
</notes>
<annotation>
<celldesigner:positionToCompartment>inside</celldesigner:positionToCompartment>
<celldesigner:speciesIdentity>
<celldesigner:class>PROTEIN</celldesigner:class>
<celldesigner:proteinReference>p2</celldesigner:proteinReference>
<celldesigner:state>
<celldesigner:listOfModifications>
<celldesigner:modification residue="rs1" state="phosphorylated"/>
</celldesigner:listOfModifications>
</celldesigner:state>
</celldesigner:speciesIdentity>
<celldesigner:listOfCatalyzedReactions>
<celldesigner:catalyzed reaction="r48"/>
<celldesigner:catalyzed reaction="r51"/>
</celldesigner:listOfCatalyzedReactions>
</annotation>
</species>
<species compartment="c2" initialAmount="0.0" name="s65">
<notes>
<html xmlns="http://www.w3.org/1999/xhtml">
<!--Notes by CellDesigner-->
<body>
Long Name:  Janus kinase 2
Synonym:  Jak2
Accession:  P00952
</body>
</html>
</notes>
<annotation>
<celldesigner:positionToCompartment>inside</celldesigner:positionToCompartment>
<celldesigner:speciesIdentity>
<celldesigner:class>PROTEIN</celldesigner:class>
<celldesigner:proteinReference>p3</celldesigner:proteinReference>
<celldesigner:state>
<celldesigner:listOfModifications>
<celldesigner:modification residue="rs1" state="phosphorylated"/>
</celldesigner:listOfModifications>
</celldesigner:state>
</celldesigner:speciesIdentity>
<celldesigner:listOfCatalyzedReactions>
<celldesigner:catalyzed reaction="r48"/>
<celldesigner:catalyzed reaction="r51"/>
</celldesigner:listOfCatalyzedReactions>
</annotation>
</species>
<species compartment="c1" initialAmount="0.0" name="s66">
<notes>
<html xmlns="http://www.w3.org/1999/xhtml">
<!--Notes by CellDesigner-->
<body>
Long Name:  protein tyrosine phosphatase
Synonym:  PTP
Accession:  P00960
</body>
</html>
</notes>
<annotation>
<celldesigner:positionToCompartment>inside</celldesigner:positionToCompartment>
<celldesigner:speciesIdentity>
<celldesigner:class>PROTEIN</celldesigner:class>
<celldesigner:proteinReference>p8</celldesigner:proteinReference>
</celldesigner:speciesIdentity>
<celldesigner:listOfCatalyzedReactions>
<celldesigner:catalyzed reaction="r41"/>
</celldesigner:listOfCatalyzedReactions>
</annotation>
</species>
<species compartment="default" initialAmount="0.0" name="s73">
<notes>
<html xmlns="http://www.w3.org/1999/xhtml">
<!--Notes by CellDesigner-->
<body>
Long Name:  Interferongamma
Synonym:  Synonym not specified
Accession:  P00954
</body>
</html>
</notes>
<annotation>
<celldesigner:positionToCompartment>inside</celldesigner:positionToCompartment>
<celldesigner:speciesIdentity>
<celldesigner:class>PROTEIN</celldesigner:class>
<celldesigner:proteinReference>p11</celldesigner:proteinReference>
</celldesigner:speciesIdentity>
</annotation>
</species>
<species compartment="c2" initialAmount="0.0" name="s75">
<notes>
<html xmlns="http://www.w3.org/1999/xhtml">
<!--Notes by CellDesigner-->
<body>
Long Name:  Long Name:  Long name not specified
Synonym:  Synonym not specified
Accession:  U05351
Heterodimer Member Info:  Interferongamma#PROTEIN#Interferongamma#P00954##;IFNGR2#PROTEIN#IFNGR2#P00957##;IFNGR1#PROTEIN#IFNGR1#P00959##
</body>
</html>
</notes>
<annotation>
<celldesigner:positionToCompartment>transmembrane</celldesigner:positionToCompartment>
<celldesigner:heterodimerIdentity>
<celldesigner:listOfHeterodimerEntries>
<celldesigner:heterodimerEntry innerId="inner0" originalSpecies="unknown">
<celldesigner:class>PROTEIN</celldesigner:class>
<celldesigner:proteinReference>p5</celldesigner:proteinReference>
</celldesigner:heterodimerEntry>
<celldesigner:heterodimerEntry innerId="inner1" originalSpecies="unknown">
<celldesigner:class>PROTEIN</celldesigner:class>
<celldesigner:proteinReference>p6</celldesigner:proteinReference>
</celldesigner:heterodimerEntry>
<celldesigner:heterodimerEntry innerId="inner2" originalSpecies="unknown">
<celldesigner:class>PROTEIN</celldesigner:class>
<celldesigner:proteinReference>p11</celldesigner:proteinReference>
</celldesigner:heterodimerEntry>
</celldesigner:listOfHeterodimerEntries>
</celldesigner:heterodimerIdentity>
</annotation>
</species>
<species compartment="c2" initialAmount="0.0" name="s81">
<notes>
<html xmlns="http://www.w3.org/1999/xhtml">
<!--Notes by CellDesigner-->
<body>
Long Name:  Long Name:  Long name not specified
Synonym:  Synonym not specified
Accession:  U05352
Heterodimer Member Info:  Jak2#PROTEIN#Janus kinase 2#P00952#Jak2#;Jak1#PROTEIN#Janus kinase 1#P00953#Jak1#;Interferongamma#PROTEIN#Interferongamma#P00954##;IFNGR2#PROTEIN#IFNGR2#P00957##;IFNGR1#PROTEIN#IFNGR1#P00959##;STAT1#PROTEIN#Signal transducers and activaotrs of transcription 1#P00961#STAT1#
</body>
</html>
</notes>
<annotation>
<celldesigner:positionToCompartment>transmembrane</celldesigner:positionToCompartment>
<celldesigner:heterodimerIdentity>
<celldesigner:listOfHeterodimerEntries>
<celldesigner:heterodimerEntry innerId="inner0" originalSpecies="unknown">
<celldesigner:class>PROTEIN</celldesigner:class>
<celldesigner:proteinReference>p5</celldesigner:proteinReference>
<celldesigner:state>
<celldesigner:listOfModifications>
<celldesigner:modification residue="rs1" state="phosphorylated"/>
</celldesigner:listOfModifications>
</celldesigner:state>
</celldesigner:heterodimerEntry>
<celldesigner:heterodimerEntry innerId="inner1" originalSpecies="unknown">
<celldesigner:class>PROTEIN</celldesigner:class>
<celldesigner:proteinReference>p6</celldesigner:proteinReference>
<celldesigner:state>
<celldesigner:listOfModifications>
<celldesigner:modification residue="rs1" state="phosphorylated"/>
</celldesigner:listOfModifications>
</celldesigner:state>
</celldesigner:heterodimerEntry>
<celldesigner:heterodimerEntry innerId="inner2" originalSpecies="unknown">
<celldesigner:class>PROTEIN</celldesigner:class>
<celldesigner:proteinReference>p11</celldesigner:proteinReference>
</celldesigner:heterodimerEntry>
<celldesigner:heterodimerEntry innerId="inner3" originalSpecies="unknown">
<celldesigner:class>PROTEIN</celldesigner:class>
<celldesigner:proteinReference>p4</celldesigner:proteinReference>
<celldesigner:state>
<celldesigner:listOfModifications>
<celldesigner:modification residue="rs1" state="phosphorylated"/>
<celldesigner:modification residue="rs2" state="phosphorylated"/>
</celldesigner:listOfModifications>
</celldesigner:state>
</celldesigner:heterodimerEntry>
<celldesigner:heterodimerEntry innerId="inner4" originalSpecies="unknown">
<celldesigner:class>PROTEIN</celldesigner:class>
<celldesigner:proteinReference>p2</celldesigner:proteinReference>
<celldesigner:state>
<celldesigner:listOfModifications>
<celldesigner:modification residue="rs1" state="phosphorylated"/>
</celldesigner:listOfModifications>
</celldesigner:state>
</celldesigner:heterodimerEntry>
<celldesigner:heterodimerEntry innerId="inner5" originalSpecies="unknown">
<celldesigner:class>PROTEIN</celldesigner:class>
<celldesigner:proteinReference>p3</celldesigner:proteinReference>
<celldesigner:state>
<celldesigner:listOfModifications>
<celldesigner:modification residue="rs1" state="phosphorylated"/>
</celldesigner:listOfModifications>
</celldesigner:state>
</celldesigner:heterodimerEntry>
</celldesigner:listOfHeterodimerEntries>
</celldesigner:heterodimerIdentity>
</annotation>
</species>
<species compartment="default" initialAmount="0.0" name="s71">
<notes>
<html xmlns="http://www.w3.org/1999/xhtml">
<!--Notes by CellDesigner-->
<body>
Long Name:  ADP
Synonym:  Synonym not specified
Accession:  S01744
</body>
</html>
</notes>
<annotation>
<celldesigner:positionToCompartment>inside</celldesigner:positionToCompartment>
<celldesigner:speciesIdentity>
<celldesigner:class>SIMPLE_MOLECULE</celldesigner:class>
<celldesigner:name>ADP</celldesigner:name>
</celldesigner:speciesIdentity>
</annotation>
</species>
<species compartment="default" initialAmount="0.0" name="s70">
<notes>
<html xmlns="http://www.w3.org/1999/xhtml">
<!--Notes by CellDesigner-->
<body>
Long Name:  ATP
Synonym:  Synonym not specified
Accession:  S01741
</body>
</html>
</notes>
<annotation>
<celldesigner:positionToCompartment>inside</celldesigner:positionToCompartment>
<celldesigner:speciesIdentity>
<celldesigner:class>SIMPLE_MOLECULE</celldesigner:class>
<celldesigner:name>ATP</celldesigner:name>
</celldesigner:speciesIdentity>
</annotation>
</species>
<species compartment="c2" initialAmount="0.0" name="s94">
<notes>
<html xmlns="http://www.w3.org/1999/xhtml">
<!--Notes by CellDesigner-->
<body>
Long Name:  Long Name:  Long name not specified
Synonym:  Synonym not specified
Accession:  U05350
Heterodimer Member Info:  Jak2#PROTEIN#Janus kinase 2#P00952#Jak2#;Jak1#PROTEIN#Janus kinase 1#P00953#Jak1#;Interferongamma#PROTEIN#Interferongamma#P00954##;IFNGR2#PROTEIN#IFNGR2#P00957##;IFNGR1#PROTEIN#IFNGR1#P00959##
</body>
</html>
</notes>
<annotation>
<celldesigner:positionToCompartment>transmembrane</celldesigner:positionToCompartment>
<celldesigner:heterodimerIdentity>
<celldesigner:listOfHeterodimerEntries>
<celldesigner:heterodimerEntry innerId="inner0" originalSpecies="unknown">
<celldesigner:class>PROTEIN</celldesigner:class>
<celldesigner:proteinReference>p5</celldesigner:proteinReference>
<celldesigner:state>
<celldesigner:listOfModifications>
<celldesigner:modification residue="rs1" state="phosphorylated"/>
</celldesigner:listOfModifications>
</celldesigner:state>
</celldesigner:heterodimerEntry>
<celldesigner:heterodimerEntry innerId="inner1" originalSpecies="unknown">
<celldesigner:class>PROTEIN</celldesigner:class>
<celldesigner:proteinReference>p6</celldesigner:proteinReference>
<celldesigner:state>
<celldesigner:listOfModifications>
<celldesigner:modification residue="rs1" state="phosphorylated"/>
</celldesigner:listOfModifications>
</celldesigner:state>
</celldesigner:heterodimerEntry>
<celldesigner:heterodimerEntry innerId="inner2" originalSpecies="unknown">
<celldesigner:class>PROTEIN</celldesigner:class>
<celldesigner:proteinReference>p11</celldesigner:proteinReference>
</celldesigner:heterodimerEntry>
<celldesigner:heterodimerEntry innerId="inner3" originalSpecies="unknown">
<celldesigner:class>PROTEIN</celldesigner:class>
<celldesigner:proteinReference>p2</celldesigner:proteinReference>
<celldesigner:state>
<celldesigner:listOfModifications>
<celldesigner:modification residue="rs1" state="phosphorylated"/>
</celldesigner:listOfModifications>
</celldesigner:state>
</celldesigner:heterodimerEntry>
<celldesigner:heterodimerEntry innerId="inner4" originalSpecies="unknown">
<celldesigner:class>PROTEIN</celldesigner:class>
<celldesigner:proteinReference>p3</celldesigner:proteinReference>
<celldesigner:state>
<celldesigner:listOfModifications>
<celldesigner:modification residue="rs1" state="phosphorylated"/>
</celldesigner:listOfModifications>
</celldesigner:state>
</celldesigner:heterodimerEntry>
</celldesigner:listOfHeterodimerEntries>
</celldesigner:heterodimerIdentity>
</annotation>
</species>
</listOfSpecies>
<listOfReactions>
<reaction name="r29" reversible="false">
<annotation>
<celldesigner:reactionType>TRANSPORT</celldesigner:reactionType>
<celldesigner:baseReactants>s58</celldesigner:baseReactants>
<celldesigner:baseProducts>s59</celldesigner:baseProducts>
<celldesigner:editPoints>0.33333333333333326,0.0 0.6666666666666665,0.0</celldesigner:editPoints>
</annotation>
<listOfReactants>
<speciesReference species="s58">
<annotation>
<celldesigner:alias>a90</celldesigner:alias>
</annotation>
</speciesReference>
</listOfReactants>
<listOfProducts>
<speciesReference species="s59">
<annotation>
<celldesigner:alias>a91</celldesigner:alias>
</annotation>
</speciesReference>
</listOfProducts>
</reaction>
<reaction name="r32" reversible="false">
<annotation>
<celldesigner:reactionType>STATE_TRANSITION</celldesigner:reactionType>
<celldesigner:baseReactants>s4</celldesigner:baseReactants>
<celldesigner:baseProducts>s64</celldesigner:baseProducts>
<celldesigner:listOfReactantLinks>
<celldesigner:reactantLink alias="a77" reactant="s52" targetLineIndex="-1,1"/>
</celldesigner:listOfReactantLinks>
<celldesigner:listOfProductLinks>
<celldesigner:productLink alias="a78" product="s53" targetLineIndex="-1,1"/>
</celldesigner:listOfProductLinks>
<celldesigner:offset x="-30.0" y="3.0"/>
<celldesigner:editPoints>0.33333333333333304,0.0 0.6666666666666665,0.0</celldesigner:editPoints>
<celldesigner:listOfModification>
<celldesigner:modification aliases="a7" editPoints="0.3333333333333339,5.551115123125783E-17 0.6666666666666674,-1.6653345369377348E-16" modifiers="s6" targetLineIndex="-1,1" type="CATALYSIS"/>
<celldesigner:modification aliases="a61" editPoints="0.3333333333333328,-4.440892098500626E-16 0.6666666666666663,-4.440892098500626E-16" modifiers="s39" targetLineIndex="-1,2" type="INHIBITION"/>
</celldesigner:listOfModification>
</annotation>
<listOfReactants>
<speciesReference species="s4">
<annotation>
<celldesigner:alias>a6</celldesigner:alias>
</annotation>
</speciesReference>
<speciesReference species="s52">
<annotation>
<celldesigner:alias>a77</celldesigner:alias>
</annotation>
</speciesReference>
</listOfReactants>
<listOfProducts>
<speciesReference species="s64">
<annotation>
<celldesigner:alias>a92</celldesigner:alias>
</annotation>
</speciesReference>
<speciesReference species="s53">
<annotation>
<celldesigner:alias>a78</celldesigner:alias>
</annotation>
</speciesReference>
</listOfProducts>
</reaction>
<reaction name="r33" reversible="false">
<annotation>
<celldesigner:reactionType>STATE_TRANSITION</celldesigner:reactionType>
<celldesigner:baseReactants>s6</celldesigner:baseReactants>
<celldesigner:baseProducts>s65</celldesigner:baseProducts>
<celldesigner:listOfReactantLinks>
<celldesigner:reactantLink alias="a138" reactant="s52" targetLineIndex="-1,1"/>
</celldesigner:listOfReactantLinks>
<celldesigner:listOfProductLinks>
<celldesigner:productLink alias="a137" product="s53" targetLineIndex="-1,1"/>
</celldesigner:listOfProductLinks>
<celldesigner:offset x="18.0" y="-6.0"/>
<celldesigner:editPoints>0.33333333333333304,-2.220446049250313E-16 0.6703658697242689,0.0038395891513598457</celldesigner:editPoints>
<celldesigner:listOfModification>
<celldesigner:modification aliases="a6" editPoints="0.33333333333333337,4.440892098500626E-16 0.6666666666666666,0.0" modifiers="s4" targetLineIndex="-1,1" type="CATALYSIS"/>
<celldesigner:modification aliases="a61" editPoints="0.3333333333333326,0.0 0.6666666666666665,8.881784197001252E-16" modifiers="s39" targetLineIndex="-1,2" type="INHIBITION"/>
</celldesigner:listOfModification>
</annotation>
<listOfReactants>
<speciesReference species="s6">
<annotation>
<celldesigner:alias>a7</celldesigner:alias>
</annotation>
</speciesReference>
<speciesReference species="s52">
<annotation>
<celldesigner:alias>a138</celldesigner:alias>
</annotation>
</speciesReference>
</listOfReactants>
<listOfProducts>
<speciesReference species="s65">
<annotation>
<celldesigner:alias>a93</celldesigner:alias>
</annotation>
</speciesReference>
<speciesReference species="s53">
<annotation>
<celldesigner:alias>a137</celldesigner:alias>
</annotation>
</speciesReference>
</listOfProducts>
</reaction>
<reaction name="r35" reversible="false">
<annotation>
<celldesigner:reactionType>STATE_TRANSITION</celldesigner:reactionType>
<celldesigner:baseReactants>s64</celldesigner:baseReactants>
<celldesigner:baseProducts>s4</celldesigner:baseProducts>
<celldesigner:listOfProductLinks>
<celldesigner:productLink alias="a80" product="s56" targetLineIndex="-1,1"/>
</celldesigner:listOfProductLinks>
<celldesigner:offset x="-4.0" y="9.0"/>
<celldesigner:editPoints>0.33333333333333326,0.0 0.6666666666666665,-2.220446049250313E-16</celldesigner:editPoints>
<celldesigner:listOfModification>
<celldesigner:modification aliases="a63" editPoints="0.33333333333333326,-4.440892098500626E-16 0.6666666666666666,0.0" modifiers="s40" targetLineIndex="-1,1" type="CATALYSIS"/>
</celldesigner:listOfModification>
</annotation>
<listOfReactants>
<speciesReference species="s64">
<annotation>
<celldesigner:alias>a92</celldesigner:alias>
</annotation>
</speciesReference>
</listOfReactants>
<listOfProducts>
<speciesReference species="s4">
<annotation>
<celldesigner:alias>a6</celldesigner:alias>
</annotation>
</speciesReference>
<speciesReference species="s56">
<annotation>
<celldesigner:alias>a80</celldesigner:alias>
</annotation>
</speciesReference>
</listOfProducts>
</reaction>
<reaction name="r36" reversible="false">
<annotation>
<celldesigner:reactionType>STATE_TRANSITION</celldesigner:reactionType>
<celldesigner:baseReactants>s65</celldesigner:baseReactants>
<celldesigner:baseProducts>s6</celldesigner:baseProducts>
<celldesigner:listOfProductLinks>
<celldesigner:productLink alias="a80" product="s56" targetLineIndex="-1,1"/>
</celldesigner:listOfProductLinks>
<celldesigner:offset x="-2.0" y="-2.0"/>
<celldesigner:editPoints>0.3333333333333333,0.0 0.6666666666666667,0.0</celldesigner:editPoints>
<celldesigner:listOfModification>
<celldesigner:modification aliases="a63" editPoints="0.3333333333333334,2.220446049250313E-16 0.6666666666666667,2.220446049250313E-16" modifiers="s40" targetLineIndex="-1,1" type="CATALYSIS"/>
</celldesigner:listOfModification>
</annotation>
<listOfReactants>
<speciesReference species="s65">
<annotation>
<celldesigner:alias>a93</celldesigner:alias>
</annotation>
</speciesReference>
</listOfReactants>
<listOfProducts>
<speciesReference species="s6">
<annotation>
<celldesigner:alias>a7</celldesigner:alias>
</annotation>
</speciesReference>
<speciesReference species="s56">
<annotation>
<celldesigner:alias>a80</celldesigner:alias>
</annotation>
</speciesReference>
</listOfProducts>
</reaction>
<reaction name="r41" reversible="false">
<annotation>
<celldesigner:reactionType>DISSOCIATION</celldesigner:reactionType>
<celldesigner:baseReactants>s59</celldesigner:baseReactants>
<celldesigner:baseProducts>s49,s49</celldesigner:baseProducts>
<celldesigner:listOfProductLinks>
<celldesigner:productLink alias="a87" product="s57" targetLineIndex="0,0"/>
</celldesigner:listOfProductLinks>
<celldesigner:editPoints>0.3333333333333335,1.3322676295501878E-15 0.6666666666666665,2.220446049250313E-15 0.3333333333333348,8.881784197001252E-16 0.6666666666666679,8.881784197001252E-16 0.3333333333333335,0.0 0.6666666666666665,0.0 0.3333333333333339,0.33333333333333215</celldesigner:editPoints>
<celldesigner:listOfModification>
<celldesigner:modification aliases="a75" editPoints="0.3333333333333348,-1.7763568394002505E-15 0.666666666666667,-8.881784197001252E-16" modifiers="s50" targetLineIndex="0,0" type="CATALYSIS"/>
<celldesigner:modification aliases="a94" editPoints="0.3333333333333339,-1.7763568394002505E-15 0.6666666666666661,-8.881784197001252E-16" modifiers="s66" targetLineIndex="0,0" type="CATALYSIS"/>
</celldesigner:listOfModification>
</annotation>
<listOfReactants>
<speciesReference species="s59">
<annotation>
<celldesigner:alias>a91</celldesigner:alias>
</annotation>
</speciesReference>
</listOfReactants>
<listOfProducts>
<speciesReference species="s49">
<annotation>
<celldesigner:alias>a73</celldesigner:alias>
</annotation>
</speciesReference>
<speciesReference species="s49">
<annotation>
<celldesigner:alias>a74</celldesigner:alias>
</annotation>
</speciesReference>
<speciesReference species="s57">
<annotation>
<celldesigner:alias>a87</celldesigner:alias>
</annotation>
</speciesReference>
</listOfProducts>
</reaction>
<reaction name="r42" reversible="false">
<annotation>
<celldesigner:reactionType>TRANSCRIPTIONAL_ACTIVATION</celldesigner:reactionType>
<celldesigner:baseReactants>s59</celldesigner:baseReactants>
<celldesigner:baseProducts>s17</celldesigner:baseProducts>
<celldesigner:editPoints>0.33333333333333304,0.0 0.6666666666666661,-1.3322676295501878E-15</celldesigner:editPoints>
</annotation>
<listOfReactants>
<speciesReference species="s59">
<annotation>
<celldesigner:alias>a91</celldesigner:alias>
</annotation>
</speciesReference>
</listOfReactants>
<listOfProducts>
<speciesReference species="s17">
<annotation>
<celldesigner:alias>a35</celldesigner:alias>
</annotation>
</speciesReference>
</listOfProducts>
</reaction>
<reaction name="r45" reversible="false">
<annotation>
<celldesigner:reactionType>HETERODIMER_ASSOCIATION</celldesigner:reactionType>
<celldesigner:baseReactants>s23,s24</celldesigner:baseReactants>
<celldesigner:baseProducts>s75</celldesigner:baseProducts>
<celldesigner:listOfReactantLinks>
<celldesigner:reactantLink alias="a105" reactant="s73" targetLineIndex="2,1"/>
</celldesigner:listOfReactantLinks>
<celldesigner:offset x="-40.0" y="18.0"/>
<celldesigner:editPoints>0.3051405326530223,-0.00127040147763946 0.6666666666666665,8.881784197001252E-16 0.33333333333333304,0.0 0.6666666666666661,-8.881784197001252E-16 0.33333333333333326,8.881784197001252E-16 0.6666666666666661,1.5543122344752192E-15 -8.991787462296651,3.427202197537305</celldesigner:editPoints>
</annotation>
<listOfReactants>
<speciesReference species="s23">
<annotation>
<celldesigner:alias>a43</celldesigner:alias>
</annotation>
</speciesReference>
<speciesReference species="s24">
<annotation>
<celldesigner:alias>a44</celldesigner:alias>
</annotation>
</speciesReference>
<speciesReference species="s73">
<annotation>
<celldesigner:alias>a105</celldesigner:alias>
</annotation>
</speciesReference>
</listOfReactants>
<listOfProducts>
<speciesReference species="s75">
<annotation>
<celldesigner:alias>a112</celldesigner:alias>
</annotation>
</speciesReference>
</listOfProducts>
</reaction>
<reaction name="r47" reversible="false">
<annotation>
<celldesigner:reactionType>DISSOCIATION</celldesigner:reactionType>
<celldesigner:baseReactants>s81</celldesigner:baseReactants>
<celldesigner:baseProducts>s58,s94</celldesigner:baseProducts>
<celldesigner:editPoints>0.33333333333333304,0.0 0.6666666666666652,4.440892098500626E-16 0.3333333333333335,-8.881784197001252E-16 0.6666666666666667,-1.7763568394002505E-15 0.33333333333333215,0.0 0.6666666666666661,-4.440892098500626E-16 0.46967914685140555,-0.0013199752026697986</celldesigner:editPoints>
</annotation>
<listOfReactants>
<speciesReference species="s81">
<annotation>
<celldesigner:alias>a119</celldesigner:alias>
</annotation>
</speciesReference>
</listOfReactants>
<listOfProducts>
<speciesReference species="s58">
<annotation>
<celldesigner:alias>a90</celldesigner:alias>
</annotation>
</speciesReference>
<speciesReference species="s94">
<annotation>
<celldesigner:alias>a135</celldesigner:alias>
</annotation>
</speciesReference>
</listOfProducts>
</reaction>
<reaction name="r48" reversible="false">
<annotation>
<celldesigner:reactionType>HETERODIMER_ASSOCIATION</celldesigner:reactionType>
<celldesigner:baseReactants>s75,s65</celldesigner:baseReactants>
<celldesigner:baseProducts>s94</celldesigner:baseProducts>
<celldesigner:listOfReactantLinks>
<celldesigner:reactantLink alias="a92" reactant="s64" targetLineIndex="0,1"/>
<celldesigner:reactantLink alias="a100" reactant="s70" targetLineIndex="0,0"/>
</celldesigner:listOfReactantLinks>
<celldesigner:listOfProductLinks>
<celldesigner:productLink alias="a101" product="s71" targetLineIndex="2,0"/>
</celldesigner:listOfProductLinks>
<celldesigner:editPoints>0.3333333333333326,1.5959455978986625E-16 0.6666666666666665,4.85722573273506E-17 0.3333333333333335,4.440892098500626E-16 0.666666666666667,4.440892098500626E-16 0.3333333333333335,1.1102230246251565E-16 0.666666666666667,1.1102230246251565E-16 0.1655932591408208,0.3219674132715026</celldesigner:editPoints>
<celldesigner:listOfModification>
<celldesigner:modification aliases="a93" editPoints="0.43501235786961634,0.3179841328254329 0.7738925756336401,0.26788089867888365" modifiers="s65" targetLineIndex="2,0" type="CATALYSIS"/>
<celldesigner:modification aliases="a92" editPoints="-0.16908419150488785,-0.007118404311426518 0.20720041498323294,-0.015291442645627207" modifiers="s64" offsetX="137.0" offsetY="-39.0" targetLineIndex="2,0" type="CATALYSIS"/>
</celldesigner:listOfModification>
</annotation>
<listOfReactants>
<speciesReference species="s75">
<annotation>
<celldesigner:alias>a112</celldesigner:alias>
</annotation>
</speciesReference>
<speciesReference species="s65">
<annotation>
<celldesigner:alias>a93</celldesigner:alias>
</annotation>
</speciesReference>
<speciesReference species="s64">
<annotation>
<celldesigner:alias>a92</celldesigner:alias>
</annotation>
</speciesReference>
<speciesReference species="s70">
<annotation>
<celldesigner:alias>a100</celldesigner:alias>
</annotation>
</speciesReference>
</listOfReactants>
<listOfProducts>
<speciesReference species="s94">
<annotation>
<celldesigner:alias>a136</celldesigner:alias>
</annotation>
</speciesReference>
<speciesReference species="s71">
<annotation>
<celldesigner:alias>a101</celldesigner:alias>
</annotation>
</speciesReference>
</listOfProducts>
</reaction>
<reaction name="r51" reversible="false">
<annotation>
<celldesigner:reactionType>HETERODIMER_ASSOCIATION</celldesigner:reactionType>
<celldesigner:baseReactants>s94,s21</celldesigner:baseReactants>
<celldesigner:baseProducts>s81</celldesigner:baseProducts>
<celldesigner:listOfReactantLinks>
<celldesigner:reactantLink alias="a83" reactant="s60" targetLineIndex="1,1"/>
</celldesigner:listOfReactantLinks>
<celldesigner:listOfProductLinks>
<celldesigner:productLink alias="a84" product="s61" targetLineIndex="1,0"/>
</celldesigner:listOfProductLinks>
<celldesigner:editPoints>0.3333333333333339,-5.551115123125783E-17 0.666666666666667,-2.7755575615628914E-16 0.3333333333333326,0.0 0.6666666666666665,0.0 0.3333333333333335,2.220446049250313E-16 0.666666666666667,6.661338147750939E-16 0.15483335835751855,0.4842186673758908</celldesigner:editPoints>
<celldesigner:listOfModification>
<celldesigner:modification aliases="a65" editPoints="0.3333333333333339,0.0 0.666666666666667,0.0" modifiers="s42" targetLineIndex="1,1" type="CATALYSIS"/>
<celldesigner:modification aliases="a93" editPoints="0.3333333333333331,2.220446049250313E-16 0.6666666666666665,3.3306690738754696E-16" modifiers="s65" targetLineIndex="1,1" type="CATALYSIS"/>
<celldesigner:modification aliases="a92" editPoints="0.33333333333333337,5.551115123125783E-17 0.6666666666666667,2.220446049250313E-16" modifiers="s64" targetLineIndex="1,1" type="CATALYSIS"/>
</celldesigner:listOfModification>
</annotation>
<listOfReactants>
<speciesReference species="s94">
<annotation>
<celldesigner:alias>a136</celldesigner:alias>
</annotation>
</speciesReference>
<speciesReference species="s21">
<annotation>
<celldesigner:alias>a28</celldesigner:alias>
</annotation>
</speciesReference>
<speciesReference species="s60">
<annotation>
<celldesigner:alias>a83</celldesigner:alias>
</annotation>
</speciesReference>
</listOfReactants>
<listOfProducts>
<speciesReference species="s81">
<annotation>
<celldesigner:alias>a119</celldesigner:alias>
</annotation>
</speciesReference>
<speciesReference species="s61">
<annotation>
<celldesigner:alias>a84</celldesigner:alias>
</annotation>
</speciesReference>
</listOfProducts>
</reaction>
</listOfReactions>
</model>
</sbml>
