<?xml version="1.0" encoding="UTF-8"?>
<!-- Terms and Conditions -->
<!-- 
Copyright (C)) 2005 Applied Biosystems.  
This file may be copied and redistributed freely, without advance permission, 
provided that this Copyright statement is reproduced with each copy.  
 
LIMITATION OF WARRANTY 
NOTHING IN THIS AGREEMENT WILL BE CONSTRUED AS A REPRESENTATION MADE OR 
WARRANTY GIVEN BY APPLIED BIOSYSTEMS OR ANY THIRD PARTY THAT THE USE OF 
DATA PROVIDED HEREUNDER WILL NOT INFRINGE ANY PATENT, COPYRIGHT, TRADEMARK 
OR OTHER RIGHTS OF ANY THIRD PARTY. DATA IS PROVIDED "AS IS" WITHOUT 
WARRANTY OF ANY KIND WHATSOEVER, EXPRESS OR IMPLIED, INCLUDING IMPLIED 
WARRANTIES OF MERCHANTABILITY OR FITNESS FOR A PARTICULAR PURPOSE. APPLIED 
BIOSYSTEMS MAKES NO WARRANTY THAT ITS DATA DOES NOT CONTAIN ERRORS.
-->

<!-- Created by SBML API 2.0(a17.0) -->
<sbml level="1" version="2" xmlns="http://www.sbml.org/sbml/level1" xmlns:celldesigner="http://www.sbml.org/2001/ns/celldesigner">
<model name="Metabotropic_space_glutamate_space_receptor_space_group_space_III_space_pathway">
<notes>
<html xmlns="http://www.w3.org/1999/xhtml">
<!--Notes by CellDesigner-->
<body>
<![CDATA[
Group III Metabotropic Glutamate Receptors are composed of receptor proteins, mGlu4, mGlu6, mGlu7 and mGlu8, which are negatively coupled to PKA and intracellular cAMP signalling.  These receptors are found in forebrain, retina, and cerebellum.  Group III mGlu receptors have not been linked with as many neurological conditions as groups I and II, however they do appear to function as strong anticonvulsants in several experimental models of epilepsy.  They also seem to be neuroprotective agents in models of ischemia.
Website=http://www.bris.ac.uk/Depts/Synaptic/info/glutamate.html
Website=http://www.ncbi.nlm.nih.gov/entrez/query.fcgi?cmd=Retrieve&db=pubmed&dopt=Abstract&list_uids=10514855
Website=http://www.ncbi.nlm.nih.gov/entrez/query.fcgi?cmd=Retrieve&db=pubmed&dopt=Abstract&list_uids=12575822
]]>
</body>
</html>
</notes>
<annotation>
<celldesigner:modelVersion>2.2</celldesigner:modelVersion>
<celldesigner:modelDisplay sizeX="1000" sizeY="700"/>
<celldesigner:listOfCompartmentAliases>
<celldesigner:compartmentAlias compartment="c6" id="ca6">
<celldesigner:class>OVAL</celldesigner:class>
<celldesigner:bounds h="254.0" w="313.0" x="59.0" y="348.0"/>
<celldesigner:doubleLine innerWidth="1.0" outerWidth="2.0" thickness="12.0"/>
<celldesigner:paint color="ffcccc00" scheme="Color"/>
</celldesigner:compartmentAlias>
<celldesigner:compartmentAlias compartment="c7" id="ca7">
<celldesigner:class>SQUARE_CLOSEUP_SOUTHEAST</celldesigner:class>
<celldesigner:point x="458.0" y="128.0"/>
<celldesigner:doubleLine innerWidth="1.0" outerWidth="2.0" thickness="12.0"/>
<celldesigner:paint color="ffcccc00" scheme="Color"/>
</celldesigner:compartmentAlias>
<celldesigner:compartmentAlias compartment="c8" id="ca8">
<celldesigner:class>SQUARE_CLOSEUP_SOUTHWEST</celldesigner:class>
<celldesigner:point x="516.0" y="123.0"/>
<celldesigner:doubleLine innerWidth="1.0" outerWidth="2.0" thickness="12.0"/>
<celldesigner:paint color="ffcccc00" scheme="Color"/>
</celldesigner:compartmentAlias>
<celldesigner:compartmentAlias compartment="c9" id="ca9">
<celldesigner:class>SQUARE_CLOSEUP_NORTH</celldesigner:class>
<celldesigner:point x="623.0" y="329.0"/>
<celldesigner:doubleLine innerWidth="1.0" outerWidth="2.0" thickness="12.0"/>
<celldesigner:paint color="ffcccc00" scheme="Color"/>
</celldesigner:compartmentAlias>
</celldesigner:listOfCompartmentAliases>
<celldesigner:listOfSpeciesAliases>
<celldesigner:speciesAlias id="a4" species="s4">
<celldesigner:activity>inactive</celldesigner:activity>
<celldesigner:bounds h="36.0" w="72.0" x="503.0" y="211.0"/>
<celldesigner:singleLine width="1.0"/>
<celldesigner:paint color="ffccff66" scheme="Color"/>
</celldesigner:speciesAlias>
<celldesigner:speciesAlias compartmentAlias="ca9" id="a19" species="s19">
<celldesigner:activity>inactive</celldesigner:activity>
<celldesigner:bounds h="24.0" w="27.0" x="778.5" y="410.0"/>
<celldesigner:singleLine width="1.0"/>
<celldesigner:paint color="ffccff66" scheme="Color"/>
</celldesigner:speciesAlias>
<celldesigner:speciesAlias compartmentAlias="ca9" id="a23" species="s20">
<celldesigner:activity>inactive</celldesigner:activity>
<celldesigner:bounds h="26.0" w="29.0" x="820.5" y="400.0"/>
<celldesigner:singleLine width="1.0"/>
<celldesigner:paint color="ffccff66" scheme="Color"/>
</celldesigner:speciesAlias>
<celldesigner:speciesAlias compartmentAlias="ca9" id="a53" species="s86">
<celldesigner:activity>active</celldesigner:activity>
<celldesigner:bounds h="32.0" w="43.0" x="655.0" y="538.0"/>
<celldesigner:singleLine width="1.0"/>
<celldesigner:paint color="ffccffcc" scheme="Color"/>
</celldesigner:speciesAlias>
<celldesigner:speciesAlias compartmentAlias="ca9" id="a37" species="s35">
<celldesigner:activity>active</celldesigner:activity>
<celldesigner:listOfInnerAliases>
<celldesigner:innerAlias heterodimerEntry="inner0">
<celldesigner:activity>inactive</celldesigner:activity>
<celldesigner:bounds h="54.0" w="75.0" x="880.0" y="306.0"/>
<celldesigner:singleLine width="1.0"/>
<celldesigner:paint color="ffffffcc" scheme="Color"/>
</celldesigner:innerAlias>
<celldesigner:innerAlias heterodimerEntry="inner1">
<celldesigner:activity>inactive</celldesigner:activity>
<celldesigner:bounds h="36.0" w="75.0" x="880.0" y="280.0"/>
<celldesigner:singleLine width="1.0"/>
<celldesigner:paint color="ffccff66" scheme="Color"/>
</celldesigner:innerAlias>
</celldesigner:listOfInnerAliases>
</celldesigner:speciesAlias>
<celldesigner:speciesAlias compartmentAlias="ca9" id="a56" species="s50">
<celldesigner:activity>inactive</celldesigner:activity>
<celldesigner:bounds h="36.0" w="50.0" x="548.0" y="487.0"/>
<celldesigner:singleLine width="1.0"/>
<celldesigner:paint color="ffccff66" scheme="Color"/>
</celldesigner:speciesAlias>
<celldesigner:speciesAlias compartmentAlias="ca9" id="a57" species="s51">
<celldesigner:activity>inactive</celldesigner:activity>
<celldesigner:bounds h="36.0" w="50.0" x="553.0" y="587.0"/>
<celldesigner:singleLine width="1.0"/>
<celldesigner:paint color="ffccff66" scheme="Color"/>
</celldesigner:speciesAlias>
<celldesigner:speciesAlias compartmentAlias="ca9" id="a58" species="s87">
<celldesigner:activity>inactive</celldesigner:activity>
<celldesigner:bounds h="36.0" w="45.0" x="452.0" y="544.0"/>
<celldesigner:singleLine width="1.0"/>
<celldesigner:paint color="ffccffcc" scheme="Color"/>
</celldesigner:speciesAlias>
<celldesigner:speciesAlias compartmentAlias="ca9" id="a61" species="s88">
<celldesigner:activity>inactive</celldesigner:activity>
<celldesigner:bounds h="49.0" w="52.0" x="468.0" y="309.0"/>
<celldesigner:singleLine width="1.0"/>
<celldesigner:paint color="ffccffff" scheme="Color"/>
</celldesigner:speciesAlias>
<celldesigner:speciesAlias id="a64" species="s58">
<celldesigner:activity>inactive</celldesigner:activity>
<celldesigner:bounds h="34.0" w="45.0" x="359.5" y="267.5"/>
<celldesigner:singleLine width="1.0"/>
<celldesigner:paint color="ff9999ff" scheme="Color"/>
</celldesigner:speciesAlias>
<celldesigner:speciesAlias compartmentAlias="ca9" id="a65" species="s89">
<celldesigner:activity>inactive</celldesigner:activity>
<celldesigner:bounds h="34.0" w="45.0" x="363.5" y="403.0"/>
<celldesigner:singleLine width="1.0"/>
<celldesigner:paint color="ff9999ff" scheme="Color"/>
</celldesigner:speciesAlias>
<celldesigner:speciesAlias compartmentAlias="ca6" id="a71" species="s65">
<celldesigner:activity>inactive</celldesigner:activity>
<celldesigner:bounds h="36.0" w="72.0" x="140.0" y="409.0"/>
<celldesigner:singleLine width="1.0"/>
<celldesigner:paint color="ffccff66" scheme="Color"/>
</celldesigner:speciesAlias>
<celldesigner:speciesAlias compartmentAlias="ca9" id="a83" species="s73">
<celldesigner:activity>active</celldesigner:activity>
<celldesigner:listOfInnerAliases>
<celldesigner:innerAlias heterodimerEntry="inner0">
<celldesigner:activity>inactive</celldesigner:activity>
<celldesigner:bounds h="24.0" w="27.0" x="853.5" y="431.0"/>
<celldesigner:singleLine width="1.0"/>
<celldesigner:paint color="ffccff66" scheme="Color"/>
</celldesigner:innerAlias>
<celldesigner:innerAlias heterodimerEntry="inner1">
<celldesigner:activity>inactive</celldesigner:activity>
<celldesigner:bounds h="22.0" w="62.0" x="868.0" y="414.5454545454545"/>
<celldesigner:singleLine width="1.0"/>
<celldesigner:paint color="ffccffcc" scheme="Color"/>
</celldesigner:innerAlias>
</celldesigner:listOfInnerAliases>
</celldesigner:speciesAlias>
<celldesigner:speciesAlias compartmentAlias="ca9" id="a85" species="s75">
<celldesigner:activity>inactive</celldesigner:activity>
<celldesigner:listOfInnerAliases>
<celldesigner:innerAlias heterodimerEntry="inner0">
<celldesigner:activity>inactive</celldesigner:activity>
<celldesigner:bounds h="53.99999999999999" w="77.99999999999999" x="540.0" y="306.625"/>
<celldesigner:singleLine width="1.0"/>
<celldesigner:paint color="ffffffcc" scheme="Color"/>
</celldesigner:innerAlias>
<celldesigner:innerAlias heterodimerEntry="inner1">
<celldesigner:activity>inactive</celldesigner:activity>
<celldesigner:bounds h="22.0" w="62.0" x="568.1875" y="356.625"/>
<celldesigner:singleLine width="1.0"/>
<celldesigner:paint color="ffccffcc" scheme="Color"/>
</celldesigner:innerAlias>
<celldesigner:innerAlias heterodimerEntry="inner2">
<celldesigner:activity>inactive</celldesigner:activity>
<celldesigner:bounds h="25.999999999999996" w="31.416666666666664" x="592.9096379323526" y="377.625"/>
<celldesigner:singleLine width="1.0"/>
<celldesigner:paint color="ffccff66" scheme="Color"/>
</celldesigner:innerAlias>
</celldesigner:listOfInnerAliases>
</celldesigner:speciesAlias>
<celldesigner:speciesAlias compartmentAlias="ca9" id="a86" species="s86">
<celldesigner:activity>inactive</celldesigner:activity>
<celldesigner:bounds h="32.0" w="43.0" x="653.5" y="447.0"/>
<celldesigner:singleLine width="1.0"/>
<celldesigner:paint color="ffccffcc" scheme="Color"/>
</celldesigner:speciesAlias>
<celldesigner:speciesAlias compartmentAlias="ca9" id="a87" species="s88">
<celldesigner:activity>active</celldesigner:activity>
<celldesigner:bounds h="47.0" w="65.0" x="349.5" y="312.5"/>
<celldesigner:singleLine width="1.0"/>
<celldesigner:paint color="ffccffff" scheme="Color"/>
</celldesigner:speciesAlias>
<celldesigner:speciesAlias compartmentAlias="ca9" id="a89" species="s87">
<celldesigner:activity>active</celldesigner:activity>
<celldesigner:bounds h="36.0" w="45.0" x="449.5" y="440.0"/>
<celldesigner:singleLine width="1.0"/>
<celldesigner:paint color="ffccffcc" scheme="Color"/>
</celldesigner:speciesAlias>
<celldesigner:speciesAlias compartmentAlias="ca8" id="a92" species="s78">
<celldesigner:activity>inactive</celldesigner:activity>
<celldesigner:bounds h="54.0" w="72.0" x="690.0" y="92.0"/>
<celldesigner:singleLine width="1.0"/>
<celldesigner:paint color="ffffffcc" scheme="Color"/>
</celldesigner:speciesAlias>
<celldesigner:speciesAlias compartmentAlias="ca8" id="a95" species="s90">
<celldesigner:activity>inactive</celldesigner:activity>
<celldesigner:bounds h="29.0" w="41.0" x="806.0" y="103.0"/>
<celldesigner:singleLine width="1.0"/>
<celldesigner:paint color="ffccffcc" scheme="Color"/>
</celldesigner:speciesAlias>
<celldesigner:speciesAlias compartmentAlias="ca9" id="a97" species="s94">
<celldesigner:activity>inactive</celldesigner:activity>
<celldesigner:bounds h="36.0" w="72.0" x="73.0" y="630.0"/>
<celldesigner:singleLine width="1.0"/>
<celldesigner:paint color="ffccff66" scheme="Color"/>
</celldesigner:speciesAlias>
<celldesigner:speciesAlias compartmentAlias="ca6" id="a98" species="s95">
<celldesigner:activity>inactive</celldesigner:activity>
<celldesigner:bounds h="31.0" w="43.0" x="104.0" y="553.0"/>
<celldesigner:singleLine width="1.0"/>
<celldesigner:paint color="ffccffcc" scheme="Color"/>
</celldesigner:speciesAlias>
<celldesigner:speciesAlias compartmentAlias="ca9" id="a106" species="s101">
<celldesigner:activity>inactive</celldesigner:activity>
<celldesigner:listOfInnerAliases>
<celldesigner:innerAlias heterodimerEntry="inner0">
<celldesigner:activity>inactive</celldesigner:activity>
<celldesigner:bounds h="53.99999999999999" w="77.99999999999999" x="701.359375" y="301.75"/>
<celldesigner:singleLine width="1.0"/>
<celldesigner:paint color="ffffffcc" scheme="Color"/>
</celldesigner:innerAlias>
<celldesigner:innerAlias heterodimerEntry="inner1">
<celldesigner:activity>inactive</celldesigner:activity>
<celldesigner:bounds h="36.0" w="72.0" x="703.4091717479674" y="276.75"/>
<celldesigner:singleLine width="1.0"/>
<celldesigner:paint color="ffccff66" scheme="Color"/>
</celldesigner:innerAlias>
<celldesigner:innerAlias heterodimerEntry="inner2">
<celldesigner:activity>inactive</celldesigner:activity>
<celldesigner:bounds h="22.0" w="62.0" x="731.2953986220468" y="351.25"/>
<celldesigner:singleLine width="1.0"/>
<celldesigner:paint color="ffccffcc" scheme="Color"/>
</celldesigner:innerAlias>
<celldesigner:innerAlias heterodimerEntry="inner3">
<celldesigner:activity>inactive</celldesigner:activity>
<celldesigner:bounds h="25.999999999999996" w="31.416666666666664" x="757.2212456383379" y="373.0"/>
<celldesigner:singleLine width="1.0"/>
<celldesigner:paint color="ffccff66" scheme="Color"/>
</celldesigner:innerAlias>
</celldesigner:listOfInnerAliases>
</celldesigner:speciesAlias>
<celldesigner:speciesAlias compartmentAlias="ca6" id="a107" species="s61">
<celldesigner:activity>inactive</celldesigner:activity>
<celldesigner:bounds h="47.0" w="104.0" x="298.0" y="453.62039720621874"/>
<celldesigner:singleLine width="1.0"/>
<celldesigner:paint color="ffccffcc" scheme="Color"/>
</celldesigner:speciesAlias>
<celldesigner:speciesAlias compartmentAlias="ca6" id="a111" species="s106">
<celldesigner:activity>inactive</celldesigner:activity>
<celldesigner:listOfInnerAliases>
<celldesigner:innerAlias heterodimerEntry="inner0">
<celldesigner:activity>active</celldesigner:activity>
<celldesigner:bounds h="47.0" w="104.0" x="138.125" y="317.5280172413789"/>
<celldesigner:singleLine width="1.0"/>
<celldesigner:paint color="ffccffcc" scheme="Color"/>
</celldesigner:innerAlias>
<celldesigner:innerAlias heterodimerEntry="inner1">
<celldesigner:activity>inactive</celldesigner:activity>
<celldesigner:bounds h="34.0" w="45.0" x="236.625" y="348.4159482758633"/>
<celldesigner:singleLine width="1.0"/>
<celldesigner:paint color="ff9999ff" scheme="Color"/>
</celldesigner:innerAlias>
</celldesigner:listOfInnerAliases>
</celldesigner:speciesAlias>
<celldesigner:speciesAlias compartmentAlias="ca9" id="a112" species="s91">
<celldesigner:activity>inactive</celldesigner:activity>
<celldesigner:bounds h="30.0" w="42.0" x="80.5" y="321.0"/>
<celldesigner:singleLine width="1.0"/>
<celldesigner:paint color="ffccffcc" scheme="Color"/>
</celldesigner:speciesAlias>
<celldesigner:speciesAlias compartmentAlias="ca9" id="a114" species="s109">
<celldesigner:activity>inactive</celldesigner:activity>
<celldesigner:listOfInnerAliases>
<celldesigner:innerAlias heterodimerEntry="inner0">
<celldesigner:activity>inactive</celldesigner:activity>
<celldesigner:bounds h="30.0" w="42.0" x="18.0" y="321.0"/>
<celldesigner:singleLine width="1.0"/>
<celldesigner:paint color="ffccffcc" scheme="Color"/>
</celldesigner:innerAlias>
<celldesigner:innerAlias heterodimerEntry="inner1">
<celldesigner:activity>inactive</celldesigner:activity>
<celldesigner:bounds h="36.0" w="72.0" x="2.135135135135167" y="350.0"/>
<celldesigner:singleLine width="1.0"/>
<celldesigner:paint color="ffccff66" scheme="Color"/>
</celldesigner:innerAlias>
</celldesigner:listOfInnerAliases>
</celldesigner:speciesAlias>
<celldesigner:speciesAlias compartmentAlias="ca6" id="a117" species="s112">
<celldesigner:activity>inactive</celldesigner:activity>
<celldesigner:listOfInnerAliases>
<celldesigner:innerAlias heterodimerEntry="inner0">
<celldesigner:activity>inactive</celldesigner:activity>
<celldesigner:bounds h="31.0" w="43.0" x="289.0" y="553.5"/>
<celldesigner:singleLine width="1.0"/>
<celldesigner:paint color="ffccffcc" scheme="Color"/>
</celldesigner:innerAlias>
<celldesigner:innerAlias heterodimerEntry="inner1">
<celldesigner:activity>inactive</celldesigner:activity>
<celldesigner:bounds h="36.0" w="72.0" x="274.5" y="584.0"/>
<celldesigner:singleLine width="1.0"/>
<celldesigner:paint color="ffccff66" scheme="Color"/>
</celldesigner:innerAlias>
</celldesigner:listOfInnerAliases>
</celldesigner:speciesAlias>
<celldesigner:speciesAlias compartmentAlias="ca8" id="a121" species="s114">
<celldesigner:activity>inactive</celldesigner:activity>
<celldesigner:listOfInnerAliases>
<celldesigner:innerAlias heterodimerEntry="inner0">
<celldesigner:activity>inactive</celldesigner:activity>
<celldesigner:bounds h="29.0" w="41.0" x="904.5" y="99.19384835479269"/>
<celldesigner:singleLine width="1.0"/>
<celldesigner:paint color="ffccffcc" scheme="Color"/>
</celldesigner:innerAlias>
<celldesigner:innerAlias heterodimerEntry="inner1">
<celldesigner:activity>inactive</celldesigner:activity>
<celldesigner:bounds h="36.0" w="72.0" x="886.1764705882342" y="127.69384835479269"/>
<celldesigner:singleLine width="1.0"/>
<celldesigner:paint color="ffccff66" scheme="Color"/>
</celldesigner:innerAlias>
</celldesigner:listOfInnerAliases>
</celldesigner:speciesAlias>
<celldesigner:speciesAlias compartmentAlias="ca8" id="a123" species="s116">
<celldesigner:activity>inactive</celldesigner:activity>
<celldesigner:listOfInnerAliases>
<celldesigner:innerAlias heterodimerEntry="inner0">
<celldesigner:activity>inactive</celldesigner:activity>
<celldesigner:bounds h="54.0" w="72.0" x="567.0" y="88.69384835479269"/>
<celldesigner:singleLine width="1.0"/>
<celldesigner:paint color="ffffffcc" scheme="Color"/>
</celldesigner:innerAlias>
<celldesigner:innerAlias heterodimerEntry="inner1">
<celldesigner:activity>inactive</celldesigner:activity>
<celldesigner:bounds h="36.0" w="72.0" x="528.0" y="132.47763213857638"/>
<celldesigner:singleLine width="1.0"/>
<celldesigner:paint color="ffccff66" scheme="Color"/>
</celldesigner:innerAlias>
</celldesigner:listOfInnerAliases>
</celldesigner:speciesAlias>
<celldesigner:speciesAlias compartmentAlias="ca7" id="a124" species="s77">
<celldesigner:activity>inactive</celldesigner:activity>
<celldesigner:bounds h="54.0" w="72.0" x="416.00000000000006" y="16.693848354792692"/>
<celldesigner:singleLine width="1.0"/>
<celldesigner:paint color="ffffffcc" scheme="Color"/>
</celldesigner:speciesAlias>
<celldesigner:speciesAlias compartmentAlias="ca7" id="a125" species="s79">
<celldesigner:activity>inactive</celldesigner:activity>
<celldesigner:bounds h="54.0" w="54.0" x="276.00000000000006" y="89.69384835479269"/>
<celldesigner:singleLine width="1.0"/>
<celldesigner:paint color="ffccffff" scheme="Color"/>
</celldesigner:speciesAlias>
<celldesigner:speciesAlias compartmentAlias="ca7" id="a126" species="s80">
<celldesigner:activity>inactive</celldesigner:activity>
<celldesigner:bounds h="54.0" w="54.0" x="108.00000000000006" y="89.69384835479269"/>
<celldesigner:singleLine width="1.0"/>
<celldesigner:paint color="ffccffff" scheme="Color"/>
</celldesigner:speciesAlias>
<celldesigner:speciesAlias compartmentAlias="ca7" id="a130" species="s120">
<celldesigner:activity>inactive</celldesigner:activity>
<celldesigner:listOfInnerAliases>
<celldesigner:innerAlias heterodimerEntry="inner0">
<celldesigner:activity>inactive</celldesigner:activity>
<celldesigner:bounds h="54.0" w="54.0" x="15.0" y="90.0"/>
<celldesigner:singleLine width="1.0"/>
<celldesigner:paint color="ffccffff" scheme="Color"/>
</celldesigner:innerAlias>
<celldesigner:innerAlias heterodimerEntry="inner1">
<celldesigner:activity>inactive</celldesigner:activity>
<celldesigner:bounds h="36.0" w="72.0" x="10.92237764476167" y="143.0"/>
<celldesigner:singleLine width="1.0"/>
<celldesigner:paint color="ffccff66" scheme="Color"/>
</celldesigner:innerAlias>
</celldesigner:listOfInnerAliases>
</celldesigner:speciesAlias>
<celldesigner:speciesAlias compartmentAlias="ca7" id="a133" species="s123">
<celldesigner:activity>inactive</celldesigner:activity>
<celldesigner:listOfInnerAliases>
<celldesigner:innerAlias heterodimerEntry="inner0">
<celldesigner:activity>inactive</celldesigner:activity>
<celldesigner:bounds h="54.0" w="54.0" x="183.0" y="88.0"/>
<celldesigner:singleLine width="1.0"/>
<celldesigner:paint color="ffccffff" scheme="Color"/>
</celldesigner:innerAlias>
<celldesigner:innerAlias heterodimerEntry="inner1">
<celldesigner:activity>inactive</celldesigner:activity>
<celldesigner:bounds h="36.0" w="72.0" x="179.40622253471588" y="141.0"/>
<celldesigner:singleLine width="1.0"/>
<celldesigner:paint color="ffccff66" scheme="Color"/>
</celldesigner:innerAlias>
</celldesigner:listOfInnerAliases>
</celldesigner:speciesAlias>
<celldesigner:speciesAlias compartmentAlias="ca7" id="a134" species="s124">
<celldesigner:activity>inactive</celldesigner:activity>
<celldesigner:listOfInnerAliases>
<celldesigner:innerAlias heterodimerEntry="inner0">
<celldesigner:activity>inactive</celldesigner:activity>
<celldesigner:bounds h="54.0" w="72.0" x="349.0" y="91.0"/>
<celldesigner:singleLine width="1.0"/>
<celldesigner:paint color="ffffffcc" scheme="Color"/>
</celldesigner:innerAlias>
<celldesigner:innerAlias heterodimerEntry="inner1">
<celldesigner:activity>inactive</celldesigner:activity>
<celldesigner:bounds h="36.0" w="72.0" x="365.7136025504784" y="142.0"/>
<celldesigner:singleLine width="1.0"/>
<celldesigner:paint color="ffccff66" scheme="Color"/>
</celldesigner:innerAlias>
</celldesigner:listOfInnerAliases>
</celldesigner:speciesAlias>
</celldesigner:listOfSpeciesAliases>
<celldesigner:listOfGroups/>
<celldesigner:listOfProteins>
<celldesigner:protein id="p10" name="SNARE Complex" type="GENERIC">
<celldesigner:listOfModificationResidues>
<celldesigner:modificationResidue angle="5.84" id="rs1"/>
</celldesigner:listOfModificationResidues>
</celldesigner:protein>
<celldesigner:protein id="p1" name="mGluR4/6/7/8" type="RECEPTOR"/>
<celldesigner:protein id="p11" name="G-Protein" type="GENERIC"/>
<celldesigner:protein id="p7" name="Ca_super_2+" type="ION_CHANNEL"/>
<celldesigner:protein id="p12" name="mGluR 1/5" type="RECEPTOR"/>
<celldesigner:protein id="p13" name="mGluR 5" type="RECEPTOR"/>
<celldesigner:protein id="p14" name="NMDA" type="ION_CHANNEL"/>
<celldesigner:protein id="p15" name="A/K" type="ION_CHANNEL"/>
<celldesigner:protein id="p17" name="Vglut" type="GENERIC"/>
<celldesigner:protein id="p16" name="EAAT" type="GENERIC"/>
<celldesigner:protein id="p5" name="AC" type="GENERIC"/>
<celldesigner:protein id="p6" name="PKA" type="GENERIC"/>
</celldesigner:listOfProteins>
<celldesigner:listOfBlockDiagrams/>
</annotation>
<listOfCompartments>
<compartment name="default" volume="1.0"/>
<compartment name="c6" outside="c9" volume="1.0">
<annotation>
<celldesigner:name>Synaptic Vessicle</celldesigner:name>
</annotation>
</compartment>
<compartment name="c8" outside="default" volume="1.0">
<annotation>
<celldesigner:name>Glia</celldesigner:name>
</annotation>
</compartment>
<compartment name="c7" outside="default" volume="1.0">
<annotation>
<celldesigner:name>Neuron</celldesigner:name>
</annotation>
</compartment>
<compartment name="c9" outside="default" volume="1.0">
<annotation>
<celldesigner:name>Nerve Terminal</celldesigner:name>
</annotation>
</compartment>
</listOfCompartments>
<listOfSpecies>
<species compartment="default" initialAmount="0.0" name="s4">
<notes>
<html xmlns="http://www.w3.org/1999/xhtml">
<!--Notes by CellDesigner-->
<body>
Long Name:  Glutamate
Synonym:  Synonym not specified
Accession:  S01763
</body>
</html>
</notes>
<annotation>
<celldesigner:positionToCompartment>inside</celldesigner:positionToCompartment>
<celldesigner:speciesIdentity>
<celldesigner:class>SIMPLE_MOLECULE</celldesigner:class>
<celldesigner:name>Glutamate</celldesigner:name>
</celldesigner:speciesIdentity>
</annotation>
</species>
<species compartment="c9" initialAmount="0.0" name="s19">
<notes>
<html xmlns="http://www.w3.org/1999/xhtml">
<!--Notes by CellDesigner-->
<body>
Long Name:  GTP
Synonym:  Synonym not specified
Accession:  S01761
</body>
</html>
</notes>
<annotation>
<celldesigner:positionToCompartment>inside</celldesigner:positionToCompartment>
<celldesigner:speciesIdentity>
<celldesigner:class>SIMPLE_MOLECULE</celldesigner:class>
<celldesigner:name>GTP</celldesigner:name>
</celldesigner:speciesIdentity>
</annotation>
</species>
<species compartment="c9" initialAmount="0.0" name="s20">
<notes>
<html xmlns="http://www.w3.org/1999/xhtml">
<!--Notes by CellDesigner-->
<body>
Long Name:  GDP
Synonym:  Synonym not specified
Accession:  S01759
</body>
</html>
</notes>
<annotation>
<celldesigner:positionToCompartment>inside</celldesigner:positionToCompartment>
<celldesigner:speciesIdentity>
<celldesigner:class>SIMPLE_MOLECULE</celldesigner:class>
<celldesigner:name>GDP</celldesigner:name>
</celldesigner:speciesIdentity>
</annotation>
</species>
<species compartment="c9" initialAmount="0.0" name="s50">
<notes>
<html xmlns="http://www.w3.org/1999/xhtml">
<!--Notes by CellDesigner-->
<body>
Long Name:  cyclicAMP
Synonym:  Synonym not specified
Accession:  S01762
</body>
</html>
</notes>
<annotation>
<celldesigner:positionToCompartment>inside</celldesigner:positionToCompartment>
<celldesigner:speciesIdentity>
<celldesigner:class>SIMPLE_MOLECULE</celldesigner:class>
<celldesigner:name>cAMP</celldesigner:name>
</celldesigner:speciesIdentity>
<celldesigner:listOfCatalyzedReactions>
<celldesigner:catalyzed reaction="r59"/>
</celldesigner:listOfCatalyzedReactions>
</annotation>
</species>
<species compartment="c9" initialAmount="0.0" name="s51">
<notes>
<html xmlns="http://www.w3.org/1999/xhtml">
<!--Notes by CellDesigner-->
<body>
Long Name:  ATP
Synonym:  Synonym not specified
Accession:  S01760
</body>
</html>
</notes>
<annotation>
<celldesigner:positionToCompartment>inside</celldesigner:positionToCompartment>
<celldesigner:speciesIdentity>
<celldesigner:class>SIMPLE_MOLECULE</celldesigner:class>
<celldesigner:name>ATP</celldesigner:name>
</celldesigner:speciesIdentity>
</annotation>
</species>
<species compartment="default" initialAmount="0.0" name="s58">
<notes>
<html xmlns="http://www.w3.org/1999/xhtml">
<!--Notes by CellDesigner-->
<body>
Long Name:  Ca2+
Synonym:  Synonym not specified
Accession:  U02459
</body>
</html>
</notes>
<annotation>
<celldesigner:positionToCompartment>inside</celldesigner:positionToCompartment>
<celldesigner:speciesIdentity>
<celldesigner:class>ION</celldesigner:class>
<celldesigner:name>Ca_super_2+</celldesigner:name>
</celldesigner:speciesIdentity>
</annotation>
</species>
<species compartment="c6" initialAmount="0.0" name="s65">
<notes>
<html xmlns="http://www.w3.org/1999/xhtml">
<!--Notes by CellDesigner-->
<body>
Long Name:  Glutamate
Synonym:  Synonym not specified
Accession:  S01763
</body>
</html>
</notes>
<annotation>
<celldesigner:positionToCompartment>inside</celldesigner:positionToCompartment>
<celldesigner:speciesIdentity>
<celldesigner:class>SIMPLE_MOLECULE</celldesigner:class>
<celldesigner:name>Glutamate</celldesigner:name>
</celldesigner:speciesIdentity>
</annotation>
</species>
<species compartment="c6" initialAmount="0.0" name="s61">
<notes>
<html xmlns="http://www.w3.org/1999/xhtml">
<!--Notes by CellDesigner-->
<body>
Long Name:  N-ethylmaleimide-sensitive factor attachment protein receptor
Synonym:  SNARE
Accession:  P01042
</body>
</html>
</notes>
<annotation>
<celldesigner:positionToCompartment>transmembrane</celldesigner:positionToCompartment>
<celldesigner:speciesIdentity>
<celldesigner:class>PROTEIN</celldesigner:class>
<celldesigner:proteinReference>p10</celldesigner:proteinReference>
</celldesigner:speciesIdentity>
</annotation>
</species>
<species compartment="c9" initialAmount="0.0" name="s35">
<notes>
<html xmlns="http://www.w3.org/1999/xhtml">
<!--Notes by CellDesigner-->
<body>
Long Name:  Long Name:  Long name not specified
Synonym:  Synonym not specified
Accession:  U05369
Heterodimer Member Info:  mGluR4/6/7/8#PROTEIN#mGluR4/6/7/8#P01044#GRM4|GRM6|GRM7|GRM8|mGlu 4|mGlu 6|mGlu 7|mGlu 8|mGlu4|mGlu6|mGlu7|mGlu8|mGluR4|mGluR6|mGluR7|mGluR8#;Glutamate#SIMPLE_MOLECULE#Glutamate#S01763##
</body>
</html>
</notes>
<annotation>
<celldesigner:positionToCompartment>transmembrane</celldesigner:positionToCompartment>
<celldesigner:heterodimerIdentity>
<celldesigner:listOfHeterodimerEntries>
<celldesigner:heterodimerEntry innerId="inner0" originalSpecies="unknown">
<celldesigner:class>PROTEIN</celldesigner:class>
<celldesigner:proteinReference>p1</celldesigner:proteinReference>
</celldesigner:heterodimerEntry>
<celldesigner:heterodimerEntry innerId="inner1" originalSpecies="unknown">
<celldesigner:class>SIMPLE_MOLECULE</celldesigner:class>
<celldesigner:name>Glutamate</celldesigner:name>
</celldesigner:heterodimerEntry>
</celldesigner:listOfHeterodimerEntries>
</celldesigner:heterodimerIdentity>
</annotation>
</species>
<species compartment="c9" initialAmount="0.0" name="s73">
<notes>
<html xmlns="http://www.w3.org/1999/xhtml">
<!--Notes by CellDesigner-->
<body>
Long Name:  Long Name:  Long name not specified
Synonym:  Synonym not specified
Accession:  U05375
Heterodimer Member Info:  GTP#SIMPLE_MOLECULE#GTP#S01761##;G-Protein#PROTEIN#Gi#P01045##
</body>
</html>
</notes>
<annotation>
<celldesigner:positionToCompartment>inside</celldesigner:positionToCompartment>
<celldesigner:heterodimerIdentity>
<celldesigner:listOfHeterodimerEntries>
<celldesigner:heterodimerEntry innerId="inner0" originalSpecies="unknown">
<celldesigner:class>SIMPLE_MOLECULE</celldesigner:class>
<celldesigner:name>GTP</celldesigner:name>
</celldesigner:heterodimerEntry>
<celldesigner:heterodimerEntry innerId="inner1" originalSpecies="unknown">
<celldesigner:class>PROTEIN</celldesigner:class>
<celldesigner:proteinReference>p11</celldesigner:proteinReference>
</celldesigner:heterodimerEntry>
</celldesigner:listOfHeterodimerEntries>
</celldesigner:heterodimerIdentity>
<celldesigner:listOfCatalyzedReactions>
<celldesigner:catalyzed reaction="r58"/>
</celldesigner:listOfCatalyzedReactions>
</annotation>
</species>
<species compartment="c9" initialAmount="0.0" name="s75">
<notes>
<html xmlns="http://www.w3.org/1999/xhtml">
<!--Notes by CellDesigner-->
<body>
Long Name:  Long Name:  Metabotropic Glutamate Receptor 4, Metabotropic Glutamate Receptor 6, Metabotropic Glutamate Receptor 7, Metabotropic Glutamate Receptor 8
Synonym:  Synonym not specified
Accession:  U05367
Heterodimer Member Info:  GDP#SIMPLE_MOLECULE#GDP#S01759##;mGluR4/6/7/8#PROTEIN#mGluR4/6/7/8#P01044#GRM4|GRM6|GRM7|GRM8|mGlu 4|mGlu 6|mGlu 7|mGlu 8|mGlu4|mGlu6|mGlu7|mGlu8|mGluR4|mGluR6|mGluR7|mGluR8#;G-Protein#PROTEIN#Gi#P01045##
</body>
</html>
</notes>
<annotation>
<celldesigner:positionToCompartment>transmembrane</celldesigner:positionToCompartment>
<celldesigner:heterodimerIdentity>
<celldesigner:listOfHeterodimerEntries>
<celldesigner:heterodimerEntry innerId="inner0" originalSpecies="unknown">
<celldesigner:class>PROTEIN</celldesigner:class>
<celldesigner:proteinReference>p1</celldesigner:proteinReference>
</celldesigner:heterodimerEntry>
<celldesigner:heterodimerEntry innerId="inner1" originalSpecies="unknown">
<celldesigner:class>PROTEIN</celldesigner:class>
<celldesigner:proteinReference>p11</celldesigner:proteinReference>
</celldesigner:heterodimerEntry>
<celldesigner:heterodimerEntry innerId="inner2" originalSpecies="unknown">
<celldesigner:class>SIMPLE_MOLECULE</celldesigner:class>
<celldesigner:name>GDP</celldesigner:name>
</celldesigner:heterodimerEntry>
</celldesigner:listOfHeterodimerEntries>
</celldesigner:heterodimerIdentity>
</annotation>
</species>
<species compartment="c7" initialAmount="0.0" name="s77">
<notes>
<html xmlns="http://www.w3.org/1999/xhtml">
<!--Notes by CellDesigner-->
<body>
Long Name:  Metabotropic Glutamate Receptor 1, Metabotropic Glutamate Receptor 5
Synonym:  GRM1,GRM5,mGlu1,mGlu5,mGluR1,mGluR5
Accession:  P01040
</body>
</html>
</notes>
<annotation>
<celldesigner:positionToCompartment>transmembrane</celldesigner:positionToCompartment>
<celldesigner:speciesIdentity>
<celldesigner:class>PROTEIN</celldesigner:class>
<celldesigner:proteinReference>p12</celldesigner:proteinReference>
</celldesigner:speciesIdentity>
</annotation>
</species>
<species compartment="c8" initialAmount="0.0" name="s78">
<notes>
<html xmlns="http://www.w3.org/1999/xhtml">
<!--Notes by CellDesigner-->
<body>
Long Name:  Metabotropic Glutamate Receptor 5
Synonym:  mGlu5,mGluR5
Accession:  P01037
</body>
</html>
</notes>
<annotation>
<celldesigner:positionToCompartment>transmembrane</celldesigner:positionToCompartment>
<celldesigner:speciesIdentity>
<celldesigner:class>PROTEIN</celldesigner:class>
<celldesigner:proteinReference>p13</celldesigner:proteinReference>
</celldesigner:speciesIdentity>
</annotation>
</species>
<species compartment="c7" initialAmount="0.0" name="s79">
<notes>
<html xmlns="http://www.w3.org/1999/xhtml">
<!--Notes by CellDesigner-->
<body>
Long Name:  N-methyl-D-aspartate Receptor
Synonym:  NMDA,NMDA Receptor
Accession:  P01039
</body>
</html>
</notes>
<annotation>
<celldesigner:positionToCompartment>transmembrane</celldesigner:positionToCompartment>
<celldesigner:speciesIdentity>
<celldesigner:class>PROTEIN</celldesigner:class>
<celldesigner:proteinReference>p14</celldesigner:proteinReference>
</celldesigner:speciesIdentity>
</annotation>
</species>
<species compartment="c7" initialAmount="0.0" name="s80">
<notes>
<html xmlns="http://www.w3.org/1999/xhtml">
<!--Notes by CellDesigner-->
<body>
Long Name:  AMPA/Kainate Receptor
Synonym:  A/K,AK,AMPA,AMPA Receptor,KA receptor,Kainate,Kainate Receptor
Accession:  P01046
</body>
</html>
</notes>
<annotation>
<celldesigner:positionToCompartment>transmembrane</celldesigner:positionToCompartment>
<celldesigner:speciesIdentity>
<celldesigner:class>PROTEIN</celldesigner:class>
<celldesigner:proteinReference>p15</celldesigner:proteinReference>
</celldesigner:speciesIdentity>
</annotation>
</species>
<species compartment="c9" initialAmount="0.0" name="s88">
<notes>
<html xmlns="http://www.w3.org/1999/xhtml">
<!--Notes by CellDesigner-->
<body>
Long Name:  Calcium Channel
Synonym:  Ca2+ channel
Accession:  P01041
</body>
</html>
</notes>
<annotation>
<celldesigner:positionToCompartment>transmembrane</celldesigner:positionToCompartment>
<celldesigner:speciesIdentity>
<celldesigner:class>PROTEIN</celldesigner:class>
<celldesigner:proteinReference>p7</celldesigner:proteinReference>
</celldesigner:speciesIdentity>
</annotation>
</species>
<species compartment="c9" initialAmount="0.0" name="s89">
<notes>
<html xmlns="http://www.w3.org/1999/xhtml">
<!--Notes by CellDesigner-->
<body>
Long Name:  Ca2+
Synonym:  Synonym not specified
Accession:  U02459
</body>
</html>
</notes>
<annotation>
<celldesigner:positionToCompartment>inside</celldesigner:positionToCompartment>
<celldesigner:speciesIdentity>
<celldesigner:class>ION</celldesigner:class>
<celldesigner:name>Ca_super_2+</celldesigner:name>
</celldesigner:speciesIdentity>
</annotation>
</species>
<species compartment="c9" initialAmount="0.0" name="s94">
<notes>
<html xmlns="http://www.w3.org/1999/xhtml">
<!--Notes by CellDesigner-->
<body>
Long Name:  Glutamate
Synonym:  Synonym not specified
Accession:  S01763
</body>
</html>
</notes>
<annotation>
<celldesigner:positionToCompartment>inside</celldesigner:positionToCompartment>
<celldesigner:speciesIdentity>
<celldesigner:class>SIMPLE_MOLECULE</celldesigner:class>
<celldesigner:name>Glutamate</celldesigner:name>
</celldesigner:speciesIdentity>
</annotation>
</species>
<species compartment="c6" initialAmount="0.0" name="s95">
<notes>
<html xmlns="http://www.w3.org/1999/xhtml">
<!--Notes by CellDesigner-->
<body>
Long Name:  Vesicular Glutamate Transporter
Synonym:  Vglut
Accession:  P01038
</body>
</html>
</notes>
<annotation>
<celldesigner:positionToCompartment>transmembrane</celldesigner:positionToCompartment>
<celldesigner:speciesIdentity>
<celldesigner:class>PROTEIN</celldesigner:class>
<celldesigner:proteinReference>p17</celldesigner:proteinReference>
</celldesigner:speciesIdentity>
</annotation>
</species>
<species compartment="c8" initialAmount="0.0" name="s90">
<notes>
<html xmlns="http://www.w3.org/1999/xhtml">
<!--Notes by CellDesigner-->
<body>
Long Name:  Excitatory amino acid transporter
Synonym:  EAAT1,GLAST1,GLT-1
Accession:  P01036
</body>
</html>
</notes>
<annotation>
<celldesigner:positionToCompartment>transmembrane</celldesigner:positionToCompartment>
<celldesigner:speciesIdentity>
<celldesigner:class>PROTEIN</celldesigner:class>
<celldesigner:proteinReference>p16</celldesigner:proteinReference>
</celldesigner:speciesIdentity>
</annotation>
</species>
<species compartment="c9" initialAmount="0.0" name="s91">
<notes>
<html xmlns="http://www.w3.org/1999/xhtml">
<!--Notes by CellDesigner-->
<body>
Long Name:  Excitatory amino acid transporter
Synonym:  EAAT1,GLAST1,GLT-1
Accession:  P01036
</body>
</html>
</notes>
<annotation>
<celldesigner:positionToCompartment>transmembrane</celldesigner:positionToCompartment>
<celldesigner:speciesIdentity>
<celldesigner:class>PROTEIN</celldesigner:class>
<celldesigner:proteinReference>p16</celldesigner:proteinReference>
</celldesigner:speciesIdentity>
</annotation>
</species>
<species compartment="c9" initialAmount="0.0" name="s86">
<notes>
<html xmlns="http://www.w3.org/1999/xhtml">
<!--Notes by CellDesigner-->
<body>
Long Name:  Adenylate Cyclase
Synonym:  AC
Accession:  P01043
</body>
</html>
</notes>
<annotation>
<celldesigner:positionToCompartment>inside</celldesigner:positionToCompartment>
<celldesigner:speciesIdentity>
<celldesigner:class>PROTEIN</celldesigner:class>
<celldesigner:proteinReference>p5</celldesigner:proteinReference>
</celldesigner:speciesIdentity>
<celldesigner:listOfCatalyzedReactions>
<celldesigner:catalyzed reaction="r31"/>
</celldesigner:listOfCatalyzedReactions>
</annotation>
</species>
<species compartment="c9" initialAmount="0.0" name="s87">
<notes>
<html xmlns="http://www.w3.org/1999/xhtml">
<!--Notes by CellDesigner-->
<body>
Long Name:  Protein Kinase A
Synonym:  PKA
Accession:  P01035
</body>
</html>
</notes>
<annotation>
<celldesigner:positionToCompartment>inside</celldesigner:positionToCompartment>
<celldesigner:speciesIdentity>
<celldesigner:class>PROTEIN</celldesigner:class>
<celldesigner:proteinReference>p6</celldesigner:proteinReference>
</celldesigner:speciesIdentity>
<celldesigner:listOfCatalyzedReactions>
<celldesigner:catalyzed reaction="r61"/>
</celldesigner:listOfCatalyzedReactions>
</annotation>
</species>
<species compartment="c9" initialAmount="0.0" name="s101">
<notes>
<html xmlns="http://www.w3.org/1999/xhtml">
<!--Notes by CellDesigner-->
<body>
Long Name:  Long Name:  Long name not specified
Synonym:  Synonym not specified
Accession:  U05374
Heterodimer Member Info:  GDP#SIMPLE_MOLECULE#GDP#S01759##;mGluR4/6/7/8#PROTEIN#mGluR4/6/7/8#P01044#GRM4|GRM6|GRM7|GRM8|mGlu 4|mGlu 6|mGlu 7|mGlu 8|mGlu4|mGlu6|mGlu7|mGlu8|mGluR4|mGluR6|mGluR7|mGluR8#;Glutamate#SIMPLE_MOLECULE#Glutamate#S01763##;G-Protein#PROTEIN#Gi#P01045##
</body>
</html>
</notes>
<annotation>
<celldesigner:positionToCompartment>transmembrane</celldesigner:positionToCompartment>
<celldesigner:heterodimerIdentity>
<celldesigner:listOfHeterodimerEntries>
<celldesigner:heterodimerEntry innerId="inner0" originalSpecies="unknown">
<celldesigner:class>PROTEIN</celldesigner:class>
<celldesigner:proteinReference>p1</celldesigner:proteinReference>
</celldesigner:heterodimerEntry>
<celldesigner:heterodimerEntry innerId="inner1" originalSpecies="unknown">
<celldesigner:class>SIMPLE_MOLECULE</celldesigner:class>
<celldesigner:name>Glutamate</celldesigner:name>
</celldesigner:heterodimerEntry>
<celldesigner:heterodimerEntry innerId="inner2" originalSpecies="unknown">
<celldesigner:class>PROTEIN</celldesigner:class>
<celldesigner:proteinReference>p11</celldesigner:proteinReference>
</celldesigner:heterodimerEntry>
<celldesigner:heterodimerEntry innerId="inner3" originalSpecies="unknown">
<celldesigner:class>SIMPLE_MOLECULE</celldesigner:class>
<celldesigner:name>GDP</celldesigner:name>
</celldesigner:heterodimerEntry>
</celldesigner:listOfHeterodimerEntries>
</celldesigner:heterodimerIdentity>
</annotation>
</species>
<species compartment="c6" initialAmount="0.0" name="s106">
<notes>
<html xmlns="http://www.w3.org/1999/xhtml">
<!--Notes by CellDesigner-->
<body>
Long Name:  Long Name:  Long name not specified
Synonym:  Synonym not specified
Accession:  U05377
Heterodimer Member Info:  Ca2+#ION#Ca2+#U02459##;SNARE Complex#PROTEIN#N-ethylmaleimide-sensitive factor attachment protein receptor#P01042#SNARE#
</body>
</html>
</notes>
<annotation>
<celldesigner:positionToCompartment>transmembrane</celldesigner:positionToCompartment>
<celldesigner:heterodimerIdentity>
<celldesigner:listOfHeterodimerEntries>
<celldesigner:heterodimerEntry innerId="inner0" originalSpecies="unknown">
<celldesigner:class>PROTEIN</celldesigner:class>
<celldesigner:proteinReference>p10</celldesigner:proteinReference>
</celldesigner:heterodimerEntry>
<celldesigner:heterodimerEntry innerId="inner1" originalSpecies="unknown">
<celldesigner:class>ION</celldesigner:class>
<celldesigner:name>Ca_super_2+</celldesigner:name>
</celldesigner:heterodimerEntry>
</celldesigner:listOfHeterodimerEntries>
</celldesigner:heterodimerIdentity>
</annotation>
</species>
<species compartment="c9" initialAmount="0.0" name="s109">
<notes>
<html xmlns="http://www.w3.org/1999/xhtml">
<!--Notes by CellDesigner-->
<body>
Long Name:  Long Name:  Long name not specified
Synonym:  Synonym not specified
Accession:  U05368
Heterodimer Member Info:  EAAT#PROTEIN#Excitatory amino acid transporter#P01036#EAAT1|GLAST1|GLT-1#;Glutamate#SIMPLE_MOLECULE#Glutamate#S01763##
</body>
</html>
</notes>
<annotation>
<celldesigner:positionToCompartment>transmembrane</celldesigner:positionToCompartment>
<celldesigner:heterodimerIdentity>
<celldesigner:listOfHeterodimerEntries>
<celldesigner:heterodimerEntry innerId="inner0" originalSpecies="unknown">
<celldesigner:class>PROTEIN</celldesigner:class>
<celldesigner:proteinReference>p16</celldesigner:proteinReference>
</celldesigner:heterodimerEntry>
<celldesigner:heterodimerEntry innerId="inner1" originalSpecies="unknown">
<celldesigner:class>SIMPLE_MOLECULE</celldesigner:class>
<celldesigner:name>Glutamate</celldesigner:name>
</celldesigner:heterodimerEntry>
</celldesigner:listOfHeterodimerEntries>
</celldesigner:heterodimerIdentity>
</annotation>
</species>
<species compartment="c6" initialAmount="0.0" name="s112">
<notes>
<html xmlns="http://www.w3.org/1999/xhtml">
<!--Notes by CellDesigner-->
<body>
Long Name:  Long Name:  Long name not specified
Synonym:  Synonym not specified
Accession:  U05370
Heterodimer Member Info:  Vglut#PROTEIN#Vesicular Glutamate Transporter#P01038#Vglut#;Glutamate#SIMPLE_MOLECULE#Glutamate#S01763##
</body>
</html>
</notes>
<annotation>
<celldesigner:positionToCompartment>transmembrane</celldesigner:positionToCompartment>
<celldesigner:heterodimerIdentity>
<celldesigner:listOfHeterodimerEntries>
<celldesigner:heterodimerEntry innerId="inner0" originalSpecies="unknown">
<celldesigner:class>PROTEIN</celldesigner:class>
<celldesigner:proteinReference>p17</celldesigner:proteinReference>
</celldesigner:heterodimerEntry>
<celldesigner:heterodimerEntry innerId="inner1" originalSpecies="unknown">
<celldesigner:class>SIMPLE_MOLECULE</celldesigner:class>
<celldesigner:name>Glutamate</celldesigner:name>
</celldesigner:heterodimerEntry>
</celldesigner:listOfHeterodimerEntries>
</celldesigner:heterodimerIdentity>
</annotation>
</species>
<species compartment="c8" initialAmount="0.0" name="s114">
<notes>
<html xmlns="http://www.w3.org/1999/xhtml">
<!--Notes by CellDesigner-->
<body>
Long Name:  Long Name:  Long name not specified
Synonym:  Synonym not specified
Accession:  U05372
Heterodimer Member Info:  EAAT#PROTEIN#Excitatory amino acid transporter#P01036#EAAT1|GLAST1|GLT-1#;Glutamate#SIMPLE_MOLECULE#Glutamate#S01763##
</body>
</html>
</notes>
<annotation>
<celldesigner:positionToCompartment>transmembrane</celldesigner:positionToCompartment>
<celldesigner:heterodimerIdentity>
<celldesigner:listOfHeterodimerEntries>
<celldesigner:heterodimerEntry innerId="inner0" originalSpecies="unknown">
<celldesigner:class>PROTEIN</celldesigner:class>
<celldesigner:proteinReference>p16</celldesigner:proteinReference>
</celldesigner:heterodimerEntry>
<celldesigner:heterodimerEntry innerId="inner1" originalSpecies="unknown">
<celldesigner:class>SIMPLE_MOLECULE</celldesigner:class>
<celldesigner:name>Glutamate</celldesigner:name>
</celldesigner:heterodimerEntry>
</celldesigner:listOfHeterodimerEntries>
</celldesigner:heterodimerIdentity>
</annotation>
</species>
<species compartment="c8" initialAmount="0.0" name="s116">
<notes>
<html xmlns="http://www.w3.org/1999/xhtml">
<!--Notes by CellDesigner-->
<body>
Long Name:  Long Name:  Long name not specified
Synonym:  Synonym not specified
Accession:  U05373
Heterodimer Member Info:  mGluR 5#PROTEIN#Metabotropic Glutamate Receptor 5#P01037#mGlu5|mGluR5#;Glutamate#SIMPLE_MOLECULE#Glutamate#S01763##
</body>
</html>
</notes>
<annotation>
<celldesigner:positionToCompartment>transmembrane</celldesigner:positionToCompartment>
<celldesigner:heterodimerIdentity>
<celldesigner:listOfHeterodimerEntries>
<celldesigner:heterodimerEntry innerId="inner0" originalSpecies="unknown">
<celldesigner:class>PROTEIN</celldesigner:class>
<celldesigner:proteinReference>p13</celldesigner:proteinReference>
</celldesigner:heterodimerEntry>
<celldesigner:heterodimerEntry innerId="inner1" originalSpecies="unknown">
<celldesigner:class>SIMPLE_MOLECULE</celldesigner:class>
<celldesigner:name>Glutamate</celldesigner:name>
</celldesigner:heterodimerEntry>
</celldesigner:listOfHeterodimerEntries>
</celldesigner:heterodimerIdentity>
</annotation>
</species>
<species compartment="c7" initialAmount="0.0" name="s120">
<notes>
<html xmlns="http://www.w3.org/1999/xhtml">
<!--Notes by CellDesigner-->
<body>
Long Name:  Long Name:  Long name not specified
Synonym:  Synonym not specified
Accession:  U05378
Heterodimer Member Info:  Glutamate#SIMPLE_MOLECULE#Glutamate#S01763##;A/K#PROTEIN#AMPA/Kainate Receptor#P01046#A/K|AK|AMPA|AMPA Receptor|KA receptor|Kainate|Kainate Receptor#
</body>
</html>
</notes>
<annotation>
<celldesigner:positionToCompartment>transmembrane</celldesigner:positionToCompartment>
<celldesigner:heterodimerIdentity>
<celldesigner:listOfHeterodimerEntries>
<celldesigner:heterodimerEntry innerId="inner0" originalSpecies="unknown">
<celldesigner:class>PROTEIN</celldesigner:class>
<celldesigner:proteinReference>p15</celldesigner:proteinReference>
</celldesigner:heterodimerEntry>
<celldesigner:heterodimerEntry innerId="inner1" originalSpecies="unknown">
<celldesigner:class>SIMPLE_MOLECULE</celldesigner:class>
<celldesigner:name>Glutamate</celldesigner:name>
</celldesigner:heterodimerEntry>
</celldesigner:listOfHeterodimerEntries>
</celldesigner:heterodimerIdentity>
</annotation>
</species>
<species compartment="c7" initialAmount="0.0" name="s123">
<notes>
<html xmlns="http://www.w3.org/1999/xhtml">
<!--Notes by CellDesigner-->
<body>
Long Name:  Long Name:  Long name not specified
Synonym:  Synonym not specified
Accession:  U05371
Heterodimer Member Info:  NMDA#PROTEIN#N-methyl-D-aspartate Receptor#P01039#NMDA|NMDA Receptor#;Glutamate#SIMPLE_MOLECULE#Glutamate#S01763##
</body>
</html>
</notes>
<annotation>
<celldesigner:positionToCompartment>transmembrane</celldesigner:positionToCompartment>
<celldesigner:heterodimerIdentity>
<celldesigner:listOfHeterodimerEntries>
<celldesigner:heterodimerEntry innerId="inner0" originalSpecies="unknown">
<celldesigner:class>PROTEIN</celldesigner:class>
<celldesigner:proteinReference>p14</celldesigner:proteinReference>
</celldesigner:heterodimerEntry>
<celldesigner:heterodimerEntry innerId="inner1" originalSpecies="unknown">
<celldesigner:class>SIMPLE_MOLECULE</celldesigner:class>
<celldesigner:name>Glutamate</celldesigner:name>
</celldesigner:heterodimerEntry>
</celldesigner:listOfHeterodimerEntries>
</celldesigner:heterodimerIdentity>
</annotation>
</species>
<species compartment="c7" initialAmount="0.0" name="s124">
<notes>
<html xmlns="http://www.w3.org/1999/xhtml">
<!--Notes by CellDesigner-->
<body>
Long Name:  Long Name:  Long name not specified
Synonym:  Synonym not specified
Accession:  U05376
Heterodimer Member Info:  mGluR 1/5#PROTEIN#Metabotropic Glutamate Receptor 1, Metabotropic Glutamate Receptor 5#P01040#GRM1|GRM5|mGlu1|mGlu5|mGluR1|mGluR5#;Glutamate#SIMPLE_MOLECULE#Glutamate#S01763##
</body>
</html>
</notes>
<annotation>
<celldesigner:positionToCompartment>transmembrane</celldesigner:positionToCompartment>
<celldesigner:heterodimerIdentity>
<celldesigner:listOfHeterodimerEntries>
<celldesigner:heterodimerEntry innerId="inner0" originalSpecies="unknown">
<celldesigner:class>PROTEIN</celldesigner:class>
<celldesigner:proteinReference>p12</celldesigner:proteinReference>
</celldesigner:heterodimerEntry>
<celldesigner:heterodimerEntry innerId="inner1" originalSpecies="unknown">
<celldesigner:class>SIMPLE_MOLECULE</celldesigner:class>
<celldesigner:name>Glutamate</celldesigner:name>
</celldesigner:heterodimerEntry>
</celldesigner:listOfHeterodimerEntries>
</celldesigner:heterodimerIdentity>
</annotation>
</species>
</listOfSpecies>
<listOfReactions>
<reaction name="r31" reversible="false">
<annotation>
<celldesigner:reactionType>STATE_TRANSITION</celldesigner:reactionType>
<celldesigner:baseReactants>s51</celldesigner:baseReactants>
<celldesigner:baseProducts>s50</celldesigner:baseProducts>
<celldesigner:editPoints>0.33333333333333304,-4.440892098500626E-16 0.6666666666666679,-4.440892098500626E-16</celldesigner:editPoints>
<celldesigner:listOfModification>
<celldesigner:modification aliases="a53" editPoints="0.3333333333333335,0.0 0.6666666666666665,-1.7763568394002505E-15" modifiers="s86" targetLineIndex="-1,1" type="CATALYSIS"/>
</celldesigner:listOfModification>
</annotation>
<listOfReactants>
<speciesReference species="s51">
<annotation>
<celldesigner:alias>a57</celldesigner:alias>
</annotation>
</speciesReference>
</listOfReactants>
<listOfProducts>
<speciesReference species="s50">
<annotation>
<celldesigner:alias>a56</celldesigner:alias>
</annotation>
</speciesReference>
</listOfProducts>
</reaction>
<reaction name="r56" reversible="false">
<annotation>
<celldesigner:reactionType>HETERODIMER_ASSOCIATION</celldesigner:reactionType>
<celldesigner:baseReactants>s4,s75</celldesigner:baseReactants>
<celldesigner:baseProducts>s101</celldesigner:baseProducts>
<celldesigner:editPoints>0.3333333333333335,0.0 0.6666666666666665,-2.220446049250313E-16 0.3333333333333339,0.0 0.6666666666666679,0.0 0.33333333333333304,4.440892098500626E-16 0.6666666666666665,4.440892098500626E-16 0.3333333333333326,0.3333333333333337</celldesigner:editPoints>
</annotation>
<listOfReactants>
<speciesReference species="s4">
<annotation>
<celldesigner:alias>a4</celldesigner:alias>
</annotation>
</speciesReference>
<speciesReference species="s75">
<annotation>
<celldesigner:alias>a85</celldesigner:alias>
</annotation>
</speciesReference>
</listOfReactants>
<listOfProducts>
<speciesReference species="s101">
<annotation>
<celldesigner:alias>a106</celldesigner:alias>
</annotation>
</speciesReference>
</listOfProducts>
</reaction>
<reaction name="r57" reversible="false">
<annotation>
<celldesigner:reactionType>DISSOCIATION</celldesigner:reactionType>
<celldesigner:baseReactants>s101</celldesigner:baseReactants>
<celldesigner:baseProducts>s35,s73</celldesigner:baseProducts>
<celldesigner:listOfReactantLinks>
<celldesigner:reactantLink alias="a19" reactant="s19" targetLineIndex="0,1"/>
</celldesigner:listOfReactantLinks>
<celldesigner:listOfProductLinks>
<celldesigner:productLink alias="a23" product="s20" targetLineIndex="0,1"/>
</celldesigner:listOfProductLinks>
<celldesigner:editPoints>0.33333333333333304,-2.220446049250313E-16 0.6666666666666661,-2.220446049250313E-16 0.33333333333333304,1.7763568394002505E-15 0.6666666666666652,0.0 0.33333333333333304,4.440892098500626E-16 0.6666666666666661,0.0 0.3333333333333336,0.3333333333333335</celldesigner:editPoints>
</annotation>
<listOfReactants>
<speciesReference species="s101">
<annotation>
<celldesigner:alias>a106</celldesigner:alias>
</annotation>
</speciesReference>
<speciesReference species="s19">
<annotation>
<celldesigner:alias>a19</celldesigner:alias>
</annotation>
</speciesReference>
</listOfReactants>
<listOfProducts>
<speciesReference species="s35">
<annotation>
<celldesigner:alias>a37</celldesigner:alias>
</annotation>
</speciesReference>
<speciesReference species="s73">
<annotation>
<celldesigner:alias>a83</celldesigner:alias>
</annotation>
</speciesReference>
<speciesReference species="s20">
<annotation>
<celldesigner:alias>a23</celldesigner:alias>
</annotation>
</speciesReference>
</listOfProducts>
</reaction>
<reaction name="r58" reversible="false">
<annotation>
<celldesigner:reactionType>STATE_TRANSITION</celldesigner:reactionType>
<celldesigner:baseReactants>s86</celldesigner:baseReactants>
<celldesigner:baseProducts>s86</celldesigner:baseProducts>
<celldesigner:editPoints>0.33333333333333304,8.881784197001252E-16 0.6666666666666661,-8.881784197001252E-16</celldesigner:editPoints>
<celldesigner:listOfModification>
<celldesigner:modification aliases="a83" editPoints="0.3333333333333335,0.0 0.6666666666666674,-8.881784197001252E-16" modifiers="s73" targetLineIndex="-1,1" type="CATALYSIS"/>
</celldesigner:listOfModification>
</annotation>
<listOfReactants>
<speciesReference species="s86">
<annotation>
<celldesigner:alias>a86</celldesigner:alias>
</annotation>
</speciesReference>
</listOfReactants>
<listOfProducts>
<speciesReference species="s86">
<annotation>
<celldesigner:alias>a53</celldesigner:alias>
</annotation>
</speciesReference>
</listOfProducts>
</reaction>
<reaction name="r59" reversible="false">
<annotation>
<celldesigner:reactionType>STATE_TRANSITION</celldesigner:reactionType>
<celldesigner:baseReactants>s87</celldesigner:baseReactants>
<celldesigner:baseProducts>s87</celldesigner:baseProducts>
<celldesigner:editPoints>0.33333333333333215,8.881784197001252E-16 0.6666666666666661,8.881784197001252E-16</celldesigner:editPoints>
<celldesigner:listOfModification>
<celldesigner:modification aliases="a56" editPoints="0.33333333333333215,-8.881784197001252E-16 0.6666666666666661,0.0" modifiers="s50" targetLineIndex="-1,1" type="CATALYSIS"/>
</celldesigner:listOfModification>
</annotation>
<listOfReactants>
<speciesReference species="s87">
<annotation>
<celldesigner:alias>a58</celldesigner:alias>
</annotation>
</speciesReference>
</listOfReactants>
<listOfProducts>
<speciesReference species="s87">
<annotation>
<celldesigner:alias>a89</celldesigner:alias>
</annotation>
</speciesReference>
</listOfProducts>
</reaction>
<reaction name="r61" reversible="false">
<annotation>
<celldesigner:reactionType>STATE_TRANSITION</celldesigner:reactionType>
<celldesigner:baseReactants>s88</celldesigner:baseReactants>
<celldesigner:baseProducts>s88</celldesigner:baseProducts>
<celldesigner:editPoints>0.3333333333333339,-4.440892098500626E-16 0.6666666666666665,-1.7763568394002505E-15</celldesigner:editPoints>
<celldesigner:listOfModification>
<celldesigner:modification aliases="a89" editPoints="0.3333333333333335,0.0 0.6666666666666665,0.0" modifiers="s87" targetLineIndex="-1,1" type="CATALYSIS"/>
</celldesigner:listOfModification>
</annotation>
<listOfReactants>
<speciesReference species="s88">
<annotation>
<celldesigner:alias>a61</celldesigner:alias>
</annotation>
</speciesReference>
</listOfReactants>
<listOfProducts>
<speciesReference species="s88">
<annotation>
<celldesigner:alias>a87</celldesigner:alias>
</annotation>
</speciesReference>
</listOfProducts>
</reaction>
<reaction name="r62" reversible="false">
<annotation>
<celldesigner:reactionType>TRANSPORT</celldesigner:reactionType>
<celldesigner:baseReactants>s58</celldesigner:baseReactants>
<celldesigner:baseProducts>s89</celldesigner:baseProducts>
<celldesigner:editPoints>0.3333333333333335,0.0 0.6666666666666665,4.440892098500626E-16</celldesigner:editPoints>
</annotation>
<listOfReactants>
<speciesReference species="s58">
<annotation>
<celldesigner:alias>a64</celldesigner:alias>
</annotation>
</speciesReference>
</listOfReactants>
<listOfProducts>
<speciesReference species="s89">
<annotation>
<celldesigner:alias>a65</celldesigner:alias>
</annotation>
</speciesReference>
</listOfProducts>
</reaction>
<reaction name="r63" reversible="false">
<annotation>
<celldesigner:reactionType>HETERODIMER_ASSOCIATION</celldesigner:reactionType>
<celldesigner:baseReactants>s89,s61</celldesigner:baseReactants>
<celldesigner:baseProducts>s106</celldesigner:baseProducts>
<celldesigner:offset x="10.0" y="-35.0"/>
<celldesigner:editPoints>0.33333333333333304,0.0 0.666666666666667,0.0 0.3333333333333357,-9.992007221626409E-16 0.6666666666666679,-1.4432899320127035E-15 0.3333333333333335,2.220446049250313E-16 0.666666666666667,0.0 0.3333333333333335,0.3333333333333335</celldesigner:editPoints>
</annotation>
<listOfReactants>
<speciesReference species="s89">
<annotation>
<celldesigner:alias>a65</celldesigner:alias>
</annotation>
</speciesReference>
<speciesReference species="s61">
<annotation>
<celldesigner:alias>a107</celldesigner:alias>
</annotation>
</speciesReference>
</listOfReactants>
<listOfProducts>
<speciesReference species="s106">
<annotation>
<celldesigner:alias>a111</celldesigner:alias>
</annotation>
</speciesReference>
</listOfProducts>
</reaction>
<reaction name="r64" reversible="false">
<annotation>
<celldesigner:reactionType>TRANSPORT</celldesigner:reactionType>
<celldesigner:baseReactants>s65</celldesigner:baseReactants>
<celldesigner:baseProducts>s4</celldesigner:baseProducts>
<celldesigner:editPoints>0.10502423226613473,-0.32539146193226565 0.6736918165239034,-0.11714210566616412</celldesigner:editPoints>
</annotation>
<listOfReactants>
<speciesReference species="s65">
<annotation>
<celldesigner:alias>a71</celldesigner:alias>
</annotation>
</speciesReference>
</listOfReactants>
<listOfProducts>
<speciesReference species="s4">
<annotation>
<celldesigner:alias>a4</celldesigner:alias>
</annotation>
</speciesReference>
</listOfProducts>
</reaction>
<reaction name="r65" reversible="false">
<annotation>
<celldesigner:reactionType>HETERODIMER_ASSOCIATION</celldesigner:reactionType>
<celldesigner:baseReactants>s4,s91</celldesigner:baseReactants>
<celldesigner:baseProducts>s109</celldesigner:baseProducts>
<celldesigner:offset x="-66.0" y="-3.0"/>
<celldesigner:editPoints>0.3333333333333332,2.220446049250313E-16 0.6666666666666665,4.440892098500626E-16 0.2693224542092758,-0.09171281954929977 0.6044271064822316,-0.13903923807003027 0.33333333333333326,-4.440892098500626E-16 0.6666666666666666,0.0 28.333240797147823,-24.10032207733454</celldesigner:editPoints>
</annotation>
<listOfReactants>
<speciesReference species="s4">
<annotation>
<celldesigner:alias>a4</celldesigner:alias>
</annotation>
</speciesReference>
<speciesReference species="s91">
<annotation>
<celldesigner:alias>a112</celldesigner:alias>
</annotation>
</speciesReference>
</listOfReactants>
<listOfProducts>
<speciesReference species="s109">
<annotation>
<celldesigner:alias>a114</celldesigner:alias>
</annotation>
</speciesReference>
</listOfProducts>
</reaction>
<reaction name="r66" reversible="false">
<annotation>
<celldesigner:reactionType>DISSOCIATION</celldesigner:reactionType>
<celldesigner:baseReactants>s109</celldesigner:baseReactants>
<celldesigner:baseProducts>s91,s94</celldesigner:baseProducts>
<celldesigner:offset x="0.0" y="-6.0"/>
<celldesigner:editPoints>0.3782644477991006,-0.0018045580151913043 0.6666666666666679,2.220446049250313E-16 0.3333333333333335,4.440892098500626E-16 0.6666666666666674,0.0 0.33333333333333304,1.1102230246251565E-16 0.666666666666667,1.6653345369377348E-16 -0.4742321908927297,0.34986169776811704</celldesigner:editPoints>
</annotation>
<listOfReactants>
<speciesReference species="s109">
<annotation>
<celldesigner:alias>a114</celldesigner:alias>
</annotation>
</speciesReference>
</listOfReactants>
<listOfProducts>
<speciesReference species="s91">
<annotation>
<celldesigner:alias>a112</celldesigner:alias>
</annotation>
</speciesReference>
<speciesReference species="s94">
<annotation>
<celldesigner:alias>a97</celldesigner:alias>
</annotation>
</speciesReference>
</listOfProducts>
</reaction>
<reaction name="r67" reversible="false">
<annotation>
<celldesigner:reactionType>HETERODIMER_ASSOCIATION</celldesigner:reactionType>
<celldesigner:baseReactants>s94,s95</celldesigner:baseReactants>
<celldesigner:baseProducts>s112</celldesigner:baseProducts>
<celldesigner:editPoints>0.33333333333333326,-1.7763568394002505E-15 0.6666666666666665,0.0 0.3333333333333286,3.552713678800501E-15 0.6666666666666714,7.105427357601002E-15 0.33333333333333326,-8.881784197001252E-16 0.6666666666666667,0.0 -0.07813007520676152,0.42657971666291794</celldesigner:editPoints>
</annotation>
<listOfReactants>
<speciesReference species="s94">
<annotation>
<celldesigner:alias>a97</celldesigner:alias>
</annotation>
</speciesReference>
<speciesReference species="s95">
<annotation>
<celldesigner:alias>a98</celldesigner:alias>
</annotation>
</speciesReference>
</listOfReactants>
<listOfProducts>
<speciesReference species="s112">
<annotation>
<celldesigner:alias>a117</celldesigner:alias>
</annotation>
</speciesReference>
</listOfProducts>
</reaction>
<reaction name="r68" reversible="false">
<annotation>
<celldesigner:reactionType>DISSOCIATION</celldesigner:reactionType>
<celldesigner:baseReactants>s112</celldesigner:baseReactants>
<celldesigner:baseProducts>s65,s95</celldesigner:baseProducts>
<celldesigner:editPoints>0.33333333333333304,4.440892098500626E-16 0.6666666666666656,0.0 0.33333333333333304,-6.661338147750939E-16 0.666666666666667,-4.440892098500626E-16 0.33333333333333326,-8.881784197001252E-16 0.6666666666666665,-8.881784197001252E-16 0.3333333333333339,0.33333333333333326</celldesigner:editPoints>
</annotation>
<listOfReactants>
<speciesReference species="s112">
<annotation>
<celldesigner:alias>a117</celldesigner:alias>
</annotation>
</speciesReference>
</listOfReactants>
<listOfProducts>
<speciesReference species="s65">
<annotation>
<celldesigner:alias>a71</celldesigner:alias>
</annotation>
</speciesReference>
<speciesReference species="s95">
<annotation>
<celldesigner:alias>a98</celldesigner:alias>
</annotation>
</speciesReference>
</listOfProducts>
</reaction>
<reaction name="r69" reversible="false">
<annotation>
<celldesigner:reactionType>HETERODIMER_ASSOCIATION</celldesigner:reactionType>
<celldesigner:baseReactants>s4,s90</celldesigner:baseReactants>
<celldesigner:baseProducts>s114</celldesigner:baseProducts>
<celldesigner:editPoints>0.3333333333333326,0.0 0.6666666666666665,0.0 0.3333333333333339,0.0 0.6666666666666661,0.0 0.3333333333333339,0.0 0.666666666666667,0.0 0.33333333333333215,0.33333333333333215</celldesigner:editPoints>
</annotation>
<listOfReactants>
<speciesReference species="s4">
<annotation>
<celldesigner:alias>a4</celldesigner:alias>
</annotation>
</speciesReference>
<speciesReference species="s90">
<annotation>
<celldesigner:alias>a95</celldesigner:alias>
</annotation>
</speciesReference>
</listOfReactants>
<listOfProducts>
<speciesReference species="s114">
<annotation>
<celldesigner:alias>a121</celldesigner:alias>
</annotation>
</speciesReference>
</listOfProducts>
</reaction>
<reaction name="r70" reversible="false">
<annotation>
<celldesigner:reactionType>HETERODIMER_ASSOCIATION</celldesigner:reactionType>
<celldesigner:baseReactants>s78,s4</celldesigner:baseReactants>
<celldesigner:baseProducts>s116</celldesigner:baseProducts>
<celldesigner:editPoints>0.33333333333333304,4.440892098500626E-16 0.6666666666666661,4.440892098500626E-16 0.3333333333333335,8.881784197001252E-16 0.666666666666667,8.881784197001252E-16 0.33333333333333215,0.0 0.6666666666666679,0.0 0.3333333333333328,0.33333333333333304</celldesigner:editPoints>
</annotation>
<listOfReactants>
<speciesReference species="s78">
<annotation>
<celldesigner:alias>a92</celldesigner:alias>
</annotation>
</speciesReference>
<speciesReference species="s4">
<annotation>
<celldesigner:alias>a4</celldesigner:alias>
</annotation>
</speciesReference>
</listOfReactants>
<listOfProducts>
<speciesReference species="s116">
<annotation>
<celldesigner:alias>a123</celldesigner:alias>
</annotation>
</speciesReference>
</listOfProducts>
</reaction>
<reaction name="r71" reversible="false">
<annotation>
<celldesigner:reactionType>HETERODIMER_ASSOCIATION</celldesigner:reactionType>
<celldesigner:baseReactants>s4,s77</celldesigner:baseReactants>
<celldesigner:baseProducts>s124</celldesigner:baseProducts>
<celldesigner:editPoints>0.33333333333333304,0.0 0.666666666666667,0.0 0.33333333333333326,0.0 0.6666666666666667,0.0 0.3333333333333339,0.0 0.6666666666666679,0.0 0.33333333333333304,0.33333333333333437</celldesigner:editPoints>
</annotation>
<listOfReactants>
<speciesReference species="s4">
<annotation>
<celldesigner:alias>a4</celldesigner:alias>
</annotation>
</speciesReference>
<speciesReference species="s77">
<annotation>
<celldesigner:alias>a124</celldesigner:alias>
</annotation>
</speciesReference>
</listOfReactants>
<listOfProducts>
<speciesReference species="s124">
<annotation>
<celldesigner:alias>a134</celldesigner:alias>
</annotation>
</speciesReference>
</listOfProducts>
</reaction>
<reaction name="r72" reversible="false">
<annotation>
<celldesigner:reactionType>HETERODIMER_ASSOCIATION</celldesigner:reactionType>
<celldesigner:baseReactants>s4,s79</celldesigner:baseReactants>
<celldesigner:baseProducts>s123</celldesigner:baseProducts>
<celldesigner:editPoints>0.33333333333333304,8.326672684688674E-17 0.6666666666666665,8.326672684688674E-17 0.3333333333333339,2.220446049250313E-16 0.666666666666667,2.220446049250313E-16 0.33333333333333304,-1.1102230246251565E-16 0.666666666666667,-2.220446049250313E-16 -0.33099197766647825,0.8784920806793894</celldesigner:editPoints>
</annotation>
<listOfReactants>
<speciesReference species="s4">
<annotation>
<celldesigner:alias>a4</celldesigner:alias>
</annotation>
</speciesReference>
<speciesReference species="s79">
<annotation>
<celldesigner:alias>a125</celldesigner:alias>
</annotation>
</speciesReference>
</listOfReactants>
<listOfProducts>
<speciesReference species="s123">
<annotation>
<celldesigner:alias>a133</celldesigner:alias>
</annotation>
</speciesReference>
</listOfProducts>
</reaction>
<reaction name="r73" reversible="false">
<annotation>
<celldesigner:reactionType>HETERODIMER_ASSOCIATION</celldesigner:reactionType>
<celldesigner:baseReactants>s4,s80</celldesigner:baseReactants>
<celldesigner:baseProducts>s120</celldesigner:baseProducts>
<celldesigner:offset x="-24.0" y="-6.0"/>
<celldesigner:editPoints>0.31555183681704746,0.018649785611762393 0.6666666666666665,-1.6653345369377348E-16 0.3333333333333335,0.0 0.6666666666666667,-1.1102230246251565E-16 0.33333333333333326,2.220446049250313E-16 0.6666666666666665,4.440892098500626E-16 -1.4315195718013642,1.8829522231789135</celldesigner:editPoints>
</annotation>
<listOfReactants>
<speciesReference species="s4">
<annotation>
<celldesigner:alias>a4</celldesigner:alias>
</annotation>
</speciesReference>
<speciesReference species="s80">
<annotation>
<celldesigner:alias>a126</celldesigner:alias>
</annotation>
</speciesReference>
</listOfReactants>
<listOfProducts>
<speciesReference species="s120">
<annotation>
<celldesigner:alias>a130</celldesigner:alias>
</annotation>
</speciesReference>
</listOfProducts>
</reaction>
</listOfReactions>
</model>
</sbml>
