<?xml version="1.0" encoding="UTF-8"?>
<!-- Terms and Conditions -->
<!-- 
Copyright (C)) 2005 Applied Biosystems.  
This file may be copied and redistributed freely, without advance permission, 
provided that this Copyright statement is reproduced with each copy.  
 
LIMITATION OF WARRANTY 
NOTHING IN THIS AGREEMENT WILL BE CONSTRUED AS A REPRESENTATION MADE OR 
WARRANTY GIVEN BY APPLIED BIOSYSTEMS OR ANY THIRD PARTY THAT THE USE OF 
DATA PROVIDED HEREUNDER WILL NOT INFRINGE ANY PATENT, COPYRIGHT, TRADEMARK 
OR OTHER RIGHTS OF ANY THIRD PARTY. DATA IS PROVIDED "AS IS" WITHOUT 
WARRANTY OF ANY KIND WHATSOEVER, EXPRESS OR IMPLIED, INCLUDING IMPLIED 
WARRANTIES OF MERCHANTABILITY OR FITNESS FOR A PARTICULAR PURPOSE. APPLIED 
BIOSYSTEMS MAKES NO WARRANTY THAT ITS DATA DOES NOT CONTAIN ERRORS.
-->

<!-- Created by SBML API 2.0(a17.0) -->
<sbml level="2" version="1" xmlns="http://www.sbml.org/sbml/level2" xmlns:celldesigner="http://www.sbml.org/2001/ns/celldesigner">
<model id="Nicotinic_space_acetylcholine_space_receptor_space_signaling_space_pathway">
<notes>
<html xmlns="http://www.w3.org/1999/xhtml">
<!--Notes by CellDesigner-->
<body>
<![CDATA[
Nicotinic Acetylcholine Receptors are found on striated muscle at the neuromuscular junction and in the brain.
They are one of the best understood receptors, often used as the model ion channel/receptor.   The understanding of these receptors' actions by Fatt and Katz (1952; J Physiol 117:109-128) led to a basic understanding of neuronal transmission of information.
When activated by acetylcholine released from nerves, these receptors depolarize the muscle cell and trigger muscle contraction.
The best known agonist for these receptors is nicotine, but nicotinic acetylcholine receptors in the brain (those effected by smoking cigarettes) are still relatively poorly understood compared to nicotinic acetylcholine receptors at the neuromuscular junction.
Website=http://www.ncbi.nlm.nih.gov/entrez/query.fcgi?cmd=Retrieve&db=pubmed&dopt=Abstract&list_uids=12494401
Website=http://www.ncbi.nlm.nih.gov/entrez/query.fcgi?cmd=Retrieve&db=pubmed&dopt=Abstract&list_uids=14754450
Website=http://www.ncbi.nlm.nih.gov/entrez/query.fcgi?cmd=Retrieve&db=pubmed&dopt=Abstract&list_uids=2099742
Website=http://www.unifr.ch/biochem/DREYER/Neurotransmitters/acetylcholine.htm
]]>
</body>
</html>
</notes>
<annotation>
<celldesigner:modelVersion>2.3</celldesigner:modelVersion>
<celldesigner:modelDisplay sizeX="800" sizeY="700"/>
<celldesigner:listOfCompartmentAliases>
<celldesigner:compartmentAlias compartment="c2" id="ca2">
<celldesigner:class>SQUARE_CLOSEUP_NORTHEAST</celldesigner:class>
<celldesigner:point x="755.0" y="345.0"/>
<celldesigner:doubleLine innerWidth="1.0" outerWidth="2.0" thickness="12.0"/>
<celldesigner:paint color="ffffffff" scheme="Color"/>
</celldesigner:compartmentAlias>
<celldesigner:compartmentAlias compartment="c6" id="ca7">
<celldesigner:class>SQUARE</celldesigner:class>
<celldesigner:bounds h="137.0" w="255.0" x="441.0" y="15.0"/>
<celldesigner:doubleLine innerWidth="1.0" outerWidth="2.0" thickness="12.0"/>
<celldesigner:paint color="ffffffff" scheme="Color"/>
</celldesigner:compartmentAlias>
<celldesigner:compartmentAlias compartment="c5" id="ca8">
<celldesigner:class>SQUARE_CLOSEUP_SOUTHEAST</celldesigner:class>
<celldesigner:point x="759.0" y="164.0"/>
<celldesigner:doubleLine innerWidth="1.0" outerWidth="2.0" thickness="12.0"/>
<celldesigner:paint color="ffffffff" scheme="Color"/>
</celldesigner:compartmentAlias>
<celldesigner:compartmentAlias compartment="c7" id="ca9">
<celldesigner:class>SQUARE</celldesigner:class>
<celldesigner:bounds h="118.0" w="202.0" x="130.0" y="508.0"/>
<celldesigner:doubleLine innerWidth="1.0" outerWidth="2.0" thickness="12.0"/>
<celldesigner:paint color="ffffffff" scheme="Color"/>
</celldesigner:compartmentAlias>
</celldesigner:listOfCompartmentAliases>
<celldesigner:listOfSpeciesAliases>
<celldesigner:speciesAlias id="a4" species="s4">
<celldesigner:activity>inactive</celldesigner:activity>
<celldesigner:bounds h="36.0" w="72.0" x="372.0" y="249.0"/>
<celldesigner:singleLine width="1.0"/>
<celldesigner:paint color="ffff9999" scheme="Color"/>
</celldesigner:speciesAlias>
<celldesigner:speciesAlias compartmentAlias="ca2" id="a17" species="s108">
<celldesigner:activity>inactive</celldesigner:activity>
<celldesigner:bounds h="32.5" w="42.5" x="190.75" y="394.75"/>
<celldesigner:singleLine width="1.0"/>
<celldesigner:paint color="ffffffff" scheme="Color"/>
</celldesigner:speciesAlias>
<celldesigner:speciesAlias id="a18" species="s99">
<celldesigner:activity>inactive</celldesigner:activity>
<celldesigner:bounds h="32.5" w="42.5" x="220.75" y="271.75"/>
<celldesigner:singleLine width="1.0"/>
<celldesigner:paint color="ffffffff" scheme="Color"/>
</celldesigner:speciesAlias>
<celldesigner:speciesAlias compartmentAlias="ca7" id="a76" species="s68">
<celldesigner:activity>inactive</celldesigner:activity>
<celldesigner:bounds h="34.0" w="106.0" x="531.0" y="133.0"/>
<celldesigner:singleLine width="1.0"/>
<celldesigner:paint color="ffffffff" scheme="Color"/>
</celldesigner:speciesAlias>
<celldesigner:speciesAlias compartmentAlias="ca7" id="a77" species="s69">
<celldesigner:activity>inactive</celldesigner:activity>
<celldesigner:bounds h="36.0" w="72.0" x="540.5" y="81.0"/>
<celldesigner:singleLine width="1.0"/>
<celldesigner:paint color="ffff9999" scheme="Color"/>
</celldesigner:speciesAlias>
<celldesigner:speciesAlias compartmentAlias="ca8" id="a78" species="s70">
<celldesigner:activity>inactive</celldesigner:activity>
<celldesigner:bounds h="29.0" w="48.0" x="249.0" y="21.0"/>
<celldesigner:singleLine width="1.0"/>
<celldesigner:paint color="ffffffff" scheme="Color"/>
</celldesigner:speciesAlias>
<celldesigner:speciesAlias compartmentAlias="ca8" id="a79" species="s71">
<celldesigner:activity>inactive</celldesigner:activity>
<celldesigner:bounds h="18.0" w="74.0" x="108.0" y="17.0"/>
<celldesigner:singleLine width="1.0"/>
<celldesigner:paint color="ffff9999" scheme="Color"/>
</celldesigner:speciesAlias>
<celldesigner:speciesAlias compartmentAlias="ca8" id="a80" species="s72">
<celldesigner:activity>inactive</celldesigner:activity>
<celldesigner:bounds h="19.0" w="52.0" x="127.0" y="56.0"/>
<celldesigner:singleLine width="1.0"/>
<celldesigner:paint color="ffff9999" scheme="Color"/>
</celldesigner:speciesAlias>
<celldesigner:speciesAlias compartmentAlias="ca8" id="a81" species="s73">
<celldesigner:activity>inactive</celldesigner:activity>
<celldesigner:bounds h="36.0" w="72.0" x="252.5" y="86.0"/>
<celldesigner:singleLine width="1.0"/>
<celldesigner:paint color="ffff9999" scheme="Color"/>
</celldesigner:speciesAlias>
<celldesigner:speciesAlias id="a85" species="s77">
<celldesigner:activity>inactive</celldesigner:activity>
<celldesigner:bounds h="23.0" w="58.0" x="311.0" y="195.0"/>
<celldesigner:singleLine width="1.0"/>
<celldesigner:paint color="ffffffff" scheme="Color"/>
</celldesigner:speciesAlias>
<celldesigner:speciesAlias id="a87" species="s79">
<celldesigner:activity>inactive</celldesigner:activity>
<celldesigner:bounds h="21.0" w="75.0" x="55.0" y="238.0"/>
<celldesigner:singleLine width="1.0"/>
<celldesigner:paint color="ffff9999" scheme="Color"/>
</celldesigner:speciesAlias>
<celldesigner:speciesAlias id="a88" species="s80">
<celldesigner:activity>inactive</celldesigner:activity>
<celldesigner:bounds h="20.0" w="56.0" x="150.5" y="205.0"/>
<celldesigner:singleLine width="1.0"/>
<celldesigner:paint color="ffff9999" scheme="Color"/>
</celldesigner:speciesAlias>
<celldesigner:speciesAlias compartmentAlias="ca8" id="a89" species="s83">
<celldesigner:activity>inactive</celldesigner:activity>
<celldesigner:bounds h="37.0" w="50.0" x="191.0" y="140.0"/>
<celldesigner:singleLine width="1.0"/>
<celldesigner:paint color="ffffffff" scheme="Color"/>
</celldesigner:speciesAlias>
<celldesigner:speciesAlias id="a97" species="s100">
<celldesigner:activity>inactive</celldesigner:activity>
<celldesigner:bounds h="25.0" w="25.0" x="178.5" y="275.5"/>
<celldesigner:singleLine width="1.0"/>
<celldesigner:paint color="ffffffff" scheme="Color"/>
</celldesigner:speciesAlias>
<celldesigner:speciesAlias compartmentAlias="ca2" id="a98" species="s109">
<celldesigner:activity>inactive</celldesigner:activity>
<celldesigner:bounds h="25.0" w="25.0" x="166.5" y="401.5"/>
<celldesigner:singleLine width="1.0"/>
<celldesigner:paint color="ffffffff" scheme="Color"/>
</celldesigner:speciesAlias>
<celldesigner:speciesAlias compartmentAlias="ca7" id="a99" species="s146">
<celldesigner:activity>inactive</celldesigner:activity>
<celldesigner:bounds h="31.0" w="50.0" x="427.0" y="99.0"/>
<celldesigner:singleLine width="1.0"/>
<celldesigner:paint color="ffffffff" scheme="Color"/>
</celldesigner:speciesAlias>
<celldesigner:speciesAlias compartmentAlias="ca2" id="a74" species="s110">
<celldesigner:activity>inactive</celldesigner:activity>
<celldesigner:bounds h="42.0" w="62.0" x="310.0" y="332.0"/>
<celldesigner:singleLine width="1.0"/>
<celldesigner:paint color="ffccccff" scheme="Color"/>
</celldesigner:speciesAlias>
<celldesigner:speciesAlias compartmentAlias="ca9" id="a106" species="s106">
<celldesigner:activity>inactive</celldesigner:activity>
<celldesigner:bounds h="33.0" w="54.0" x="144.0" y="500.0"/>
<celldesigner:singleLine width="1.0"/>
<celldesigner:paint color="ffccccff" scheme="Color"/>
</celldesigner:speciesAlias>
<celldesigner:speciesAlias compartmentAlias="ca9" id="a108" species="s106">
<celldesigner:activity>active</celldesigner:activity>
<celldesigner:bounds h="32.0" w="76.0" x="237.0" y="495.5"/>
<celldesigner:singleLine width="1.0"/>
<celldesigner:paint color="ffccccff" scheme="Color"/>
</celldesigner:speciesAlias>
<celldesigner:speciesAlias compartmentAlias="ca9" id="a109" species="s114">
<celldesigner:activity>inactive</celldesigner:activity>
<celldesigner:bounds h="28.0" w="38.0" x="262.5" y="544.5"/>
<celldesigner:singleLine width="1.0"/>
<celldesigner:paint color="ffffffff" scheme="Color"/>
</celldesigner:speciesAlias>
<celldesigner:speciesAlias compartmentAlias="ca2" id="a110" species="s115">
<celldesigner:activity>inactive</celldesigner:activity>
<celldesigner:bounds h="28.0" w="38.0" x="263.0" y="450.0"/>
<celldesigner:singleLine width="1.0"/>
<celldesigner:paint color="ffffffff" scheme="Color"/>
</celldesigner:speciesAlias>
<celldesigner:speciesAlias compartmentAlias="ca2" id="a112" species="s117">
<celldesigner:activity>inactive</celldesigner:activity>
<celldesigner:bounds h="30.0" w="274.0" x="426.0" y="390.0"/>
<celldesigner:singleLine width="1.0"/>
<celldesigner:paint color="ffffffff" scheme="Color"/>
</celldesigner:speciesAlias>
<celldesigner:speciesAlias compartmentAlias="ca2" id="a117" species="s122">
<celldesigner:activity>inactive</celldesigner:activity>
<celldesigner:bounds h="30.0" w="118.0" x="516.0" y="626.0"/>
<celldesigner:singleLine width="1.0"/>
<celldesigner:paint color="ffffffff" scheme="Color"/>
</celldesigner:speciesAlias>
<celldesigner:speciesAlias compartmentAlias="ca2" id="a120" species="s125">
<celldesigner:activity>inactive</celldesigner:activity>
<celldesigner:bounds h="22.0" w="93.0" x="135.0" y="451.0"/>
<celldesigner:singleLine width="1.0"/>
<celldesigner:paint color="ffffffff" scheme="Color"/>
</celldesigner:speciesAlias>
<celldesigner:speciesAlias compartmentAlias="ca2" id="a121" species="s126">
<celldesigner:activity>inactive</celldesigner:activity>
<celldesigner:bounds h="24.0" w="33.0" x="494.0" y="462.0"/>
<celldesigner:singleLine width="1.0"/>
<celldesigner:paint color="ffff9999" scheme="Color"/>
</celldesigner:speciesAlias>
<celldesigner:speciesAlias compartmentAlias="ca2" id="a122" species="s127">
<celldesigner:activity>inactive</celldesigner:activity>
<celldesigner:bounds h="25.0" w="33.0" x="523.0" y="502.0"/>
<celldesigner:singleLine width="1.0"/>
<celldesigner:paint color="ffff9999" scheme="Color"/>
</celldesigner:speciesAlias>
<celldesigner:speciesAlias compartmentAlias="ca2" id="a146" species="s139">
<celldesigner:activity>inactive</celldesigner:activity>
<celldesigner:listOfInnerAliases>
<celldesigner:innerAlias heterodimerEntry="inner0">
<celldesigner:activity>inactive</celldesigner:activity>
<celldesigner:bounds h="45.1564035197824" w="22.0" x="426.5" y="331.947817378594"/>
<celldesigner:singleLine width="1.0"/>
<celldesigner:paint color="ffffcccc" scheme="Color"/>
</celldesigner:innerAlias>
<celldesigner:innerAlias heterodimerEntry="inner1">
<celldesigner:activity>inactive</celldesigner:activity>
<celldesigner:bounds h="45.1564035197824" w="22.0" x="448.5" y="332.9475134828748"/>
<celldesigner:singleLine width="1.0"/>
<celldesigner:paint color="ffffcccc" scheme="Color"/>
</celldesigner:innerAlias>
</celldesigner:listOfInnerAliases>
</celldesigner:speciesAlias>
<celldesigner:speciesAlias compartmentAlias="ca2" id="a155" species="s145">
<celldesigner:activity>inactive</celldesigner:activity>
<celldesigner:listOfInnerAliases>
<celldesigner:innerAlias heterodimerEntry="inner0">
<celldesigner:activity>inactive</celldesigner:activity>
<celldesigner:bounds h="41.93094612551223" w="34.0" x="471.5" y="332.4351327154918"/>
<celldesigner:singleLine width="1.0"/>
<celldesigner:paint color="ffccccff" scheme="Color"/>
</celldesigner:innerAlias>
<celldesigner:innerAlias heterodimerEntry="inner1">
<celldesigner:activity>inactive</celldesigner:activity>
<celldesigner:bounds h="41.0" w="33.0" x="505.0" y="333.96766487582994"/>
<celldesigner:singleLine width="1.0"/>
<celldesigner:paint color="ffccccff" scheme="Color"/>
</celldesigner:innerAlias>
<celldesigner:innerAlias heterodimerEntry="inner2">
<celldesigner:activity>inactive</celldesigner:activity>
<celldesigner:bounds h="41.0" w="30.0" x="538.75" y="333.9959461867803"/>
<celldesigner:singleLine width="1.0"/>
<celldesigner:paint color="ffccccff" scheme="Color"/>
</celldesigner:innerAlias>
</celldesigner:listOfInnerAliases>
</celldesigner:speciesAlias>
<celldesigner:speciesAlias compartmentAlias="ca7" id="a160" species="s147">
<celldesigner:activity>inactive</celldesigner:activity>
<celldesigner:listOfInnerAliases>
<celldesigner:innerAlias heterodimerEntry="inner0">
<celldesigner:activity>inactive</celldesigner:activity>
<celldesigner:bounds h="31.0" w="50.0" x="424.5" y="42.5"/>
<celldesigner:singleLine width="1.0"/>
<celldesigner:paint color="ffffffff" scheme="Color"/>
</celldesigner:innerAlias>
<celldesigner:innerAlias heterodimerEntry="inner1">
<celldesigner:activity>inactive</celldesigner:activity>
<celldesigner:bounds h="36.0" w="72.0" x="352.5" y="45.16949152542355"/>
<celldesigner:singleLine width="1.0"/>
<celldesigner:paint color="ffff9999" scheme="Color"/>
</celldesigner:innerAlias>
</celldesigner:listOfInnerAliases>
</celldesigner:speciesAlias>
<celldesigner:speciesAlias compartmentAlias="ca8" id="a163" species="s149">
<celldesigner:activity>inactive</celldesigner:activity>
<celldesigner:listOfInnerAliases>
<celldesigner:innerAlias heterodimerEntry="inner0">
<celldesigner:activity>inactive</celldesigner:activity>
<celldesigner:bounds h="37.0" w="50.0" x="76.5" y="136.5"/>
<celldesigner:singleLine width="1.0"/>
<celldesigner:paint color="ffffffff" scheme="Color"/>
</celldesigner:innerAlias>
<celldesigner:innerAlias heterodimerEntry="inner1">
<celldesigner:activity>inactive</celldesigner:activity>
<celldesigner:bounds h="20.0" w="56.0" x="82.83333333333354" y="173.0"/>
<celldesigner:singleLine width="1.0"/>
<celldesigner:paint color="ffff9999" scheme="Color"/>
</celldesigner:innerAlias>
</celldesigner:listOfInnerAliases>
</celldesigner:speciesAlias>
<celldesigner:speciesAlias compartmentAlias="ca2" id="a177" species="s110">
<celldesigner:activity>active</celldesigner:activity>
<celldesigner:bounds h="41.0" w="84.0" x="143.0" y="330.87499999999983"/>
<celldesigner:singleLine width="1.0"/>
<celldesigner:paint color="ffccccff" scheme="Color"/>
</celldesigner:speciesAlias>
<celldesigner:speciesAlias id="a178" species="s4">
<celldesigner:activity>inactive</celldesigner:activity>
<celldesigner:bounds h="36.0" w="72.0" x="102.0" y="299.37500000000085"/>
<celldesigner:singleLine width="1.0"/>
<celldesigner:paint color="ffff9999" scheme="Color"/>
</celldesigner:speciesAlias>
<celldesigner:speciesAlias id="a179" species="s4">
<celldesigner:activity>inactive</celldesigner:activity>
<celldesigner:bounds h="36.0" w="72.0" x="112.5" y="299.0"/>
<celldesigner:singleLine width="1.0"/>
<celldesigner:paint color="ffff9999" scheme="Color"/>
</celldesigner:speciesAlias>
<celldesigner:speciesAlias compartmentAlias="ca2" id="a111" species="s116">
<celldesigner:activity>inactive</celldesigner:activity>
<celldesigner:bounds h="32.0" w="160.0" x="355.0" y="426.0"/>
<celldesigner:singleLine width="1.0"/>
<celldesigner:paint color="ffffffff" scheme="Color"/>
</celldesigner:speciesAlias>
<celldesigner:speciesAlias compartmentAlias="ca2" id="a183" species="s166">
<celldesigner:activity>inactive</celldesigner:activity>
<celldesigner:listOfInnerAliases>
<celldesigner:innerAlias heterodimerEntry="inner0">
<celldesigner:activity>inactive</celldesigner:activity>
<celldesigner:bounds h="30.0" w="274.0" x="454.5" y="534.0"/>
<celldesigner:singleLine width="1.0"/>
<celldesigner:paint color="ffffffff" scheme="Color"/>
</celldesigner:innerAlias>
<celldesigner:innerAlias heterodimerEntry="inner1">
<celldesigner:activity>inactive</celldesigner:activity>
<celldesigner:bounds h="32.0" w="160.0" x="433.5" y="563.8372093023274"/>
<celldesigner:singleLine width="1.0"/>
<celldesigner:paint color="ffffffff" scheme="Color"/>
</celldesigner:innerAlias>
</celldesigner:listOfInnerAliases>
</celldesigner:speciesAlias>
</celldesigner:listOfSpeciesAliases>
<celldesigner:listOfGroups/>
<celldesigner:listOfProteins>
<celldesigner:protein id="p11" name="SNARE COMPLEX" type="GENERIC"/>
<celldesigner:protein id="p12" name="CAT" type="GENERIC"/>
<celldesigner:protein id="p13" name="AChE" type="GENERIC"/>
<celldesigner:protein id="p14" name="CHT1" type="GENERIC"/>
<celldesigner:protein id="p17" name="VAChT" type="GENERIC"/>
<celldesigner:protein id="p10" name="nAChR" type="ION_CHANNEL"/>
<celldesigner:protein id="p19" name="Myosin" type="GENERIC"/>
<celldesigner:protein id="p20" name="Actin" type="GENERIC"/>
<celldesigner:protein id="p21" name="_alpha_" type="RECEPTOR"/>
<celldesigner:protein id="p22" name="_beta_" type="ION_CHANNEL"/>
<celldesigner:protein id="p23" name="_gamma_" type="ION_CHANNEL"/>
<celldesigner:protein id="p24" name="_delta_" type="ION_CHANNEL"/>
<celldesigner:protein id="p18" name="Ca_super_2+_endsuper__br_channel" type="ION_CHANNEL"/>
</celldesigner:listOfProteins>
<celldesigner:listOfBlockDiagrams/>
</annotation>
<listOfCompartments>
<compartment id="default" size="1.0"/>
<compartment id="c6" name="synaptic vessicle" outside="c5" size="1.0">
<annotation>
<celldesigner:name>synaptic vessicle</celldesigner:name>
</annotation>
</compartment>
<compartment id="c7" name="Sarcoplasmic Reticulum" outside="c2" size="1.0">
<annotation>
<celldesigner:name>Sarcoplasmic Reticulum</celldesigner:name>
</annotation>
</compartment>
<compartment id="c2" name="Striated Muscle" outside="default" size="1.0">
<annotation>
<celldesigner:name>Striated Muscle</celldesigner:name>
</annotation>
</compartment>
<compartment id="c5" name="Nerve Terminal" outside="default" size="1.0">
<annotation>
<celldesigner:name>Nerve Terminal</celldesigner:name>
</annotation>
</compartment>
</listOfCompartments>
<listOfSpecies>
<species compartment="default" id="s4" initialAmount="0.0" name="ACh">
<notes>
<html xmlns="http://www.w3.org/1999/xhtml">
<!--Notes by CellDesigner-->
<body>
Long Name:  ACh
Synonym:  Synonym not specified
Accession:  S01790
</body>
</html>
</notes>
<annotation>
<celldesigner:positionToCompartment>inside</celldesigner:positionToCompartment>
<celldesigner:speciesIdentity>
<celldesigner:class>SIMPLE_MOLECULE</celldesigner:class>
<celldesigner:name>ACh</celldesigner:name>
</celldesigner:speciesIdentity>
<celldesigner:listOfCatalyzedReactions>
<celldesigner:catalyzed reaction="r95"/>
</celldesigner:listOfCatalyzedReactions>
</annotation>
</species>
<species compartment="c6" id="s68" initialAmount="0.0" name="SNARE COMPLEX">
<notes>
<html xmlns="http://www.w3.org/1999/xhtml">
<!--Notes by CellDesigner-->
<body>
Long Name:  N-ethylmaleimide-sensitive factor attachment protein receptor
Synonym:  SNARE
Accession:  P01091
</body>
</html>
</notes>
<annotation>
<celldesigner:positionToCompartment>transmembrane</celldesigner:positionToCompartment>
<celldesigner:speciesIdentity>
<celldesigner:class>PROTEIN</celldesigner:class>
<celldesigner:proteinReference>p11</celldesigner:proteinReference>
</celldesigner:speciesIdentity>
</annotation>
</species>
<species compartment="c6" id="s69" initialAmount="0.0" name="ACh">
<notes>
<html xmlns="http://www.w3.org/1999/xhtml">
<!--Notes by CellDesigner-->
<body>
Long Name:  ACh
Synonym:  Synonym not specified
Accession:  S01790
</body>
</html>
</notes>
<annotation>
<celldesigner:positionToCompartment>inside</celldesigner:positionToCompartment>
<celldesigner:speciesIdentity>
<celldesigner:class>SIMPLE_MOLECULE</celldesigner:class>
<celldesigner:name>ACh</celldesigner:name>
</celldesigner:speciesIdentity>
</annotation>
</species>
<species compartment="c5" id="s70" initialAmount="0.0" name="CAT">
<notes>
<html xmlns="http://www.w3.org/1999/xhtml">
<!--Notes by CellDesigner-->
<body>
Long Name:  choline acetyltransferase
Synonym:  CAT,CHAT
Accession:  P01087
</body>
</html>
</notes>
<annotation>
<celldesigner:positionToCompartment>inside</celldesigner:positionToCompartment>
<celldesigner:speciesIdentity>
<celldesigner:class>PROTEIN</celldesigner:class>
<celldesigner:proteinReference>p12</celldesigner:proteinReference>
</celldesigner:speciesIdentity>
<celldesigner:listOfCatalyzedReactions>
<celldesigner:catalyzed reaction="r56"/>
</celldesigner:listOfCatalyzedReactions>
</annotation>
</species>
<species compartment="c5" id="s72" initialAmount="0.0" name="choline">
<notes>
<html xmlns="http://www.w3.org/1999/xhtml">
<!--Notes by CellDesigner-->
<body>
Long Name:  choline
Synonym:  Synonym not specified
Accession:  S01792
</body>
</html>
</notes>
<annotation>
<celldesigner:positionToCompartment>inside</celldesigner:positionToCompartment>
<celldesigner:speciesIdentity>
<celldesigner:class>SIMPLE_MOLECULE</celldesigner:class>
<celldesigner:name>choline</celldesigner:name>
</celldesigner:speciesIdentity>
</annotation>
</species>
<species compartment="c5" id="s71" initialAmount="0.0" name="Acetyl CoA">
<notes>
<html xmlns="http://www.w3.org/1999/xhtml">
<!--Notes by CellDesigner-->
<body>
Long Name:  Acetyl CoA
Synonym:  Synonym not specified
Accession:  S01794
</body>
</html>
</notes>
<annotation>
<celldesigner:positionToCompartment>inside</celldesigner:positionToCompartment>
<celldesigner:speciesIdentity>
<celldesigner:class>SIMPLE_MOLECULE</celldesigner:class>
<celldesigner:name>Acetyl CoA</celldesigner:name>
</celldesigner:speciesIdentity>
</annotation>
</species>
<species compartment="c5" id="s73" initialAmount="0.0" name="ACh">
<notes>
<html xmlns="http://www.w3.org/1999/xhtml">
<!--Notes by CellDesigner-->
<body>
Long Name:  ACh
Synonym:  Synonym not specified
Accession:  S01790
</body>
</html>
</notes>
<annotation>
<celldesigner:positionToCompartment>inside</celldesigner:positionToCompartment>
<celldesigner:speciesIdentity>
<celldesigner:class>SIMPLE_MOLECULE</celldesigner:class>
<celldesigner:name>ACh</celldesigner:name>
</celldesigner:speciesIdentity>
</annotation>
</species>
<species compartment="default" id="s77" initialAmount="0.0" name="AChE">
<notes>
<html xmlns="http://www.w3.org/1999/xhtml">
<!--Notes by CellDesigner-->
<body>
Long Name:  acetylcholinesterase
Synonym:  ACHE,AChE
Accession:  P01093
</body>
</html>
</notes>
<annotation>
<celldesigner:positionToCompartment>inside</celldesigner:positionToCompartment>
<celldesigner:speciesIdentity>
<celldesigner:class>PROTEIN</celldesigner:class>
<celldesigner:proteinReference>p13</celldesigner:proteinReference>
</celldesigner:speciesIdentity>
<celldesigner:listOfCatalyzedReactions>
<celldesigner:catalyzed reaction="r59"/>
</celldesigner:listOfCatalyzedReactions>
</annotation>
</species>
<species compartment="default" id="s79" initialAmount="0.0" name="Acetyl CoA">
<notes>
<html xmlns="http://www.w3.org/1999/xhtml">
<!--Notes by CellDesigner-->
<body>
Long Name:  Acetyl CoA
Synonym:  Synonym not specified
Accession:  S01794
</body>
</html>
</notes>
<annotation>
<celldesigner:positionToCompartment>inside</celldesigner:positionToCompartment>
<celldesigner:speciesIdentity>
<celldesigner:class>SIMPLE_MOLECULE</celldesigner:class>
<celldesigner:name>Acetyl CoA</celldesigner:name>
</celldesigner:speciesIdentity>
</annotation>
</species>
<species compartment="default" id="s80" initialAmount="0.0" name="choline">
<notes>
<html xmlns="http://www.w3.org/1999/xhtml">
<!--Notes by CellDesigner-->
<body>
Long Name:  choline
Synonym:  Synonym not specified
Accession:  S01792
</body>
</html>
</notes>
<annotation>
<celldesigner:positionToCompartment>inside</celldesigner:positionToCompartment>
<celldesigner:speciesIdentity>
<celldesigner:class>SIMPLE_MOLECULE</celldesigner:class>
<celldesigner:name>choline</celldesigner:name>
</celldesigner:speciesIdentity>
</annotation>
</species>
<species compartment="c5" id="s83" initialAmount="0.0" name="CHT1">
<notes>
<html xmlns="http://www.w3.org/1999/xhtml">
<!--Notes by CellDesigner-->
<body>
Long Name:  high affinity choline transporter
Synonym:  cht1
Accession:  P01098
</body>
</html>
</notes>
<annotation>
<celldesigner:positionToCompartment>transmembrane</celldesigner:positionToCompartment>
<celldesigner:speciesIdentity>
<celldesigner:class>PROTEIN</celldesigner:class>
<celldesigner:proteinReference>p14</celldesigner:proteinReference>
</celldesigner:speciesIdentity>
</annotation>
</species>
<species compartment="default" id="s100" initialAmount="0.0" name="K_super_+">
<notes>
<html xmlns="http://www.w3.org/1999/xhtml">
<!--Notes by CellDesigner-->
<body>
Long Name:  K+
Synonym:  Synonym not specified
Accession:  U02500
</body>
</html>
</notes>
<annotation>
<celldesigner:positionToCompartment>inside</celldesigner:positionToCompartment>
<celldesigner:speciesIdentity>
<celldesigner:class>ION</celldesigner:class>
<celldesigner:name>K_super_+</celldesigner:name>
</celldesigner:speciesIdentity>
</annotation>
</species>
<species compartment="c2" id="s109" initialAmount="0.0" name="K_super_+">
<notes>
<html xmlns="http://www.w3.org/1999/xhtml">
<!--Notes by CellDesigner-->
<body>
Long Name:  K+
Synonym:  Synonym not specified
Accession:  U02500
</body>
</html>
</notes>
<annotation>
<celldesigner:positionToCompartment>inside</celldesigner:positionToCompartment>
<celldesigner:speciesIdentity>
<celldesigner:class>ION</celldesigner:class>
<celldesigner:name>K_super_+</celldesigner:name>
</celldesigner:speciesIdentity>
</annotation>
</species>
<species compartment="c2" id="s110" initialAmount="0.0" name="nAChR">
<notes>
<html xmlns="http://www.w3.org/1999/xhtml">
<!--Notes by CellDesigner-->
<body>
Long Name:  Nicotinic Acetylcholine Receptor
Synonym:  nACh,nAChR
Accession:  P01086
</body>
</html>
</notes>
<annotation>
<celldesigner:positionToCompartment>transmembrane</celldesigner:positionToCompartment>
<celldesigner:speciesIdentity>
<celldesigner:class>PROTEIN</celldesigner:class>
<celldesigner:proteinReference>p10</celldesigner:proteinReference>
</celldesigner:speciesIdentity>
<celldesigner:listOfCatalyzedReactions>
<celldesigner:catalyzed reaction="r70"/>
<celldesigner:catalyzed reaction="r73"/>
</celldesigner:listOfCatalyzedReactions>
</annotation>
</species>
<species compartment="c7" id="s114" initialAmount="0.0" name="Ca_super_2+">
<notes>
<html xmlns="http://www.w3.org/1999/xhtml">
<!--Notes by CellDesigner-->
<body>
Long Name:  Ca2+
Synonym:  Synonym not specified
Accession:  U02498
</body>
</html>
</notes>
<annotation>
<celldesigner:positionToCompartment>inside</celldesigner:positionToCompartment>
<celldesigner:speciesIdentity>
<celldesigner:class>ION</celldesigner:class>
<celldesigner:name>Ca_super_2+</celldesigner:name>
</celldesigner:speciesIdentity>
</annotation>
</species>
<species compartment="c2" id="s115" initialAmount="0.0" name="Ca_super_2+">
<notes>
<html xmlns="http://www.w3.org/1999/xhtml">
<!--Notes by CellDesigner-->
<body>
Long Name:  Ca2+
Synonym:  Synonym not specified
Accession:  U02498
</body>
</html>
</notes>
<annotation>
<celldesigner:positionToCompartment>inside</celldesigner:positionToCompartment>
<celldesigner:speciesIdentity>
<celldesigner:class>ION</celldesigner:class>
<celldesigner:name>Ca_super_2+</celldesigner:name>
</celldesigner:speciesIdentity>
<celldesigner:listOfCatalyzedReactions>
<celldesigner:catalyzed reaction="r98"/>
</celldesigner:listOfCatalyzedReactions>
</annotation>
</species>
<species compartment="c2" id="s117" initialAmount="0.0" name="Actin">
<notes>
<html xmlns="http://www.w3.org/1999/xhtml">
<!--Notes by CellDesigner-->
<body>
Long Name:  Actin
Synonym:  Synonym not specified
Accession:  P01090
</body>
</html>
</notes>
<annotation>
<celldesigner:positionToCompartment>inside</celldesigner:positionToCompartment>
<celldesigner:speciesIdentity>
<celldesigner:class>PROTEIN</celldesigner:class>
<celldesigner:proteinReference>p20</celldesigner:proteinReference>
</celldesigner:speciesIdentity>
</annotation>
</species>
<species compartment="c2" id="s122" initialAmount="0.0" name="Muscle Contraction">
<notes>
<html xmlns="http://www.w3.org/1999/xhtml">
<!--Notes by CellDesigner-->
<body>
Long Name:  Muscle Contraction
Synonym:  Synonym not specified
Accession:  U02497
</body>
</html>
</notes>
<annotation>
<celldesigner:positionToCompartment>inside</celldesigner:positionToCompartment>
<celldesigner:speciesIdentity>
<celldesigner:class>PHENOTYPE</celldesigner:class>
<celldesigner:name>Muscle Contraction</celldesigner:name>
</celldesigner:speciesIdentity>
</annotation>
</species>
<species compartment="c2" id="s125" initialAmount="0.0" name="Depolarization">
<notes>
<html xmlns="http://www.w3.org/1999/xhtml">
<!--Notes by CellDesigner-->
<body>
Long Name:  Depolarization
Synonym:  Synonym not specified
Accession:  U02499
</body>
</html>
</notes>
<annotation>
<celldesigner:positionToCompartment>inside</celldesigner:positionToCompartment>
<celldesigner:speciesIdentity>
<celldesigner:class>PHENOTYPE</celldesigner:class>
<celldesigner:name>Depolarization</celldesigner:name>
</celldesigner:speciesIdentity>
<celldesigner:listOfCatalyzedReactions>
<celldesigner:catalyzed reaction="r79"/>
</celldesigner:listOfCatalyzedReactions>
</annotation>
</species>
<species compartment="c2" id="s126" initialAmount="0.0" name="ATP">
<notes>
<html xmlns="http://www.w3.org/1999/xhtml">
<!--Notes by CellDesigner-->
<body>
Long Name:  ATP
Synonym:  Synonym not specified
Accession:  S01791
</body>
</html>
</notes>
<annotation>
<celldesigner:positionToCompartment>inside</celldesigner:positionToCompartment>
<celldesigner:speciesIdentity>
<celldesigner:class>SIMPLE_MOLECULE</celldesigner:class>
<celldesigner:name>ATP</celldesigner:name>
</celldesigner:speciesIdentity>
</annotation>
</species>
<species compartment="c2" id="s127" initialAmount="0.0" name="ADP">
<notes>
<html xmlns="http://www.w3.org/1999/xhtml">
<!--Notes by CellDesigner-->
<body>
Long Name:  ADP
Synonym:  Synonym not specified
Accession:  S01793
</body>
</html>
</notes>
<annotation>
<celldesigner:positionToCompartment>inside</celldesigner:positionToCompartment>
<celldesigner:speciesIdentity>
<celldesigner:class>SIMPLE_MOLECULE</celldesigner:class>
<celldesigner:name>ADP</celldesigner:name>
</celldesigner:speciesIdentity>
</annotation>
</species>
<species compartment="c2" id="s139" initialAmount="0.0" name="Complex(_alpha_/_alpha_)">
<notes>
<html xmlns="http://www.w3.org/1999/xhtml">
<!--Notes by CellDesigner-->
<body>
Long Name:  Long Name:  nicotinic Acetylcholine Receptor alpha
Synonym:  Synonym not specified
Accession:  U05404
Heterodimer Member Info:  alpha#PROTEIN#nicotinic Acetylcholine Receptor alpha#P01088#ACHRA|CHNRA|CHRNA1|nAChalpha#
</body>
</html>
</notes>
<annotation>
<celldesigner:positionToCompartment>transmembrane</celldesigner:positionToCompartment>
<celldesigner:heterodimerIdentity>
<celldesigner:listOfHeterodimerEntries>
<celldesigner:heterodimerEntry innerId="inner0" originalSpecies="unknown">
<celldesigner:class>PROTEIN</celldesigner:class>
<celldesigner:proteinReference>p21</celldesigner:proteinReference>
</celldesigner:heterodimerEntry>
<celldesigner:heterodimerEntry innerId="inner1" originalSpecies="unknown">
<celldesigner:class>PROTEIN</celldesigner:class>
<celldesigner:proteinReference>p21</celldesigner:proteinReference>
</celldesigner:heterodimerEntry>
</celldesigner:listOfHeterodimerEntries>
</celldesigner:heterodimerIdentity>
</annotation>
</species>
<species compartment="c2" id="s145" initialAmount="0.0" name="Complex(_beta_/_gamma_/_delta_)">
<notes>
<html xmlns="http://www.w3.org/1999/xhtml">
<!--Notes by CellDesigner-->
<body>
Long Name:  Long Name:  Acetylcholine receptor protein, beta
Synonym:  Synonym not specified
Accession:  U05406
Heterodimer Member Info:  delta#PROTEIN#Acetylcholine receptor protein, delta#P01092#Acetylcholine receptor protein#;gamma#PROTEIN#Acetylcholine receptor protein, gamma#P01094#Acetylcholine receptor protein#;beta#PROTEIN#Acetylcholine receptor protein, beta#P01095#Acetylcholine receptor protein#
</body>
</html>
</notes>
<annotation>
<celldesigner:positionToCompartment>transmembrane</celldesigner:positionToCompartment>
<celldesigner:heterodimerIdentity>
<celldesigner:listOfHeterodimerEntries>
<celldesigner:heterodimerEntry innerId="inner0" originalSpecies="unknown">
<celldesigner:class>PROTEIN</celldesigner:class>
<celldesigner:proteinReference>p22</celldesigner:proteinReference>
</celldesigner:heterodimerEntry>
<celldesigner:heterodimerEntry innerId="inner1" originalSpecies="unknown">
<celldesigner:class>PROTEIN</celldesigner:class>
<celldesigner:proteinReference>p23</celldesigner:proteinReference>
</celldesigner:heterodimerEntry>
<celldesigner:heterodimerEntry innerId="inner2" originalSpecies="unknown">
<celldesigner:class>PROTEIN</celldesigner:class>
<celldesigner:proteinReference>p24</celldesigner:proteinReference>
</celldesigner:heterodimerEntry>
</celldesigner:listOfHeterodimerEntries>
</celldesigner:heterodimerIdentity>
</annotation>
</species>
<species compartment="c6" id="s146" initialAmount="0.0" name="VAChT">
<notes>
<html xmlns="http://www.w3.org/1999/xhtml">
<!--Notes by CellDesigner-->
<body>
Long Name:  VAChT
Synonym:  CG32848
Accession:  P01089
</body>
</html>
</notes>
<annotation>
<celldesigner:positionToCompartment>transmembrane</celldesigner:positionToCompartment>
<celldesigner:speciesIdentity>
<celldesigner:class>PROTEIN</celldesigner:class>
<celldesigner:proteinReference>p17</celldesigner:proteinReference>
</celldesigner:speciesIdentity>
</annotation>
</species>
<species compartment="c6" id="s147" initialAmount="0.0" name="Complex(VAChT/ACh)">
<notes>
<html xmlns="http://www.w3.org/1999/xhtml">
<!--Notes by CellDesigner-->
<body>
Long Name:  Long Name:  Long name not specified
Synonym:  Synonym not specified
Accession:  U05403
Heterodimer Member Info:  ACh#SIMPLE_MOLECULE#ACh#S01790##;VAChT#PROTEIN#VAChT#P01089#CG32848#
</body>
</html>
</notes>
<annotation>
<celldesigner:positionToCompartment>transmembrane</celldesigner:positionToCompartment>
<celldesigner:heterodimerIdentity>
<celldesigner:listOfHeterodimerEntries>
<celldesigner:heterodimerEntry innerId="inner0" originalSpecies="unknown">
<celldesigner:class>PROTEIN</celldesigner:class>
<celldesigner:proteinReference>p17</celldesigner:proteinReference>
</celldesigner:heterodimerEntry>
<celldesigner:heterodimerEntry innerId="inner1" originalSpecies="unknown">
<celldesigner:class>SIMPLE_MOLECULE</celldesigner:class>
<celldesigner:name>ACh</celldesigner:name>
</celldesigner:heterodimerEntry>
</celldesigner:listOfHeterodimerEntries>
</celldesigner:heterodimerIdentity>
</annotation>
</species>
<species compartment="c5" id="s149" initialAmount="0.0" name="Complex(CHT1/choline)">
<notes>
<html xmlns="http://www.w3.org/1999/xhtml">
<!--Notes by CellDesigner-->
<body>
Long Name:  Long Name:  Long name not specified
Synonym:  Synonym not specified
Accession:  U05405
Heterodimer Member Info:  choline#SIMPLE_MOLECULE#choline#S01792##;CHT1#PROTEIN#high affinity choline transporter#P01098#cht1#
</body>
</html>
</notes>
<annotation>
<celldesigner:positionToCompartment>transmembrane</celldesigner:positionToCompartment>
<celldesigner:heterodimerIdentity>
<celldesigner:listOfHeterodimerEntries>
<celldesigner:heterodimerEntry innerId="inner0" originalSpecies="unknown">
<celldesigner:class>PROTEIN</celldesigner:class>
<celldesigner:proteinReference>p14</celldesigner:proteinReference>
</celldesigner:heterodimerEntry>
<celldesigner:heterodimerEntry innerId="inner1" originalSpecies="unknown">
<celldesigner:class>SIMPLE_MOLECULE</celldesigner:class>
<celldesigner:name>choline</celldesigner:name>
</celldesigner:heterodimerEntry>
</celldesigner:listOfHeterodimerEntries>
</celldesigner:heterodimerIdentity>
</annotation>
</species>
<species compartment="c2" id="s116" initialAmount="0.0" name="Myosin">
<notes>
<html xmlns="http://www.w3.org/1999/xhtml">
<!--Notes by CellDesigner-->
<body>
Long Name:  Myosin
Synonym:  Synonym not specified
Accession:  P01097
</body>
</html>
</notes>
<annotation>
<celldesigner:positionToCompartment>inside</celldesigner:positionToCompartment>
<celldesigner:speciesIdentity>
<celldesigner:class>PROTEIN</celldesigner:class>
<celldesigner:proteinReference>p19</celldesigner:proteinReference>
</celldesigner:speciesIdentity>
</annotation>
</species>
<species compartment="c2" id="s166" initialAmount="0.0" name="Complex(Actin/Myosin)">
<notes>
<html xmlns="http://www.w3.org/1999/xhtml">
<!--Notes by CellDesigner-->
<body>
Long Name:  Long Name:  Long name not specified
Synonym:  Synonym not specified
Accession:  U05407
Heterodimer Member Info:  Actin#PROTEIN#Actin#P01090##;Myosin#PROTEIN#Myosin#P01097##
</body>
</html>
</notes>
<annotation>
<celldesigner:positionToCompartment>inside</celldesigner:positionToCompartment>
<celldesigner:heterodimerIdentity>
<celldesigner:listOfHeterodimerEntries>
<celldesigner:heterodimerEntry innerId="inner0" originalSpecies="unknown">
<celldesigner:class>PROTEIN</celldesigner:class>
<celldesigner:proteinReference>p20</celldesigner:proteinReference>
</celldesigner:heterodimerEntry>
<celldesigner:heterodimerEntry innerId="inner1" originalSpecies="unknown">
<celldesigner:class>PROTEIN</celldesigner:class>
<celldesigner:proteinReference>p19</celldesigner:proteinReference>
</celldesigner:heterodimerEntry>
</celldesigner:listOfHeterodimerEntries>
</celldesigner:heterodimerIdentity>
</annotation>
</species>
<species compartment="default" id="s99" initialAmount="0.0" name="Na_super_+">
<notes>
<html xmlns="http://www.w3.org/1999/xhtml">
<!--Notes by CellDesigner-->
<body>
Long Name:  Long Name:  Na2+
Synonym:  Synonym not specified
Accession:  U05408
</body>
</html>
</notes>
<annotation>
<celldesigner:positionToCompartment>inside</celldesigner:positionToCompartment>
<celldesigner:speciesIdentity>
<celldesigner:class>ION</celldesigner:class>
<celldesigner:name>Na_super_+</celldesigner:name>
</celldesigner:speciesIdentity>
</annotation>
</species>
<species compartment="c2" id="s108" initialAmount="0.0" name="Na_super_+">
<notes>
<html xmlns="http://www.w3.org/1999/xhtml">
<!--Notes by CellDesigner-->
<body>
Long Name:  Long Name:  Na2+
Synonym:  Synonym not specified
Accession:  U05408
</body>
</html>
</notes>
<annotation>
<celldesigner:positionToCompartment>inside</celldesigner:positionToCompartment>
<celldesigner:speciesIdentity>
<celldesigner:class>ION</celldesigner:class>
<celldesigner:name>Na_super_+</celldesigner:name>
</celldesigner:speciesIdentity>
</annotation>
</species>
<species compartment="c7" id="s106" initialAmount="0.0" name="Ca_super_2+">
<notes>
<html xmlns="http://www.w3.org/1999/xhtml">
<!--Notes by CellDesigner-->
<body>
Long Name:  Calcium Channel
Synonym:  Ca2+ channel
Accession:  P01096
</body>
</html>
</notes>
<annotation>
<celldesigner:positionToCompartment>transmembrane</celldesigner:positionToCompartment>
<celldesigner:speciesIdentity>
<celldesigner:class>PROTEIN</celldesigner:class>
<celldesigner:proteinReference>p18</celldesigner:proteinReference>
</celldesigner:speciesIdentity>
<celldesigner:listOfCatalyzedReactions>
<celldesigner:catalyzed reaction="r80"/>
</celldesigner:listOfCatalyzedReactions>
</annotation>
</species>
</listOfSpecies>
<listOfReactions>
<reaction id="r56" reversible="false">
<annotation>
<celldesigner:reactionType>HETERODIMER_ASSOCIATION</celldesigner:reactionType>
<celldesigner:baseReactants>s71,s72</celldesigner:baseReactants>
<celldesigner:baseProducts>s73</celldesigner:baseProducts>
<celldesigner:offset x="9.0" y="0.0"/>
<celldesigner:editPoints>0.33333333333333215,-6.661338147750939E-16 0.6666666666666652,-1.5543122344752192E-15 0.6953937041328553,0.003882574311497189 0.9092181167557882,-0.015303759342419454 0.3333333333333339,-2.220446049250313E-16 0.666666666666667,-2.220446049250313E-16 0.0233479632965945,0.5114019205185876</celldesigner:editPoints>
<celldesigner:listOfModification>
<celldesigner:modification aliases="a78" editPoints="0.33333333333333304,0.0 0.6666666666666661,0.0" modifiers="s70" targetLineIndex="2,0" type="CATALYSIS"/>
</celldesigner:listOfModification>
</annotation>
<listOfReactants>
<speciesReference species="s71">
<annotation>
<celldesigner:alias>a79</celldesigner:alias>
</annotation>
</speciesReference>
<speciesReference species="s72">
<annotation>
<celldesigner:alias>a80</celldesigner:alias>
</annotation>
</speciesReference>
</listOfReactants>
<listOfProducts>
<speciesReference species="s73">
<annotation>
<celldesigner:alias>a81</celldesigner:alias>
</annotation>
</speciesReference>
</listOfProducts>
<listOfModifiers>
<modifierSpeciesReference species="s70">
<annotation>
<celldesigner:alias>a78</celldesigner:alias>
</annotation>
</modifierSpeciesReference>
</listOfModifiers>
</reaction>
<reaction id="r59" reversible="false">
<annotation>
<celldesigner:reactionType>DISSOCIATION</celldesigner:reactionType>
<celldesigner:baseReactants>s4</celldesigner:baseReactants>
<celldesigner:baseProducts>s80,s79</celldesigner:baseProducts>
<celldesigner:editPoints>0.33333333333333304,0.0 0.6666666666666665,4.440892098500626E-16 0.33333333333333437,-3.552713678800501E-15 0.6666666666666665,-1.7763568394002505E-15 0.33333333333333437,2.220446049250313E-16 0.6666666666666674,6.661338147750939E-16 0.13111597478861015,0.2851111669238042</celldesigner:editPoints>
<celldesigner:listOfModification>
<celldesigner:modification aliases="a85" editPoints="0.33333333333333304,-1.7763568394002505E-15 0.6666666666666661,-1.7763568394002505E-15" modifiers="s77" targetLineIndex="0,0" type="CATALYSIS"/>
</celldesigner:listOfModification>
</annotation>
<listOfReactants>
<speciesReference species="s4">
<annotation>
<celldesigner:alias>a4</celldesigner:alias>
</annotation>
</speciesReference>
</listOfReactants>
<listOfProducts>
<speciesReference species="s80">
<annotation>
<celldesigner:alias>a88</celldesigner:alias>
</annotation>
</speciesReference>
<speciesReference species="s79">
<annotation>
<celldesigner:alias>a87</celldesigner:alias>
</annotation>
</speciesReference>
</listOfProducts>
<listOfModifiers>
<modifierSpeciesReference species="s77">
<annotation>
<celldesigner:alias>a85</celldesigner:alias>
</annotation>
</modifierSpeciesReference>
</listOfModifiers>
</reaction>
<reaction id="r70" reversible="false">
<annotation>
<celldesigner:reactionType>TRANSPORT</celldesigner:reactionType>
<celldesigner:baseReactants>s99</celldesigner:baseReactants>
<celldesigner:baseProducts>s108</celldesigner:baseProducts>
<celldesigner:offset x="-12.0" y="0.0"/>
<celldesigner:editPoints>0.09732485653138467,0.2987452173832428 0.08638682487015403,0.2665046843415042</celldesigner:editPoints>
<celldesigner:listOfModification>
<celldesigner:modification aliases="a177" editPoints="0.3333333333333339,0.0 0.6666666666666679,0.0" modifiers="s110" targetLineIndex="-1,2" type="CATALYSIS"/>
</celldesigner:listOfModification>
</annotation>
<listOfReactants>
<speciesReference species="s99">
<annotation>
<celldesigner:alias>a18</celldesigner:alias>
</annotation>
</speciesReference>
</listOfReactants>
<listOfProducts>
<speciesReference species="s108">
<annotation>
<celldesigner:alias>a17</celldesigner:alias>
</annotation>
</speciesReference>
</listOfProducts>
<listOfModifiers>
<modifierSpeciesReference species="s110">
<annotation>
<celldesigner:alias>a177</celldesigner:alias>
</annotation>
</modifierSpeciesReference>
</listOfModifiers>
</reaction>
<reaction id="r73" reversible="false">
<annotation>
<celldesigner:reactionType>TRANSPORT</celldesigner:reactionType>
<celldesigner:baseReactants>s109</celldesigner:baseReactants>
<celldesigner:baseProducts>s100</celldesigner:baseProducts>
<celldesigner:offset x="-4.0" y="24.0"/>
<celldesigner:editPoints>0.615444150714362,0.08702330580377282 0.6284246836388623,0.08601637957260166</celldesigner:editPoints>
<celldesigner:listOfModification>
<celldesigner:modification aliases="a177" editPoints="0.33333333333333215,1.7763568394002505E-15 0.6666666666666661,1.7763568394002505E-15" modifiers="s110" targetLineIndex="-1,2" type="CATALYSIS"/>
</celldesigner:listOfModification>
</annotation>
<listOfReactants>
<speciesReference species="s109">
<annotation>
<celldesigner:alias>a98</celldesigner:alias>
</annotation>
</speciesReference>
</listOfReactants>
<listOfProducts>
<speciesReference species="s100">
<annotation>
<celldesigner:alias>a97</celldesigner:alias>
</annotation>
</speciesReference>
</listOfProducts>
<listOfModifiers>
<modifierSpeciesReference species="s110">
<annotation>
<celldesigner:alias>a177</celldesigner:alias>
</annotation>
</modifierSpeciesReference>
</listOfModifiers>
</reaction>
<reaction id="r79" reversible="false">
<annotation>
<celldesigner:reactionType>STATE_TRANSITION</celldesigner:reactionType>
<celldesigner:baseReactants>s106</celldesigner:baseReactants>
<celldesigner:baseProducts>s106</celldesigner:baseProducts>
<celldesigner:editPoints>0.33333333333333337,0.0 0.6666666666666666,0.0</celldesigner:editPoints>
<celldesigner:listOfModification>
<celldesigner:modification aliases="a120" editPoints="0.3333333333333339,-2.220446049250313E-16 0.6666666666666679,2.220446049250313E-16" modifiers="s125" targetLineIndex="-1,1" type="CATALYSIS"/>
</celldesigner:listOfModification>
</annotation>
<listOfReactants>
<speciesReference species="s106">
<annotation>
<celldesigner:alias>a106</celldesigner:alias>
</annotation>
</speciesReference>
</listOfReactants>
<listOfProducts>
<speciesReference species="s106">
<annotation>
<celldesigner:alias>a108</celldesigner:alias>
</annotation>
</speciesReference>
</listOfProducts>
<listOfModifiers>
<modifierSpeciesReference species="s125">
<annotation>
<celldesigner:alias>a120</celldesigner:alias>
</annotation>
</modifierSpeciesReference>
</listOfModifiers>
</reaction>
<reaction id="r80" reversible="false">
<annotation>
<celldesigner:reactionType>TRANSPORT</celldesigner:reactionType>
<celldesigner:baseReactants>s114</celldesigner:baseReactants>
<celldesigner:baseProducts>s115</celldesigner:baseProducts>
<celldesigner:editPoints>0.33333333333333304,0.0 0.6666666666666661,0.0</celldesigner:editPoints>
<celldesigner:listOfModification>
<celldesigner:modification aliases="a108" editPoints="0.3333333333333357,0.0 0.6666666666666643,0.0" modifiers="s106" targetLineIndex="-1,1" type="CATALYSIS"/>
</celldesigner:listOfModification>
</annotation>
<listOfReactants>
<speciesReference species="s114">
<annotation>
<celldesigner:alias>a109</celldesigner:alias>
</annotation>
</speciesReference>
</listOfReactants>
<listOfProducts>
<speciesReference species="s115">
<annotation>
<celldesigner:alias>a110</celldesigner:alias>
</annotation>
</speciesReference>
</listOfProducts>
<listOfModifiers>
<modifierSpeciesReference species="s106">
<annotation>
<celldesigner:alias>a108</celldesigner:alias>
</annotation>
</modifierSpeciesReference>
</listOfModifiers>
</reaction>
<reaction id="r86" reversible="false">
<annotation>
<celldesigner:reactionType>HETERODIMER_ASSOCIATION</celldesigner:reactionType>
<celldesigner:baseReactants>s145,s139</celldesigner:baseReactants>
<celldesigner:baseProducts>s110</celldesigner:baseProducts>
<celldesigner:editPoints>0.3333333333333286,3.552713678800501E-15 0.666666666666667,1.3322676295501878E-14 0.3333333333333286,-7.105427357601002E-15 0.6666666666666643,-3.552713678800501E-15 0.3333333333333335,-8.881784197001252E-16 0.666666666666667,-1.3322676295501878E-15 -33.42622686666806,13.575845467884037</celldesigner:editPoints>
</annotation>
<listOfReactants>
<speciesReference species="s145">
<annotation>
<celldesigner:alias>a155</celldesigner:alias>
</annotation>
</speciesReference>
<speciesReference species="s139">
<annotation>
<celldesigner:alias>a146</celldesigner:alias>
</annotation>
</speciesReference>
</listOfReactants>
<listOfProducts>
<speciesReference species="s110">
<annotation>
<celldesigner:alias>a74</celldesigner:alias>
</annotation>
</speciesReference>
</listOfProducts>
</reaction>
<reaction id="r89" reversible="false">
<annotation>
<celldesigner:reactionType>HETERODIMER_ASSOCIATION</celldesigner:reactionType>
<celldesigner:baseReactants>s73,s146</celldesigner:baseReactants>
<celldesigner:baseProducts>s147</celldesigner:baseProducts>
<celldesigner:offset x="12.0" y="11.0"/>
<celldesigner:editPoints>0.33333333333333304,-4.440892098500626E-16 0.6666666666666661,-8.881784197001252E-16 0.3333333333333339,1.1102230246251565E-16 0.666666666666667,-1.1102230246251565E-16 0.3333333333333339,0.0 0.666666666666667,0.0 0.3333333333333339,0.33333333333333326</celldesigner:editPoints>
</annotation>
<listOfReactants>
<speciesReference species="s73">
<annotation>
<celldesigner:alias>a81</celldesigner:alias>
</annotation>
</speciesReference>
<speciesReference species="s146">
<annotation>
<celldesigner:alias>a99</celldesigner:alias>
</annotation>
</speciesReference>
</listOfReactants>
<listOfProducts>
<speciesReference species="s147">
<annotation>
<celldesigner:alias>a160</celldesigner:alias>
</annotation>
</speciesReference>
</listOfProducts>
</reaction>
<reaction id="r90" reversible="false">
<annotation>
<celldesigner:reactionType>DISSOCIATION</celldesigner:reactionType>
<celldesigner:baseReactants>s147</celldesigner:baseReactants>
<celldesigner:baseProducts>s146,s69</celldesigner:baseProducts>
<celldesigner:offset x="22.0" y="-14.0"/>
<celldesigner:editPoints>0.33333333333333304,0.0 0.6666666666666679,-2.220446049250313E-16 0.3333333333333304,0.0 0.6666666666666643,0.0 0.33333333333333304,0.0 0.6666666666666661,1.1102230246251565E-16 0.33333333333333315,0.33333333333333304</celldesigner:editPoints>
</annotation>
<listOfReactants>
<speciesReference species="s147">
<annotation>
<celldesigner:alias>a160</celldesigner:alias>
</annotation>
</speciesReference>
</listOfReactants>
<listOfProducts>
<speciesReference species="s146">
<annotation>
<celldesigner:alias>a99</celldesigner:alias>
</annotation>
</speciesReference>
<speciesReference species="s69">
<annotation>
<celldesigner:alias>a77</celldesigner:alias>
</annotation>
</speciesReference>
</listOfProducts>
</reaction>
<reaction id="r91" reversible="false">
<annotation>
<celldesigner:reactionType>HETERODIMER_ASSOCIATION</celldesigner:reactionType>
<celldesigner:baseReactants>s80,s83</celldesigner:baseReactants>
<celldesigner:baseProducts>s149</celldesigner:baseProducts>
<celldesigner:offset x="9.0" y="7.0"/>
<celldesigner:editPoints>0.47351581118701525,0.053884371427944444 0.6666666666666661,0.0 0.3333333333333337,0.0 0.739282325353253,0.09407388694098096 0.25951536666612185,-0.00976448077977965 0.666666666666667,-4.440892098500626E-16 0.33333333333333304,0.3333333333333335</celldesigner:editPoints>
</annotation>
<listOfReactants>
<speciesReference species="s80">
<annotation>
<celldesigner:alias>a88</celldesigner:alias>
</annotation>
</speciesReference>
<speciesReference species="s83">
<annotation>
<celldesigner:alias>a89</celldesigner:alias>
</annotation>
</speciesReference>
</listOfReactants>
<listOfProducts>
<speciesReference species="s149">
<annotation>
<celldesigner:alias>a163</celldesigner:alias>
</annotation>
</speciesReference>
</listOfProducts>
</reaction>
<reaction id="r92" reversible="false">
<annotation>
<celldesigner:reactionType>DISSOCIATION</celldesigner:reactionType>
<celldesigner:baseReactants>s149</celldesigner:baseReactants>
<celldesigner:baseProducts>s72,s83</celldesigner:baseProducts>
<celldesigner:offset x="-12.0" y="-15.0"/>
<celldesigner:editPoints>0.3333333333333335,0.0 0.6107193388276511,-0.04995883087091002 0.3333333333333335,0.0 0.6666666666666665,-4.440892098500626E-16 0.3333333333333335,-2.220446049250313E-16 0.6666666666666674,-2.220446049250313E-16 0.3333333333333337,0.3333333333333335</celldesigner:editPoints>
</annotation>
<listOfReactants>
<speciesReference species="s149">
<annotation>
<celldesigner:alias>a163</celldesigner:alias>
</annotation>
</speciesReference>
</listOfReactants>
<listOfProducts>
<speciesReference species="s72">
<annotation>
<celldesigner:alias>a80</celldesigner:alias>
</annotation>
</speciesReference>
<speciesReference species="s83">
<annotation>
<celldesigner:alias>a89</celldesigner:alias>
</annotation>
</speciesReference>
</listOfProducts>
</reaction>
<reaction id="r93" reversible="false">
<annotation>
<celldesigner:reactionType>TRANSPORT</celldesigner:reactionType>
<celldesigner:baseReactants>s79</celldesigner:baseReactants>
<celldesigner:baseProducts>s71</celldesigner:baseProducts>
<celldesigner:offset x="-16.0" y="2.0"/>
<celldesigner:editPoints>0.22367261997701027,-0.17461399777430653 0.647982188216301,-0.24498005589378885</celldesigner:editPoints>
</annotation>
<listOfReactants>
<speciesReference species="s79">
<annotation>
<celldesigner:alias>a87</celldesigner:alias>
</annotation>
</speciesReference>
</listOfReactants>
<listOfProducts>
<speciesReference species="s71">
<annotation>
<celldesigner:alias>a79</celldesigner:alias>
</annotation>
</speciesReference>
</listOfProducts>
</reaction>
<reaction id="r95" reversible="false">
<annotation>
<celldesigner:reactionType>STATE_TRANSITION</celldesigner:reactionType>
<celldesigner:baseReactants>s110</celldesigner:baseReactants>
<celldesigner:baseProducts>s110</celldesigner:baseProducts>
<celldesigner:editPoints>0.33333333333333304,4.440892098500626E-16 0.6666666666666665,4.440892098500626E-16</celldesigner:editPoints>
<celldesigner:listOfModification>
<celldesigner:modification aliases="a4" editPoints="0.33333333333333315,-4.440892098500626E-16 0.6666666666666665,-4.440892098500626E-16" modifiers="s4" targetLineIndex="-1,1" type="CATALYSIS"/>
</celldesigner:listOfModification>
</annotation>
<listOfReactants>
<speciesReference species="s110">
<annotation>
<celldesigner:alias>a74</celldesigner:alias>
</annotation>
</speciesReference>
</listOfReactants>
<listOfProducts>
<speciesReference species="s110">
<annotation>
<celldesigner:alias>a177</celldesigner:alias>
</annotation>
</speciesReference>
</listOfProducts>
<listOfModifiers>
<modifierSpeciesReference species="s4">
<annotation>
<celldesigner:alias>a4</celldesigner:alias>
</annotation>
</modifierSpeciesReference>
</listOfModifiers>
</reaction>
<reaction id="r96" reversible="false">
<annotation>
<celldesigner:reactionType>UNKNOWN_TRANSITION</celldesigner:reactionType>
<celldesigner:baseReactants>s108</celldesigner:baseReactants>
<celldesigner:baseProducts>s125</celldesigner:baseProducts>
<celldesigner:editPoints>0.33333333333333215,-8.881784197001252E-16 0.6666666666666661,-8.881784197001252E-16</celldesigner:editPoints>
</annotation>
<listOfReactants>
<speciesReference species="s108">
<annotation>
<celldesigner:alias>a17</celldesigner:alias>
</annotation>
</speciesReference>
</listOfReactants>
<listOfProducts>
<speciesReference species="s125">
<annotation>
<celldesigner:alias>a120</celldesigner:alias>
</annotation>
</speciesReference>
</listOfProducts>
</reaction>
<reaction id="r98" reversible="false">
<annotation>
<celldesigner:reactionType>HETERODIMER_ASSOCIATION</celldesigner:reactionType>
<celldesigner:baseReactants>s117,s116</celldesigner:baseReactants>
<celldesigner:baseProducts>s166</celldesigner:baseProducts>
<celldesigner:listOfReactantLinks>
<celldesigner:reactantLink alias="a121" reactant="s126" targetLineIndex="2,0"/>
</celldesigner:listOfReactantLinks>
<celldesigner:listOfProductLinks>
<celldesigner:productLink alias="a122" product="s127" targetLineIndex="2,0"/>
</celldesigner:listOfProductLinks>
<celldesigner:offset x="44.0" y="3.0"/>
<celldesigner:editPoints>0.3333333333333335,0.0 0.6666666666666665,0.0 0.3333333333333357,8.881784197001252E-16 0.6666666666666679,1.7763568394002505E-15 0.3333333333333357,1.7763568394002505E-15 0.7306801980971365,0.07827867243299647 0.3333333333333339,0.33333333333333304</celldesigner:editPoints>
<celldesigner:listOfModification>
<celldesigner:modification aliases="a110" editPoints="0.3458213193216424,0.07755581763282327 0.6930997177843154,0.07302774348157914" modifiers="s115" offsetX="4.0" offsetY="4.0" targetLineIndex="2,0" type="KNOWN_TRANSITION_OMITTED"/>
</celldesigner:listOfModification>
</annotation>
<listOfReactants>
<speciesReference species="s117">
<annotation>
<celldesigner:alias>a112</celldesigner:alias>
</annotation>
</speciesReference>
<speciesReference species="s116">
<annotation>
<celldesigner:alias>a111</celldesigner:alias>
</annotation>
</speciesReference>
<speciesReference species="s126">
<annotation>
<celldesigner:alias>a121</celldesigner:alias>
</annotation>
</speciesReference>
</listOfReactants>
<listOfProducts>
<speciesReference species="s166">
<annotation>
<celldesigner:alias>a183</celldesigner:alias>
</annotation>
</speciesReference>
<speciesReference species="s127">
<annotation>
<celldesigner:alias>a122</celldesigner:alias>
</annotation>
</speciesReference>
</listOfProducts>
<listOfModifiers>
<modifierSpeciesReference species="s115">
<annotation>
<celldesigner:alias>a110</celldesigner:alias>
</annotation>
</modifierSpeciesReference>
</listOfModifiers>
</reaction>
<reaction id="r99" reversible="false">
<annotation>
<celldesigner:reactionType>UNKNOWN_TRANSITION</celldesigner:reactionType>
<celldesigner:baseReactants>s166</celldesigner:baseReactants>
<celldesigner:baseProducts>s122</celldesigner:baseProducts>
<celldesigner:editPoints>0.3333333333333304,8.881784197001252E-16 0.6666666666666643,1.7763568394002505E-15</celldesigner:editPoints>
</annotation>
<listOfReactants>
<speciesReference species="s166">
<annotation>
<celldesigner:alias>a183</celldesigner:alias>
</annotation>
</speciesReference>
</listOfReactants>
<listOfProducts>
<speciesReference species="s122">
<annotation>
<celldesigner:alias>a117</celldesigner:alias>
</annotation>
</speciesReference>
</listOfProducts>
</reaction>
<reaction id="r100" reversible="false">
<annotation>
<celldesigner:reactionType>TRANSPORT</celldesigner:reactionType>
<celldesigner:baseReactants>s69</celldesigner:baseReactants>
<celldesigner:baseProducts>s4</celldesigner:baseProducts>
<celldesigner:editPoints>0.19714869135750956,-0.30427870174409355 0.405657004628148,-0.370125262545725</celldesigner:editPoints>
</annotation>
<listOfReactants>
<speciesReference species="s69">
<annotation>
<celldesigner:alias>a77</celldesigner:alias>
</annotation>
</speciesReference>
</listOfReactants>
<listOfProducts>
<speciesReference species="s4">
<annotation>
<celldesigner:alias>a4</celldesigner:alias>
</annotation>
</speciesReference>
</listOfProducts>
</reaction>
</listOfReactions>
</model>
</sbml>
