<?xml version="1.0" encoding="UTF-8"?>
<!-- Terms and Conditions -->
<!-- 
Copyright (C)) 2005 Applied Biosystems.  
This file may be copied and redistributed freely, without advance permission, 
provided that this Copyright statement is reproduced with each copy.  
 
LIMITATION OF WARRANTY 
NOTHING IN THIS AGREEMENT WILL BE CONSTRUED AS A REPRESENTATION MADE OR 
WARRANTY GIVEN BY APPLIED BIOSYSTEMS OR ANY THIRD PARTY THAT THE USE OF 
DATA PROVIDED HEREUNDER WILL NOT INFRINGE ANY PATENT, COPYRIGHT, TRADEMARK 
OR OTHER RIGHTS OF ANY THIRD PARTY. DATA IS PROVIDED "AS IS" WITHOUT 
WARRANTY OF ANY KIND WHATSOEVER, EXPRESS OR IMPLIED, INCLUDING IMPLIED 
WARRANTIES OF MERCHANTABILITY OR FITNESS FOR A PARTICULAR PURPOSE. APPLIED 
BIOSYSTEMS MAKES NO WARRANTY THAT ITS DATA DOES NOT CONTAIN ERRORS.
-->

<!-- Created by SBML API 2.0(a17.0) -->
<sbml level="2" version="1" xmlns="http://www.sbml.org/sbml/level2" xmlns:celldesigner="http://www.sbml.org/2001/ns/celldesigner">
<model id="Pentose_space_phosphate_space_pathway">
<notes>
<html xmlns="http://www.w3.org/1999/xhtml">
<!--Notes by CellDesigner-->
<body>
<![CDATA[
The Pentose Phosphate Cycle, also known as Hexose Monophosphate Pathway (HMP), is a pathway of glucose turnover alternative to glycolysis and occurs in most species.  Its major function is the production of reducing equivalent (in form of NADPH) and of pentoses and tetroses for biosynthesis reactions (nucleoside and amino acid syntheses) in variable ratios. 

free text=Biochemiscal Pathways - An Atlas of Biochemistry and Molecular Biology Edited by Gerhard Michal
free text=Biochemistry by Voet and Voet
free text=Color Atlas of Biochemistry by Jan Koolman and Klaus-Heinrich Rohm
]]>
</body>
</html>
</notes>
<annotation>
<celldesigner:modelVersion>2.3</celldesigner:modelVersion>
<celldesigner:modelDisplay sizeX="1500" sizeY="700"/>
<celldesigner:listOfCompartmentAliases/>
<celldesigner:listOfSpeciesAliases>
<celldesigner:speciesAlias id="a2" species="s4">
<celldesigner:activity>inactive</celldesigner:activity>
<celldesigner:bounds h="37.0" w="144.0" x="107.0" y="295.0"/>
<celldesigner:singleLine width="1.0"/>
<celldesigner:paint color="ffccff66" scheme="Color"/>
</celldesigner:speciesAlias>
<celldesigner:speciesAlias id="a3" species="s3">
<celldesigner:activity>inactive</celldesigner:activity>
<celldesigner:bounds h="35.0" w="142.0" x="108.5" y="163.0"/>
<celldesigner:singleLine width="1.0"/>
<celldesigner:paint color="ffccff66" scheme="Color"/>
</celldesigner:speciesAlias>
<celldesigner:speciesAlias id="a4" species="s6">
<celldesigner:activity>inactive</celldesigner:activity>
<celldesigner:bounds h="37.0" w="148.0" x="108.0" y="485.5"/>
<celldesigner:singleLine width="1.0"/>
<celldesigner:paint color="ffccff66" scheme="Color"/>
</celldesigner:speciesAlias>
<celldesigner:speciesAlias id="a6" species="s8">
<celldesigner:activity>inactive</celldesigner:activity>
<celldesigner:bounds h="15.0" w="41.0" x="209.0" y="206.0"/>
<celldesigner:singleLine width="1.0"/>
<celldesigner:paint color="ffccff66" scheme="Color"/>
</celldesigner:speciesAlias>
<celldesigner:speciesAlias id="a8" species="s10">
<celldesigner:activity>inactive</celldesigner:activity>
<celldesigner:bounds h="15.0" w="41.0" x="208.15909090909088" y="270.46590909090907"/>
<celldesigner:singleLine width="1.0"/>
<celldesigner:paint color="ffccff66" scheme="Color"/>
</celldesigner:speciesAlias>
<celldesigner:speciesAlias id="a9" species="s11">
<celldesigner:activity>inactive</celldesigner:activity>
<celldesigner:bounds h="16.0" w="107.0" x="32.0" y="238.0"/>
<celldesigner:singleLine width="1.0"/>
<celldesigner:paint color="ffccffcc" scheme="Color"/>
</celldesigner:speciesAlias>
<celldesigner:speciesAlias id="a39" species="s37">
<celldesigner:activity>inactive</celldesigner:activity>
<celldesigner:bounds h="30.0" w="113.0" x="25.5" y="394.0"/>
<celldesigner:singleLine width="1.0"/>
<celldesigner:paint color="ffccffcc" scheme="Color"/>
</celldesigner:speciesAlias>
<celldesigner:speciesAlias id="a40" species="s45">
<celldesigner:activity>inactive</celldesigner:activity>
<celldesigner:bounds h="36.0" w="157.0" x="374.0" y="297.5"/>
<celldesigner:singleLine width="1.0"/>
<celldesigner:paint color="ffccff66" scheme="Color"/>
</celldesigner:speciesAlias>
<celldesigner:speciesAlias id="a41" species="s40">
<celldesigner:activity>inactive</celldesigner:activity>
<celldesigner:bounds h="30.0" w="113.0" x="255.5" y="243.0"/>
<celldesigner:singleLine width="1.0"/>
<celldesigner:paint color="ffccffcc" scheme="Color"/>
</celldesigner:speciesAlias>
<celldesigner:speciesAlias id="a42" species="s42">
<celldesigner:activity>inactive</celldesigner:activity>
<celldesigner:bounds h="18.0" w="53.0" x="227.5" y="335.5"/>
<celldesigner:singleLine width="1.0"/>
<celldesigner:paint color="ffccff66" scheme="Color"/>
</celldesigner:speciesAlias>
<celldesigner:speciesAlias id="a43" species="s43">
<celldesigner:activity>inactive</celldesigner:activity>
<celldesigner:bounds h="21.0" w="77.0" x="333.5" y="343.5"/>
<celldesigner:singleLine width="1.0"/>
<celldesigner:paint color="ffccff66" scheme="Color"/>
</celldesigner:speciesAlias>
<celldesigner:speciesAlias id="a44" species="s46">
<celldesigner:activity>inactive</celldesigner:activity>
<celldesigner:bounds h="29.0" w="116.0" x="603.5" y="299.0"/>
<celldesigner:singleLine width="1.0"/>
<celldesigner:paint color="ffccff66" scheme="Color"/>
</celldesigner:speciesAlias>
<celldesigner:speciesAlias id="a45" species="s47">
<celldesigner:activity>inactive</celldesigner:activity>
<celldesigner:bounds h="28.0" w="83.0" x="526.5" y="244.0"/>
<celldesigner:singleLine width="1.0"/>
<celldesigner:paint color="ffccffcc" scheme="Color"/>
</celldesigner:speciesAlias>
<celldesigner:speciesAlias id="a46" species="s50">
<celldesigner:activity>inactive</celldesigner:activity>
<celldesigner:bounds h="20.0" w="44.0" x="517.5" y="326.5"/>
<celldesigner:singleLine width="1.0"/>
<celldesigner:paint color="ffccff66" scheme="Color"/>
</celldesigner:speciesAlias>
<celldesigner:speciesAlias id="a47" species="s51">
<celldesigner:activity>inactive</celldesigner:activity>
<celldesigner:bounds h="29.0" w="116.0" x="1312.0" y="298.5"/>
<celldesigner:singleLine width="1.0"/>
<celldesigner:paint color="ffccff66" scheme="Color"/>
</celldesigner:speciesAlias>
<celldesigner:speciesAlias id="a48" species="s52">
<celldesigner:activity>inactive</celldesigner:activity>
<celldesigner:bounds h="30.0" w="119.0" x="758.5000000000001" y="247.47465437788009"/>
<celldesigner:singleLine width="1.0"/>
<celldesigner:paint color="ffccffcc" scheme="Color"/>
</celldesigner:speciesAlias>
<celldesigner:speciesAlias id="a49" species="s42">
<celldesigner:activity>inactive</celldesigner:activity>
<celldesigner:bounds h="18.0" w="53.0" x="735.8288747331403" y="351.9867900151305"/>
<celldesigner:singleLine width="1.0"/>
<celldesigner:paint color="ffccff66" scheme="Color"/>
</celldesigner:speciesAlias>
<celldesigner:speciesAlias id="a50" species="s43">
<celldesigner:activity>inactive</celldesigner:activity>
<celldesigner:bounds h="21.0" w="77.0" x="813.8288747331403" y="356.4867900151305"/>
<celldesigner:singleLine width="1.0"/>
<celldesigner:paint color="ffccff66" scheme="Color"/>
</celldesigner:speciesAlias>
<celldesigner:speciesAlias id="a51" species="s53">
<celldesigner:activity>inactive</celldesigner:activity>
<celldesigner:bounds h="15.0" w="41.0" x="913.0667166416792" y="352.4867900151305"/>
<celldesigner:singleLine width="1.0"/>
<celldesigner:paint color="ffccff66" scheme="Color"/>
</celldesigner:speciesAlias>
<celldesigner:speciesAlias id="a52" species="s56">
<celldesigner:activity>inactive</celldesigner:activity>
<celldesigner:bounds h="29.0" w="116.0" x="1310.2128935532235" y="36.94827586206901"/>
<celldesigner:singleLine width="1.0"/>
<celldesigner:paint color="ffccff66" scheme="Color"/>
</celldesigner:speciesAlias>
<celldesigner:speciesAlias id="a53" species="s57">
<celldesigner:activity>inactive</celldesigner:activity>
<celldesigner:bounds h="29.0" w="116.0" x="1310.2128935532235" y="168.948275862069"/>
<celldesigner:singleLine width="1.0"/>
<celldesigner:paint color="ffccff66" scheme="Color"/>
</celldesigner:speciesAlias>
<celldesigner:speciesAlias id="a55" species="s54">
<celldesigner:activity>inactive</celldesigner:activity>
<celldesigner:bounds h="30.0" w="119.0" x="1221.7128935532235" y="104.5097451274363"/>
<celldesigner:singleLine width="1.0"/>
<celldesigner:paint color="ffccffcc" scheme="Color"/>
</celldesigner:speciesAlias>
<celldesigner:speciesAlias id="a56" species="s55">
<celldesigner:activity>inactive</celldesigner:activity>
<celldesigner:bounds h="28.0" w="80.0" x="1255.7128935532235" y="234.3313343328336"/>
<celldesigner:singleLine width="1.0"/>
<celldesigner:paint color="ffccffcc" scheme="Color"/>
</celldesigner:speciesAlias>
<celldesigner:speciesAlias id="a57" species="s42">
<celldesigner:activity>inactive</celldesigner:activity>
<celldesigner:bounds h="18.0" w="53.0" x="1388.7128935532235" y="68.59220389805097"/>
<celldesigner:singleLine width="1.0"/>
<celldesigner:paint color="ffccff66" scheme="Color"/>
</celldesigner:speciesAlias>
<celldesigner:speciesAlias id="a58" species="s43">
<celldesigner:activity>inactive</celldesigner:activity>
<celldesigner:bounds h="21.0" w="77.0" x="1387.7128935532235" y="146.09220389805097"/>
<celldesigner:singleLine width="1.0"/>
<celldesigner:paint color="ffccff66" scheme="Color"/>
</celldesigner:speciesAlias>
<celldesigner:speciesAlias id="a59" species="s8">
<celldesigner:activity>inactive</celldesigner:activity>
<celldesigner:bounds h="15.0" w="41.0" x="1387.9092953523239" y="211.2091454272864"/>
<celldesigner:singleLine width="1.0"/>
<celldesigner:paint color="ffccff66" scheme="Color"/>
</celldesigner:speciesAlias>
<celldesigner:speciesAlias id="a60" species="s10">
<celldesigner:activity>inactive</celldesigner:activity>
<celldesigner:bounds h="15.0" w="41.0" x="1396.9092953523239" y="273.2091454272864"/>
<celldesigner:singleLine width="1.0"/>
<celldesigner:paint color="ffccff66" scheme="Color"/>
</celldesigner:speciesAlias>
<celldesigner:speciesAlias id="a61" species="s58">
<celldesigner:activity>inactive</celldesigner:activity>
<celldesigner:bounds h="29.0" w="116.0" x="1311.2128935532235" y="405.8388305847077"/>
<celldesigner:singleLine width="1.0"/>
<celldesigner:paint color="ffccff66" scheme="Color"/>
</celldesigner:speciesAlias>
<celldesigner:speciesAlias id="a62" species="s59">
<celldesigner:activity>inactive</celldesigner:activity>
<celldesigner:bounds h="33.0" w="136.0" x="1303.2128935532235" y="520.6214392803599"/>
<celldesigner:singleLine width="1.0"/>
<celldesigner:paint color="ffccff66" scheme="Color"/>
</celldesigner:speciesAlias>
<celldesigner:speciesAlias id="a63" species="s60">
<celldesigner:activity>inactive</celldesigner:activity>
<celldesigner:bounds h="37.0" w="86.0" x="1380.2128935532235" y="332.5652173913044"/>
<celldesigner:singleLine width="1.0"/>
<celldesigner:paint color="ffccffcc" scheme="Color"/>
</celldesigner:speciesAlias>
<celldesigner:speciesAlias id="a64" species="s61">
<celldesigner:activity>inactive</celldesigner:activity>
<celldesigner:bounds h="29.0" w="116.0" x="928.2128935532235" y="167.12668665667167"/>
<celldesigner:singleLine width="1.0"/>
<celldesigner:paint color="ffccff66" scheme="Color"/>
</celldesigner:speciesAlias>
<celldesigner:speciesAlias id="a65" species="s62">
<celldesigner:activity>inactive</celldesigner:activity>
<celldesigner:bounds h="34.0" w="145.0" x="1149.2128935532235" y="147.12668665667167"/>
<celldesigner:singleLine width="1.0"/>
<celldesigner:paint color="ffccff66" scheme="Color"/>
</celldesigner:speciesAlias>
<celldesigner:speciesAlias id="a66" species="s63">
<celldesigner:activity>inactive</celldesigner:activity>
<celldesigner:bounds h="29.0" w="116.0" x="1058.2128935532235" y="381.4070464767617"/>
<celldesigner:singleLine width="1.0"/>
<celldesigner:paint color="ffccff66" scheme="Color"/>
</celldesigner:speciesAlias>
<celldesigner:speciesAlias id="a67" species="s64">
<celldesigner:activity>inactive</celldesigner:activity>
<celldesigner:bounds h="30.0" w="60.0" x="986.2128935532235" y="208.7946026986507"/>
<celldesigner:singleLine width="1.0"/>
<celldesigner:paint color="ffccffcc" scheme="Color"/>
</celldesigner:speciesAlias>
<celldesigner:speciesAlias id="a68" species="s65">
<celldesigner:activity>inactive</celldesigner:activity>
<celldesigner:bounds h="30.0" w="119.0" x="1056.7128935532235" y="205.7946026986507"/>
<celldesigner:singleLine width="1.0"/>
<celldesigner:paint color="ffccffcc" scheme="Color"/>
</celldesigner:speciesAlias>
<celldesigner:speciesAlias id="a69" species="s8">
<celldesigner:activity>inactive</celldesigner:activity>
<celldesigner:bounds h="15.0" w="41.0" x="1148.7128935532235" y="339.2946026986507"/>
<celldesigner:singleLine width="1.0"/>
<celldesigner:paint color="ffccff66" scheme="Color"/>
</celldesigner:speciesAlias>
<celldesigner:speciesAlias id="a70" species="s10">
<celldesigner:activity>inactive</celldesigner:activity>
<celldesigner:bounds h="15.0" w="41.0" x="1128.7128935532235" y="243.2946026986507"/>
<celldesigner:singleLine width="1.0"/>
<celldesigner:paint color="ffccff66" scheme="Color"/>
</celldesigner:speciesAlias>
<celldesigner:speciesAlias id="a71" species="s66">
<celldesigner:activity>inactive</celldesigner:activity>
<celldesigner:bounds h="28.0" w="80.0" x="1276.2128935532235" y="359.7946026986507"/>
<celldesigner:singleLine width="1.0"/>
<celldesigner:paint color="ffccffcc" scheme="Color"/>
</celldesigner:speciesAlias>
<celldesigner:speciesAlias id="a72" species="s67">
<celldesigner:activity>inactive</celldesigner:activity>
<celldesigner:bounds h="33.0" w="128.0" x="1053.2128935532235" y="488.0487256371814"/>
<celldesigner:singleLine width="1.0"/>
<celldesigner:paint color="ffccff66" scheme="Color"/>
</celldesigner:speciesAlias>
<celldesigner:speciesAlias id="a73" species="s68">
<celldesigner:activity>inactive</celldesigner:activity>
<celldesigner:bounds h="33.0" w="128.0" x="1051.2128935532235" y="585.0487256371814"/>
<celldesigner:singleLine width="1.0"/>
<celldesigner:paint color="ffccff66" scheme="Color"/>
</celldesigner:speciesAlias>
<celldesigner:speciesAlias id="a74" species="s69">
<celldesigner:activity>inactive</celldesigner:activity>
<celldesigner:bounds h="28.0" w="80.0" x="1196.2128935532235" y="433.79610194902557"/>
<celldesigner:singleLine width="1.0"/>
<celldesigner:paint color="ffccffcc" scheme="Color"/>
</celldesigner:speciesAlias>
<celldesigner:speciesAlias id="a75" species="s69">
<celldesigner:activity>inactive</celldesigner:activity>
<celldesigner:bounds h="28.0" w="80.0" x="482.44377811094455" y="568.7961019490256"/>
<celldesigner:singleLine width="1.0"/>
<celldesigner:paint color="ffccffcc" scheme="Color"/>
</celldesigner:speciesAlias>
<celldesigner:speciesAlias id="a76" species="s70">
<celldesigner:activity>inactive</celldesigner:activity>
<celldesigner:bounds h="28.0" w="80.0" x="612.4437781109445" y="419.79610194902557"/>
<celldesigner:singleLine width="1.0"/>
<celldesigner:paint color="ffccffcc" scheme="Color"/>
</celldesigner:speciesAlias>
</celldesigner:listOfSpeciesAliases>
<celldesigner:listOfGroups/>
<celldesigner:listOfProteins>
<celldesigner:protein id="p1" name="Hexokinase" type="GENERIC"/>
<celldesigner:protein id="p14" name="Glucose-P-_br_Isomerase" type="GENERIC"/>
<celldesigner:protein id="p15" name="Glucose 6-P_br_Dehydrogenase" type="GENERIC"/>
<celldesigner:protein id="p16" name="6-P-Glucono_br_Lactonase" type="GENERIC"/>
<celldesigner:protein id="p17" name="Gluconate_br_Dehydrogenase" type="GENERIC"/>
<celldesigner:protein id="p18" name="Ribitol_br_Dehydrogenase" type="GENERIC"/>
<celldesigner:protein id="p19" name="D-Ribulo_br_Kinase" type="GENERIC"/>
<celldesigner:protein id="p20" name="Ribulose_P-3_br_Epimerase" type="GENERIC"/>
<celldesigner:protein id="p21" name="Ribo_br_Kinase" type="GENERIC"/>
<celldesigner:protein id="p22" name="Ribose-P_br_Pyrophospho Kinase" type="GENERIC"/>
<celldesigner:protein id="p23" name="Ribulose 5-P_br_Isomerase" type="GENERIC"/>
<celldesigner:protein id="p24" name="Transketolase" type="GENERIC"/>
<celldesigner:protein id="p25" name="Transaldolase" type="GENERIC"/>
</celldesigner:listOfProteins>
<celldesigner:listOfBlockDiagrams/>
</annotation>
<listOfCompartments>
<compartment id="default" size="1.0"/>
</listOfCompartments>
<listOfSpecies>
<species compartment="default" id="s3" initialAmount="0.0" name="Glucose">
<notes>
<html xmlns="http://www.w3.org/1999/xhtml">
<!--Notes by CellDesigner-->
<body>
Long Name:  Glucose
Synonym:  Synonym not specified
Accession:  S03946
</body>
</html>
</notes>
<annotation>
<celldesigner:positionToCompartment>inside</celldesigner:positionToCompartment>
<celldesigner:speciesIdentity>
<celldesigner:class>SIMPLE_MOLECULE</celldesigner:class>
<celldesigner:name>Glucose</celldesigner:name>
</celldesigner:speciesIdentity>
</annotation>
</species>
<species compartment="default" id="s4" initialAmount="0.0" name="Glucose 6-phosphate">
<notes>
<html xmlns="http://www.w3.org/1999/xhtml">
<!--Notes by CellDesigner-->
<body>
Long Name:  Glucose 6-phosphate
Synonym:  Synonym not specified
Accession:  S03947
</body>
</html>
</notes>
<annotation>
<celldesigner:positionToCompartment>inside</celldesigner:positionToCompartment>
<celldesigner:speciesIdentity>
<celldesigner:class>SIMPLE_MOLECULE</celldesigner:class>
<celldesigner:name>Glucose 6-phosphate</celldesigner:name>
</celldesigner:speciesIdentity>
</annotation>
</species>
<species compartment="default" id="s8" initialAmount="0.0" name="ATP">
<notes>
<html xmlns="http://www.w3.org/1999/xhtml">
<!--Notes by CellDesigner-->
<body>
Long Name:  ATP
Synonym:  Synonym not specified
Accession:  S03939
</body>
</html>
</notes>
<annotation>
<celldesigner:positionToCompartment>inside</celldesigner:positionToCompartment>
<celldesigner:speciesIdentity>
<celldesigner:class>SIMPLE_MOLECULE</celldesigner:class>
<celldesigner:name>ATP</celldesigner:name>
</celldesigner:speciesIdentity>
</annotation>
</species>
<species compartment="default" id="s10" initialAmount="0.0" name="ADP">
<notes>
<html xmlns="http://www.w3.org/1999/xhtml">
<!--Notes by CellDesigner-->
<body>
Long Name:  ADP
Synonym:  Synonym not specified
Accession:  S03951
</body>
</html>
</notes>
<annotation>
<celldesigner:positionToCompartment>inside</celldesigner:positionToCompartment>
<celldesigner:speciesIdentity>
<celldesigner:class>SIMPLE_MOLECULE</celldesigner:class>
<celldesigner:name>ADP</celldesigner:name>
</celldesigner:speciesIdentity>
</annotation>
</species>
<species compartment="default" id="s11" initialAmount="0.0" name="Hexokinase">
<notes>
<html xmlns="http://www.w3.org/1999/xhtml">
<!--Notes by CellDesigner-->
<body>
Long Name:  Hexokinase
Synonym:  Glucokinase, HK
Accession:  P03079
</body>
</html>
</notes>
<annotation>
<celldesigner:positionToCompartment>inside</celldesigner:positionToCompartment>
<celldesigner:speciesIdentity>
<celldesigner:class>PROTEIN</celldesigner:class>
<celldesigner:proteinReference>p1</celldesigner:proteinReference>
</celldesigner:speciesIdentity>
<celldesigner:listOfCatalyzedReactions>
<celldesigner:catalyzed reaction="r5"/>
</celldesigner:listOfCatalyzedReactions>
</annotation>
</species>
<species compartment="default" id="s6" initialAmount="0.0" name="_Beta_D-Fructose 6-phosphate">
<notes>
<html xmlns="http://www.w3.org/1999/xhtml">
<!--Notes by CellDesigner-->
<body>
Long Name:  BetaD-Fructose 6-phosphate
Synonym:  Synonym not specified
Accession:  S03941
</body>
</html>
</notes>
<annotation>
<celldesigner:positionToCompartment>inside</celldesigner:positionToCompartment>
<celldesigner:speciesIdentity>
<celldesigner:class>SIMPLE_MOLECULE</celldesigner:class>
<celldesigner:name>_Beta_D-Fructose 6-phosphate</celldesigner:name>
</celldesigner:speciesIdentity>
</annotation>
</species>
<species compartment="default" id="s37" initialAmount="0.0" name="Glucose-P-_br_Isomerase">
<notes>
<html xmlns="http://www.w3.org/1999/xhtml">
<!--Notes by CellDesigner-->
<body>
Long Name:  Glucose-P-Isomerase
Synonym:  Synonym not specified
Accession:  P03080
</body>
</html>
</notes>
<annotation>
<celldesigner:positionToCompartment>inside</celldesigner:positionToCompartment>
<celldesigner:speciesIdentity>
<celldesigner:class>PROTEIN</celldesigner:class>
<celldesigner:proteinReference>p14</celldesigner:proteinReference>
</celldesigner:speciesIdentity>
<celldesigner:listOfCatalyzedReactions>
<celldesigner:catalyzed reaction="r6"/>
</celldesigner:listOfCatalyzedReactions>
</annotation>
</species>
<species compartment="default" id="s40" initialAmount="0.0" name="Glucose 6-P_br_Dehydrogenase">
<notes>
<html xmlns="http://www.w3.org/1999/xhtml">
<!--Notes by CellDesigner-->
<body>
Long Name:  Glucose 6-P Dehydrogenase
Synonym:  Synonym not specified
Accession:  P03078
</body>
</html>
</notes>
<annotation>
<celldesigner:positionToCompartment>inside</celldesigner:positionToCompartment>
<celldesigner:speciesIdentity>
<celldesigner:class>PROTEIN</celldesigner:class>
<celldesigner:proteinReference>p15</celldesigner:proteinReference>
</celldesigner:speciesIdentity>
<celldesigner:listOfCatalyzedReactions>
<celldesigner:catalyzed reaction="r21"/>
</celldesigner:listOfCatalyzedReactions>
</annotation>
</species>
<species compartment="default" id="s42" initialAmount="0.0" name="NADP_super_+">
<notes>
<html xmlns="http://www.w3.org/1999/xhtml">
<!--Notes by CellDesigner-->
<body>
Long Name:  NADP+
Synonym:  Synonym not specified
Accession:  S03952
</body>
</html>
</notes>
<annotation>
<celldesigner:positionToCompartment>inside</celldesigner:positionToCompartment>
<celldesigner:speciesIdentity>
<celldesigner:class>SIMPLE_MOLECULE</celldesigner:class>
<celldesigner:name>NADP_super_+</celldesigner:name>
</celldesigner:speciesIdentity>
</annotation>
</species>
<species compartment="default" id="s43" initialAmount="0.0" name="NADPH + H_super_+">
<notes>
<html xmlns="http://www.w3.org/1999/xhtml">
<!--Notes by CellDesigner-->
<body>
Long Name:  NADPH + H+
Synonym:  Synonym not specified
Accession:  S03938
</body>
</html>
</notes>
<annotation>
<celldesigner:positionToCompartment>inside</celldesigner:positionToCompartment>
<celldesigner:speciesIdentity>
<celldesigner:class>SIMPLE_MOLECULE</celldesigner:class>
<celldesigner:name>NADPH + H_super_+</celldesigner:name>
</celldesigner:speciesIdentity>
</annotation>
</species>
<species compartment="default" id="s45" initialAmount="0.0" name="D-6-P Glucono 1,5-Lactone">
<notes>
<html xmlns="http://www.w3.org/1999/xhtml">
<!--Notes by CellDesigner-->
<body>
Long Name:  D-6-P Glucono 1,5-Lactone
Synonym:  Synonym not specified
Accession:  S03949
</body>
</html>
</notes>
<annotation>
<celldesigner:positionToCompartment>inside</celldesigner:positionToCompartment>
<celldesigner:speciesIdentity>
<celldesigner:class>SIMPLE_MOLECULE</celldesigner:class>
<celldesigner:name>D-6-P Glucono 1,5-Lactone</celldesigner:name>
</celldesigner:speciesIdentity>
</annotation>
</species>
<species compartment="default" id="s46" initialAmount="0.0" name="D-6-P Gluconate">
<notes>
<html xmlns="http://www.w3.org/1999/xhtml">
<!--Notes by CellDesigner-->
<body>
Long Name:  D-6-P Gluconate
Synonym:  Synonym not specified
Accession:  S03948
</body>
</html>
</notes>
<annotation>
<celldesigner:positionToCompartment>inside</celldesigner:positionToCompartment>
<celldesigner:speciesIdentity>
<celldesigner:class>SIMPLE_MOLECULE</celldesigner:class>
<celldesigner:name>D-6-P Gluconate</celldesigner:name>
</celldesigner:speciesIdentity>
</annotation>
</species>
<species compartment="default" id="s47" initialAmount="0.0" name="6-P-Glucono_br_Lactonase">
<notes>
<html xmlns="http://www.w3.org/1999/xhtml">
<!--Notes by CellDesigner-->
<body>
Long Name:  6-P-Glucono Lactonase
Synonym:  Synonym not specified
Accession:  P03073
</body>
</html>
</notes>
<annotation>
<celldesigner:positionToCompartment>inside</celldesigner:positionToCompartment>
<celldesigner:speciesIdentity>
<celldesigner:class>PROTEIN</celldesigner:class>
<celldesigner:proteinReference>p16</celldesigner:proteinReference>
</celldesigner:speciesIdentity>
<celldesigner:listOfCatalyzedReactions>
<celldesigner:catalyzed reaction="r22"/>
</celldesigner:listOfCatalyzedReactions>
</annotation>
</species>
<species compartment="default" id="s50" initialAmount="0.0" name="H_sub_2_endsub_O">
<notes>
<html xmlns="http://www.w3.org/1999/xhtml">
<!--Notes by CellDesigner-->
<body>
Long Name:  H2O
Synonym:  Synonym not specified
Accession:  S03940
</body>
</html>
</notes>
<annotation>
<celldesigner:positionToCompartment>inside</celldesigner:positionToCompartment>
<celldesigner:speciesIdentity>
<celldesigner:class>SIMPLE_MOLECULE</celldesigner:class>
<celldesigner:name>H_sub_2_endsub_O</celldesigner:name>
</celldesigner:speciesIdentity>
</annotation>
</species>
<species compartment="default" id="s51" initialAmount="0.0" name="D-Ribulose 5-P">
<notes>
<html xmlns="http://www.w3.org/1999/xhtml">
<!--Notes by CellDesigner-->
<body>
Long Name:  D-Ribulose 5-P
Synonym:  Synonym not specified
Accession:  S03944
</body>
</html>
</notes>
<annotation>
<celldesigner:positionToCompartment>inside</celldesigner:positionToCompartment>
<celldesigner:speciesIdentity>
<celldesigner:class>SIMPLE_MOLECULE</celldesigner:class>
<celldesigner:name>D-Ribulose 5-P</celldesigner:name>
</celldesigner:speciesIdentity>
</annotation>
</species>
<species compartment="default" id="s52" initialAmount="0.0" name="Gluconate_br_Dehydrogenase">
<notes>
<html xmlns="http://www.w3.org/1999/xhtml">
<!--Notes by CellDesigner-->
<body>
Long Name:  Gluconate Dehydrogenase
Synonym:  Synonym not specified
Accession:  P03070
</body>
</html>
</notes>
<annotation>
<celldesigner:positionToCompartment>inside</celldesigner:positionToCompartment>
<celldesigner:speciesIdentity>
<celldesigner:class>PROTEIN</celldesigner:class>
<celldesigner:proteinReference>p17</celldesigner:proteinReference>
</celldesigner:speciesIdentity>
<celldesigner:listOfCatalyzedReactions>
<celldesigner:catalyzed reaction="r23"/>
</celldesigner:listOfCatalyzedReactions>
</annotation>
</species>
<species compartment="default" id="s53" initialAmount="0.0" name="CO_sub_2_endsub">
<notes>
<html xmlns="http://www.w3.org/1999/xhtml">
<!--Notes by CellDesigner-->
<body>
Long Name:  CO2
Synonym:  Synonym not specified
Accession:  S03942
</body>
</html>
</notes>
<annotation>
<celldesigner:positionToCompartment>inside</celldesigner:positionToCompartment>
<celldesigner:speciesIdentity>
<celldesigner:class>SIMPLE_MOLECULE</celldesigner:class>
<celldesigner:name>CO_sub_2_endsub</celldesigner:name>
</celldesigner:speciesIdentity>
</annotation>
</species>
<species compartment="default" id="s54" initialAmount="0.0" name="Ribitol_br_Dehydrogenase">
<notes>
<html xmlns="http://www.w3.org/1999/xhtml">
<!--Notes by CellDesigner-->
<body>
Long Name:  Ribitol Dehydrogenase
Synonym:  Synonym not specified
Accession:  P03072
</body>
</html>
</notes>
<annotation>
<celldesigner:positionToCompartment>inside</celldesigner:positionToCompartment>
<celldesigner:speciesIdentity>
<celldesigner:class>PROTEIN</celldesigner:class>
<celldesigner:proteinReference>p18</celldesigner:proteinReference>
</celldesigner:speciesIdentity>
<celldesigner:listOfCatalyzedReactions>
<celldesigner:catalyzed reaction="r24"/>
</celldesigner:listOfCatalyzedReactions>
</annotation>
</species>
<species compartment="default" id="s55" initialAmount="0.0" name="D-Ribulo_br_Kinase">
<notes>
<html xmlns="http://www.w3.org/1999/xhtml">
<!--Notes by CellDesigner-->
<body>
Long Name:  D-Ribulo Kinase
Synonym:  Synonym not specified
Accession:  P03077
</body>
</html>
</notes>
<annotation>
<celldesigner:positionToCompartment>inside</celldesigner:positionToCompartment>
<celldesigner:speciesIdentity>
<celldesigner:class>PROTEIN</celldesigner:class>
<celldesigner:proteinReference>p19</celldesigner:proteinReference>
</celldesigner:speciesIdentity>
<celldesigner:listOfCatalyzedReactions>
<celldesigner:catalyzed reaction="r25"/>
</celldesigner:listOfCatalyzedReactions>
</annotation>
</species>
<species compartment="default" id="s56" initialAmount="0.0" name="D-Ribitol">
<notes>
<html xmlns="http://www.w3.org/1999/xhtml">
<!--Notes by CellDesigner-->
<body>
Long Name:  D-Ribitol
Synonym:  Synonym not specified
Accession:  S03953
</body>
</html>
</notes>
<annotation>
<celldesigner:positionToCompartment>inside</celldesigner:positionToCompartment>
<celldesigner:speciesIdentity>
<celldesigner:class>SIMPLE_MOLECULE</celldesigner:class>
<celldesigner:name>D-Ribitol</celldesigner:name>
</celldesigner:speciesIdentity>
</annotation>
</species>
<species compartment="default" id="s57" initialAmount="0.0" name="D-Ribulose">
<notes>
<html xmlns="http://www.w3.org/1999/xhtml">
<!--Notes by CellDesigner-->
<body>
Long Name:  D-Ribulose
Synonym:  Synonym not specified
Accession:  S03937
</body>
</html>
</notes>
<annotation>
<celldesigner:positionToCompartment>inside</celldesigner:positionToCompartment>
<celldesigner:speciesIdentity>
<celldesigner:class>SIMPLE_MOLECULE</celldesigner:class>
<celldesigner:name>D-Ribulose</celldesigner:name>
</celldesigner:speciesIdentity>
</annotation>
</species>
<species compartment="default" id="s58" initialAmount="0.0" name="D-Xylulose 5-P">
<notes>
<html xmlns="http://www.w3.org/1999/xhtml">
<!--Notes by CellDesigner-->
<body>
Long Name:  D-Xylulose 5-P
Synonym:  Synonym not specified
Accession:  S03945
</body>
</html>
</notes>
<annotation>
<celldesigner:positionToCompartment>inside</celldesigner:positionToCompartment>
<celldesigner:speciesIdentity>
<celldesigner:class>SIMPLE_MOLECULE</celldesigner:class>
<celldesigner:name>D-Xylulose 5-P</celldesigner:name>
</celldesigner:speciesIdentity>
</annotation>
</species>
<species compartment="default" id="s59" initialAmount="0.0" name="D-Glyceraldehyde 3-P">
<notes>
<html xmlns="http://www.w3.org/1999/xhtml">
<!--Notes by CellDesigner-->
<body>
Long Name:  D-Glyceraldehyde 3-P
Synonym:  Synonym not specified
Accession:  S03943
</body>
</html>
</notes>
<annotation>
<celldesigner:positionToCompartment>inside</celldesigner:positionToCompartment>
<celldesigner:speciesIdentity>
<celldesigner:class>SIMPLE_MOLECULE</celldesigner:class>
<celldesigner:name>D-Glyceraldehyde 3-P</celldesigner:name>
</celldesigner:speciesIdentity>
</annotation>
</species>
<species compartment="default" id="s60" initialAmount="0.0" name="Ribulose_P-3_br_Epimerase">
<notes>
<html xmlns="http://www.w3.org/1999/xhtml">
<!--Notes by CellDesigner-->
<body>
Long Name:  Ribulose_P-3 Epimerase
Synonym:  Synonym not specified
Accession:  P03074
</body>
</html>
</notes>
<annotation>
<celldesigner:positionToCompartment>inside</celldesigner:positionToCompartment>
<celldesigner:speciesIdentity>
<celldesigner:class>PROTEIN</celldesigner:class>
<celldesigner:proteinReference>p20</celldesigner:proteinReference>
</celldesigner:speciesIdentity>
<celldesigner:listOfCatalyzedReactions>
<celldesigner:catalyzed reaction="r26"/>
</celldesigner:listOfCatalyzedReactions>
</annotation>
</species>
<species compartment="default" id="s61" initialAmount="0.0" name="D-Ribose">
<notes>
<html xmlns="http://www.w3.org/1999/xhtml">
<!--Notes by CellDesigner-->
<body>
Long Name:  D-Ribose
Synonym:  Synonym not specified
Accession:  S03934
</body>
</html>
</notes>
<annotation>
<celldesigner:positionToCompartment>inside</celldesigner:positionToCompartment>
<celldesigner:speciesIdentity>
<celldesigner:class>SIMPLE_MOLECULE</celldesigner:class>
<celldesigner:name>D-Ribose</celldesigner:name>
</celldesigner:speciesIdentity>
</annotation>
</species>
<species compartment="default" id="s62" initialAmount="0.0" name="Alpha_-D-5-P-Ribosyl-PP">
<notes>
<html xmlns="http://www.w3.org/1999/xhtml">
<!--Notes by CellDesigner-->
<body>
Long Name:  Alpha_-D-5-P-Ribosyl-PP
Synonym:  Synonym not specified
Accession:  S03933
</body>
</html>
</notes>
<annotation>
<celldesigner:positionToCompartment>inside</celldesigner:positionToCompartment>
<celldesigner:speciesIdentity>
<celldesigner:class>SIMPLE_MOLECULE</celldesigner:class>
<celldesigner:name>Alpha_-D-5-P-Ribosyl-PP</celldesigner:name>
</celldesigner:speciesIdentity>
</annotation>
</species>
<species compartment="default" id="s63" initialAmount="0.0" name="D-Ribose 5-P">
<notes>
<html xmlns="http://www.w3.org/1999/xhtml">
<!--Notes by CellDesigner-->
<body>
Long Name:  D-Ribose 5-P
Synonym:  Synonym not specified
Accession:  S03936
</body>
</html>
</notes>
<annotation>
<celldesigner:positionToCompartment>inside</celldesigner:positionToCompartment>
<celldesigner:speciesIdentity>
<celldesigner:class>SIMPLE_MOLECULE</celldesigner:class>
<celldesigner:name>D-Ribose 5-P</celldesigner:name>
</celldesigner:speciesIdentity>
</annotation>
</species>
<species compartment="default" id="s64" initialAmount="0.0" name="Ribo_br_Kinase">
<notes>
<html xmlns="http://www.w3.org/1999/xhtml">
<!--Notes by CellDesigner-->
<body>
Long Name:  Ribo Kinase
Synonym:  Synonym not specified
Accession:  P03076
</body>
</html>
</notes>
<annotation>
<celldesigner:positionToCompartment>inside</celldesigner:positionToCompartment>
<celldesigner:speciesIdentity>
<celldesigner:class>PROTEIN</celldesigner:class>
<celldesigner:proteinReference>p21</celldesigner:proteinReference>
</celldesigner:speciesIdentity>
<celldesigner:listOfCatalyzedReactions>
<celldesigner:catalyzed reaction="r29"/>
</celldesigner:listOfCatalyzedReactions>
</annotation>
</species>
<species compartment="default" id="s65" initialAmount="0.0" name="Ribose-P_br_Pyrophospho Kinase">
<notes>
<html xmlns="http://www.w3.org/1999/xhtml">
<!--Notes by CellDesigner-->
<body>
Long Name:  Ribose-P Pyrophospho Kinase
Synonym:  Synonym not specified
Accession:  P03075
</body>
</html>
</notes>
<annotation>
<celldesigner:positionToCompartment>inside</celldesigner:positionToCompartment>
<celldesigner:speciesIdentity>
<celldesigner:class>PROTEIN</celldesigner:class>
<celldesigner:proteinReference>p22</celldesigner:proteinReference>
</celldesigner:speciesIdentity>
<celldesigner:listOfCatalyzedReactions>
<celldesigner:catalyzed reaction="r30"/>
</celldesigner:listOfCatalyzedReactions>
</annotation>
</species>
<species compartment="default" id="s66" initialAmount="0.0" name="Ribulose 5-P_br_Isomerase">
<notes>
<html xmlns="http://www.w3.org/1999/xhtml">
<!--Notes by CellDesigner-->
<body>
Long Name:  Ribulose 5-P Isomerase
Synonym:  Synonym not specified
Accession:  P03071
</body>
</html>
</notes>
<annotation>
<celldesigner:positionToCompartment>inside</celldesigner:positionToCompartment>
<celldesigner:speciesIdentity>
<celldesigner:class>PROTEIN</celldesigner:class>
<celldesigner:proteinReference>p23</celldesigner:proteinReference>
</celldesigner:speciesIdentity>
<celldesigner:listOfCatalyzedReactions>
<celldesigner:catalyzed reaction="r31"/>
</celldesigner:listOfCatalyzedReactions>
</annotation>
</species>
<species compartment="default" id="s67" initialAmount="0.0" name="D-SedoHeptulose 7-P">
<notes>
<html xmlns="http://www.w3.org/1999/xhtml">
<!--Notes by CellDesigner-->
<body>
Long Name:  D-SedoHeptulose 7-P
Synonym:  Synonym not specified
Accession:  S03950
</body>
</html>
</notes>
<annotation>
<celldesigner:positionToCompartment>inside</celldesigner:positionToCompartment>
<celldesigner:speciesIdentity>
<celldesigner:class>SIMPLE_MOLECULE</celldesigner:class>
<celldesigner:name>D-SedoHeptulose 7-P</celldesigner:name>
</celldesigner:speciesIdentity>
</annotation>
</species>
<species compartment="default" id="s68" initialAmount="0.0" name="D-Erythrose 4-P">
<notes>
<html xmlns="http://www.w3.org/1999/xhtml">
<!--Notes by CellDesigner-->
<body>
Long Name:  D-Erythrose 4-P
Synonym:  Synonym not specified
Accession:  S03935
</body>
</html>
</notes>
<annotation>
<celldesigner:positionToCompartment>inside</celldesigner:positionToCompartment>
<celldesigner:speciesIdentity>
<celldesigner:class>SIMPLE_MOLECULE</celldesigner:class>
<celldesigner:name>D-Erythrose 4-P</celldesigner:name>
</celldesigner:speciesIdentity>
</annotation>
</species>
<species compartment="default" id="s69" initialAmount="0.0" name="Transketolase">
<notes>
<html xmlns="http://www.w3.org/1999/xhtml">
<!--Notes by CellDesigner-->
<body>
Long Name:  Transketolase
Synonym:  Synonym not specified
Accession:  P03082
</body>
</html>
</notes>
<annotation>
<celldesigner:positionToCompartment>inside</celldesigner:positionToCompartment>
<celldesigner:speciesIdentity>
<celldesigner:class>PROTEIN</celldesigner:class>
<celldesigner:proteinReference>p24</celldesigner:proteinReference>
</celldesigner:speciesIdentity>
<celldesigner:listOfCatalyzedReactions>
<celldesigner:catalyzed reaction="r27"/>
<celldesigner:catalyzed reaction="r32"/>
<celldesigner:catalyzed reaction="r34"/>
<celldesigner:catalyzed reaction="r37"/>
</celldesigner:listOfCatalyzedReactions>
</annotation>
</species>
<species compartment="default" id="s70" initialAmount="0.0" name="Transaldolase">
<notes>
<html xmlns="http://www.w3.org/1999/xhtml">
<!--Notes by CellDesigner-->
<body>
Long Name:  Transaldolase
Synonym:  Synonym not specified
Accession:  P03081
</body>
</html>
</notes>
<annotation>
<celldesigner:positionToCompartment>inside</celldesigner:positionToCompartment>
<celldesigner:speciesIdentity>
<celldesigner:class>PROTEIN</celldesigner:class>
<celldesigner:proteinReference>p25</celldesigner:proteinReference>
</celldesigner:speciesIdentity>
<celldesigner:listOfCatalyzedReactions>
<celldesigner:catalyzed reaction="r35"/>
</celldesigner:listOfCatalyzedReactions>
</annotation>
</species>
</listOfSpecies>
<listOfReactions>
<reaction id="r5" reversible="false">
<annotation>
<celldesigner:reactionType>STATE_TRANSITION</celldesigner:reactionType>
<celldesigner:baseReactants>s3</celldesigner:baseReactants>
<celldesigner:baseProducts>s4</celldesigner:baseProducts>
<celldesigner:listOfReactantLinks>
<celldesigner:reactantLink alias="a3" reactant="s3" targetLineIndex="-1,1"/>
<celldesigner:reactantLink alias="a6" reactant="s8" targetLineIndex="-1,1"/>
</celldesigner:listOfReactantLinks>
<celldesigner:listOfProductLinks>
<celldesigner:productLink alias="a8" product="s10" targetLineIndex="-1,1"/>
</celldesigner:listOfProductLinks>
<celldesigner:editPoints>0.33333333333333337,-4.440892098500626E-16 0.6666666666666669,0.0</celldesigner:editPoints>
<celldesigner:listOfModification>
<celldesigner:modification aliases="a9" editPoints="0.33333333333333315,-3.885780586188048E-16 0.6666666666666666,-6.661338147750939E-16" modifiers="s11" targetLineIndex="-1,1" type="CATALYSIS"/>
</celldesigner:listOfModification>
</annotation>
<listOfReactants>
<speciesReference species="s3">
<annotation>
<celldesigner:alias>a3</celldesigner:alias>
</annotation>
</speciesReference>
<speciesReference species="s3">
<annotation>
<celldesigner:alias>a3</celldesigner:alias>
</annotation>
</speciesReference>
<speciesReference species="s8">
<annotation>
<celldesigner:alias>a6</celldesigner:alias>
</annotation>
</speciesReference>
</listOfReactants>
<listOfProducts>
<speciesReference species="s4">
<annotation>
<celldesigner:alias>a2</celldesigner:alias>
</annotation>
</speciesReference>
<speciesReference species="s10">
<annotation>
<celldesigner:alias>a8</celldesigner:alias>
</annotation>
</speciesReference>
</listOfProducts>
<listOfModifiers>
<modifierSpeciesReference species="s11">
<annotation>
<celldesigner:alias>a9</celldesigner:alias>
</annotation>
</modifierSpeciesReference>
</listOfModifiers>
</reaction>
<reaction id="r6" reversible="false">
<annotation>
<celldesigner:reactionType>STATE_TRANSITION</celldesigner:reactionType>
<celldesigner:baseReactants>s4</celldesigner:baseReactants>
<celldesigner:baseProducts>s6</celldesigner:baseProducts>
<celldesigner:offset x="1.0" y="0.0"/>
<celldesigner:editPoints>0.3333333333333335,-4.440892098500626E-16 0.6666666666666672,-8.881784197001252E-16</celldesigner:editPoints>
<celldesigner:listOfModification>
<celldesigner:modification aliases="a39" editPoints="0.33333333333333337,-2.6645352591003757E-15 0.6666666666666666,-5.329070518200751E-15" modifiers="s37" targetLineIndex="-1,1" type="CATALYSIS"/>
</celldesigner:listOfModification>
</annotation>
<listOfReactants>
<speciesReference species="s4">
<annotation>
<celldesigner:alias>a2</celldesigner:alias>
</annotation>
</speciesReference>
</listOfReactants>
<listOfProducts>
<speciesReference species="s6">
<annotation>
<celldesigner:alias>a4</celldesigner:alias>
</annotation>
</speciesReference>
</listOfProducts>
<listOfModifiers>
<modifierSpeciesReference species="s37">
<annotation>
<celldesigner:alias>a39</celldesigner:alias>
</annotation>
</modifierSpeciesReference>
</listOfModifiers>
</reaction>
<reaction id="r21" reversible="false">
<annotation>
<celldesigner:reactionType>STATE_TRANSITION</celldesigner:reactionType>
<celldesigner:baseReactants>s4</celldesigner:baseReactants>
<celldesigner:baseProducts>s45</celldesigner:baseProducts>
<celldesigner:listOfReactantLinks>
<celldesigner:reactantLink alias="a42" reactant="s42" targetLineIndex="-1,1"/>
</celldesigner:listOfReactantLinks>
<celldesigner:listOfProductLinks>
<celldesigner:productLink alias="a43" product="s43" targetLineIndex="-1,1"/>
</celldesigner:listOfProductLinks>
<celldesigner:editPoints>0.33333333333333337,3.9968028886505635E-15 0.6666666666666667,7.771561172376096E-15</celldesigner:editPoints>
<celldesigner:listOfModification>
<celldesigner:modification aliases="a41" editPoints="0.3333333333333339,8.881784197001252E-16 0.6666666666666665,-8.881784197001252E-16" modifiers="s40" targetLineIndex="-1,1" type="CATALYSIS"/>
</celldesigner:listOfModification>
</annotation>
<listOfReactants>
<speciesReference species="s4">
<annotation>
<celldesigner:alias>a2</celldesigner:alias>
</annotation>
</speciesReference>
<speciesReference species="s42">
<annotation>
<celldesigner:alias>a42</celldesigner:alias>
</annotation>
</speciesReference>
</listOfReactants>
<listOfProducts>
<speciesReference species="s45">
<annotation>
<celldesigner:alias>a40</celldesigner:alias>
</annotation>
</speciesReference>
<speciesReference species="s43">
<annotation>
<celldesigner:alias>a43</celldesigner:alias>
</annotation>
</speciesReference>
</listOfProducts>
<listOfModifiers>
<modifierSpeciesReference species="s40">
<annotation>
<celldesigner:alias>a41</celldesigner:alias>
</annotation>
</modifierSpeciesReference>
</listOfModifiers>
</reaction>
<reaction id="r22" reversible="false">
<annotation>
<celldesigner:reactionType>STATE_TRANSITION</celldesigner:reactionType>
<celldesigner:baseReactants>s45</celldesigner:baseReactants>
<celldesigner:baseProducts>s46</celldesigner:baseProducts>
<celldesigner:listOfReactantLinks>
<celldesigner:reactantLink alias="a46" reactant="s50" targetLineIndex="-1,1"/>
</celldesigner:listOfReactantLinks>
<celldesigner:editPoints>0.33333333333333304,1.1102230246251565E-15 0.6666666666666665,1.9984014443252818E-15</celldesigner:editPoints>
<celldesigner:listOfModification>
<celldesigner:modification aliases="a45" editPoints="0.33333333333333304,1.7763568394002505E-15 0.6666666666666661,0.0" modifiers="s47" targetLineIndex="-1,1" type="CATALYSIS"/>
</celldesigner:listOfModification>
</annotation>
<listOfReactants>
<speciesReference species="s45">
<annotation>
<celldesigner:alias>a40</celldesigner:alias>
</annotation>
</speciesReference>
<speciesReference species="s50">
<annotation>
<celldesigner:alias>a46</celldesigner:alias>
</annotation>
</speciesReference>
</listOfReactants>
<listOfProducts>
<speciesReference species="s46">
<annotation>
<celldesigner:alias>a44</celldesigner:alias>
</annotation>
</speciesReference>
</listOfProducts>
<listOfModifiers>
<modifierSpeciesReference species="s47">
<annotation>
<celldesigner:alias>a45</celldesigner:alias>
</annotation>
</modifierSpeciesReference>
</listOfModifiers>
</reaction>
<reaction id="r23" reversible="false">
<annotation>
<celldesigner:reactionType>STATE_TRANSITION</celldesigner:reactionType>
<celldesigner:baseReactants>s46</celldesigner:baseReactants>
<celldesigner:baseProducts>s51</celldesigner:baseProducts>
<celldesigner:listOfReactantLinks>
<celldesigner:reactantLink alias="a49" reactant="s42" targetLineIndex="-1,0"/>
</celldesigner:listOfReactantLinks>
<celldesigner:listOfProductLinks>
<celldesigner:productLink alias="a50" product="s43" targetLineIndex="-1,0"/>
<celldesigner:productLink alias="a51" product="s53" targetLineIndex="-1,0"/>
</celldesigner:listOfProductLinks>
<celldesigner:editPoints>0.3333333333333337,7.993605777301127E-15 0.666666666666667,1.6209256159527285E-14</celldesigner:editPoints>
<celldesigner:listOfModification>
<celldesigner:modification aliases="a48" editPoints="0.3333333333333339,-6.661338147750939E-16 0.6666666666666679,2.220446049250313E-16" modifiers="s52" targetLineIndex="-1,0" type="CATALYSIS"/>
</celldesigner:listOfModification>
</annotation>
<listOfReactants>
<speciesReference species="s46">
<annotation>
<celldesigner:alias>a44</celldesigner:alias>
</annotation>
</speciesReference>
<speciesReference species="s42">
<annotation>
<celldesigner:alias>a49</celldesigner:alias>
</annotation>
</speciesReference>
</listOfReactants>
<listOfProducts>
<speciesReference species="s51">
<annotation>
<celldesigner:alias>a47</celldesigner:alias>
</annotation>
</speciesReference>
<speciesReference species="s43">
<annotation>
<celldesigner:alias>a50</celldesigner:alias>
</annotation>
</speciesReference>
<speciesReference species="s53">
<annotation>
<celldesigner:alias>a51</celldesigner:alias>
</annotation>
</speciesReference>
</listOfProducts>
<listOfModifiers>
<modifierSpeciesReference species="s52">
<annotation>
<celldesigner:alias>a48</celldesigner:alias>
</annotation>
</modifierSpeciesReference>
</listOfModifiers>
</reaction>
<reaction id="r24" reversible="false">
<annotation>
<celldesigner:reactionType>STATE_TRANSITION</celldesigner:reactionType>
<celldesigner:baseReactants>s56</celldesigner:baseReactants>
<celldesigner:baseProducts>s57</celldesigner:baseProducts>
<celldesigner:listOfReactantLinks>
<celldesigner:reactantLink alias="a57" reactant="s42" targetLineIndex="-1,1"/>
</celldesigner:listOfReactantLinks>
<celldesigner:listOfProductLinks>
<celldesigner:productLink alias="a58" product="s43" targetLineIndex="-1,1"/>
</celldesigner:listOfProductLinks>
<celldesigner:editPoints>0.3333333333333335,-1.7763568394002505E-15 0.6666666666666667,-1.7763568394002505E-15</celldesigner:editPoints>
<celldesigner:listOfModification>
<celldesigner:modification aliases="a55" editPoints="0.33333333333333215,2.220446049250313E-15 0.6666666666666661,4.884981308350689E-15" modifiers="s54" targetLineIndex="-1,1" type="CATALYSIS"/>
</celldesigner:listOfModification>
</annotation>
<listOfReactants>
<speciesReference species="s56">
<annotation>
<celldesigner:alias>a52</celldesigner:alias>
</annotation>
</speciesReference>
<speciesReference species="s42">
<annotation>
<celldesigner:alias>a57</celldesigner:alias>
</annotation>
</speciesReference>
</listOfReactants>
<listOfProducts>
<speciesReference species="s57">
<annotation>
<celldesigner:alias>a53</celldesigner:alias>
</annotation>
</speciesReference>
<speciesReference species="s43">
<annotation>
<celldesigner:alias>a58</celldesigner:alias>
</annotation>
</speciesReference>
</listOfProducts>
<listOfModifiers>
<modifierSpeciesReference species="s54">
<annotation>
<celldesigner:alias>a55</celldesigner:alias>
</annotation>
</modifierSpeciesReference>
</listOfModifiers>
</reaction>
<reaction id="r25" reversible="false">
<annotation>
<celldesigner:reactionType>STATE_TRANSITION</celldesigner:reactionType>
<celldesigner:baseReactants>s57</celldesigner:baseReactants>
<celldesigner:baseProducts>s51</celldesigner:baseProducts>
<celldesigner:listOfReactantLinks>
<celldesigner:reactantLink alias="a59" reactant="s8" targetLineIndex="-1,1"/>
</celldesigner:listOfReactantLinks>
<celldesigner:listOfProductLinks>
<celldesigner:productLink alias="a60" product="s10" targetLineIndex="-1,1"/>
</celldesigner:listOfProductLinks>
<celldesigner:editPoints>0.3333333333333326,0.0 0.6666666666666661,0.0</celldesigner:editPoints>
<celldesigner:listOfModification>
<celldesigner:modification aliases="a56" editPoints="0.3333333333333339,0.0 0.6666666666666679,-8.881784197001252E-16" modifiers="s55" targetLineIndex="-1,1" type="CATALYSIS"/>
</celldesigner:listOfModification>
</annotation>
<listOfReactants>
<speciesReference species="s57">
<annotation>
<celldesigner:alias>a53</celldesigner:alias>
</annotation>
</speciesReference>
<speciesReference species="s8">
<annotation>
<celldesigner:alias>a59</celldesigner:alias>
</annotation>
</speciesReference>
</listOfReactants>
<listOfProducts>
<speciesReference species="s51">
<annotation>
<celldesigner:alias>a47</celldesigner:alias>
</annotation>
</speciesReference>
<speciesReference species="s10">
<annotation>
<celldesigner:alias>a60</celldesigner:alias>
</annotation>
</speciesReference>
</listOfProducts>
<listOfModifiers>
<modifierSpeciesReference species="s55">
<annotation>
<celldesigner:alias>a56</celldesigner:alias>
</annotation>
</modifierSpeciesReference>
</listOfModifiers>
</reaction>
<reaction id="r26" reversible="false">
<annotation>
<celldesigner:reactionType>STATE_TRANSITION</celldesigner:reactionType>
<celldesigner:baseReactants>s51</celldesigner:baseReactants>
<celldesigner:baseProducts>s58</celldesigner:baseProducts>
<celldesigner:editPoints>0.3333333333333339,0.0 0.6666666666666679,1.7763568394002505E-15</celldesigner:editPoints>
<celldesigner:listOfModification>
<celldesigner:modification aliases="a63" editPoints="0.3333333333333357,0.0 0.6666666666666679,0.0" modifiers="s60" targetLineIndex="-1,2" type="CATALYSIS"/>
</celldesigner:listOfModification>
</annotation>
<listOfReactants>
<speciesReference species="s51">
<annotation>
<celldesigner:alias>a47</celldesigner:alias>
</annotation>
</speciesReference>
</listOfReactants>
<listOfProducts>
<speciesReference species="s58">
<annotation>
<celldesigner:alias>a61</celldesigner:alias>
</annotation>
</speciesReference>
</listOfProducts>
<listOfModifiers>
<modifierSpeciesReference species="s60">
<annotation>
<celldesigner:alias>a63</celldesigner:alias>
</annotation>
</modifierSpeciesReference>
</listOfModifiers>
</reaction>
<reaction id="r27" reversible="false">
<annotation>
<celldesigner:reactionType>STATE_TRANSITION</celldesigner:reactionType>
<celldesigner:baseReactants>s58</celldesigner:baseReactants>
<celldesigner:baseProducts>s59</celldesigner:baseProducts>
<celldesigner:editPoints>0.3333333333333339,0.0 0.6666666666666661,0.0</celldesigner:editPoints>
<celldesigner:listOfModification>
<celldesigner:modification aliases="a74" editPoints="0.3333333333333339,0.0 0.6666666666666661,4.440892098500626E-16" modifiers="s69" targetLineIndex="-1,1" type="CATALYSIS"/>
</celldesigner:listOfModification>
</annotation>
<listOfReactants>
<speciesReference species="s58">
<annotation>
<celldesigner:alias>a61</celldesigner:alias>
</annotation>
</speciesReference>
</listOfReactants>
<listOfProducts>
<speciesReference species="s59">
<annotation>
<celldesigner:alias>a62</celldesigner:alias>
</annotation>
</speciesReference>
</listOfProducts>
<listOfModifiers>
<modifierSpeciesReference species="s69">
<annotation>
<celldesigner:alias>a74</celldesigner:alias>
</annotation>
</modifierSpeciesReference>
</listOfModifiers>
</reaction>
<reaction id="r29" reversible="false">
<annotation>
<celldesigner:reactionType>STATE_TRANSITION</celldesigner:reactionType>
<celldesigner:baseReactants>s61</celldesigner:baseReactants>
<celldesigner:baseProducts>s63</celldesigner:baseProducts>
<celldesigner:offset x="-27.0" y="0.0"/>
<celldesigner:editPoints>0.22029038889294617,0.17398249766319696 0.8460333066963646,-0.1388954078014626</celldesigner:editPoints>
<celldesigner:listOfModification>
<celldesigner:modification aliases="a67" editPoints="0.3333333333333286,8.881784197001252E-16 0.6666666666666643,8.881784197001252E-16" modifiers="s64" targetLineIndex="-1,0" type="CATALYSIS"/>
</celldesigner:listOfModification>
</annotation>
<listOfReactants>
<speciesReference species="s61">
<annotation>
<celldesigner:alias>a64</celldesigner:alias>
</annotation>
</speciesReference>
</listOfReactants>
<listOfProducts>
<speciesReference species="s63">
<annotation>
<celldesigner:alias>a66</celldesigner:alias>
</annotation>
</speciesReference>
</listOfProducts>
<listOfModifiers>
<modifierSpeciesReference species="s64">
<annotation>
<celldesigner:alias>a67</celldesigner:alias>
</annotation>
</modifierSpeciesReference>
</listOfModifiers>
</reaction>
<reaction id="r30" reversible="false">
<annotation>
<celldesigner:reactionType>STATE_TRANSITION</celldesigner:reactionType>
<celldesigner:baseReactants>s63</celldesigner:baseReactants>
<celldesigner:baseProducts>s62</celldesigner:baseProducts>
<celldesigner:listOfReactantLinks>
<celldesigner:reactantLink alias="a69" reactant="s8" targetLineIndex="-1,1"/>
</celldesigner:listOfReactantLinks>
<celldesigner:listOfProductLinks>
<celldesigner:productLink alias="a70" product="s10" targetLineIndex="-1,1"/>
</celldesigner:listOfProductLinks>
<celldesigner:editPoints>0.18718417330537362,-0.11535731619488754 0.6854545849447642,0.17993702435989434</celldesigner:editPoints>
<celldesigner:listOfModification>
<celldesigner:modification aliases="a68" editPoints="0.33333333333333215,0.0 0.6666666666666661,0.0" modifiers="s65" targetLineIndex="-1,2" type="CATALYSIS"/>
</celldesigner:listOfModification>
</annotation>
<listOfReactants>
<speciesReference species="s63">
<annotation>
<celldesigner:alias>a66</celldesigner:alias>
</annotation>
</speciesReference>
<speciesReference species="s8">
<annotation>
<celldesigner:alias>a69</celldesigner:alias>
</annotation>
</speciesReference>
</listOfReactants>
<listOfProducts>
<speciesReference species="s62">
<annotation>
<celldesigner:alias>a65</celldesigner:alias>
</annotation>
</speciesReference>
<speciesReference species="s10">
<annotation>
<celldesigner:alias>a70</celldesigner:alias>
</annotation>
</speciesReference>
</listOfProducts>
<listOfModifiers>
<modifierSpeciesReference species="s65">
<annotation>
<celldesigner:alias>a68</celldesigner:alias>
</annotation>
</modifierSpeciesReference>
</listOfModifiers>
</reaction>
<reaction id="r31" reversible="false">
<annotation>
<celldesigner:reactionType>STATE_TRANSITION</celldesigner:reactionType>
<celldesigner:baseReactants>s51</celldesigner:baseReactants>
<celldesigner:baseProducts>s63</celldesigner:baseProducts>
<celldesigner:editPoints>0.33333333333333304,0.0 0.6666666666666661,0.0</celldesigner:editPoints>
<celldesigner:listOfModification>
<celldesigner:modification aliases="a71" editPoints="0.3333333333333357,8.881784197001252E-16 0.6666666666666679,0.0" modifiers="s66" targetLineIndex="-1,1" type="CATALYSIS"/>
</celldesigner:listOfModification>
</annotation>
<listOfReactants>
<speciesReference species="s51">
<annotation>
<celldesigner:alias>a47</celldesigner:alias>
</annotation>
</speciesReference>
</listOfReactants>
<listOfProducts>
<speciesReference species="s63">
<annotation>
<celldesigner:alias>a66</celldesigner:alias>
</annotation>
</speciesReference>
</listOfProducts>
<listOfModifiers>
<modifierSpeciesReference species="s66">
<annotation>
<celldesigner:alias>a71</celldesigner:alias>
</annotation>
</modifierSpeciesReference>
</listOfModifiers>
</reaction>
<reaction id="r32" reversible="false">
<annotation>
<celldesigner:reactionType>STATE_TRANSITION</celldesigner:reactionType>
<celldesigner:baseReactants>s63</celldesigner:baseReactants>
<celldesigner:baseProducts>s67</celldesigner:baseProducts>
<celldesigner:editPoints>0.33333333333333304,0.0 0.6666666666666661,-1.7763568394002505E-15</celldesigner:editPoints>
<celldesigner:listOfModification>
<celldesigner:modification aliases="a74" editPoints="0.3333333333333357,6.217248937900877E-15 0.6666666666666679,1.4210854715202004E-14" modifiers="s69" targetLineIndex="-1,1" type="CATALYSIS"/>
</celldesigner:listOfModification>
</annotation>
<listOfReactants>
<speciesReference species="s63">
<annotation>
<celldesigner:alias>a66</celldesigner:alias>
</annotation>
</speciesReference>
</listOfReactants>
<listOfProducts>
<speciesReference species="s67">
<annotation>
<celldesigner:alias>a72</celldesigner:alias>
</annotation>
</speciesReference>
</listOfProducts>
<listOfModifiers>
<modifierSpeciesReference species="s69">
<annotation>
<celldesigner:alias>a74</celldesigner:alias>
</annotation>
</modifierSpeciesReference>
</listOfModifiers>
</reaction>
<reaction id="r33" reversible="false">
<annotation>
<celldesigner:reactionType>STATE_TRANSITION</celldesigner:reactionType>
<celldesigner:baseReactants>s67</celldesigner:baseReactants>
<celldesigner:baseProducts>s68</celldesigner:baseProducts>
<celldesigner:editPoints>0.33333333333333304,1.7763568394002505E-15 0.6666666666666652,-1.7763568394002505E-15</celldesigner:editPoints>
</annotation>
<listOfReactants>
<speciesReference species="s67">
<annotation>
<celldesigner:alias>a72</celldesigner:alias>
</annotation>
</speciesReference>
</listOfReactants>
<listOfProducts>
<speciesReference species="s68">
<annotation>
<celldesigner:alias>a73</celldesigner:alias>
</annotation>
</speciesReference>
</listOfProducts>
</reaction>
<reaction id="r34" reversible="false">
<annotation>
<celldesigner:reactionType>STATE_TRANSITION</celldesigner:reactionType>
<celldesigner:baseReactants>s59</celldesigner:baseReactants>
<celldesigner:baseProducts>s68</celldesigner:baseProducts>
<celldesigner:editPoints>0.33333333333333304,0.0 0.666666666666667,-4.440892098500626E-16</celldesigner:editPoints>
<celldesigner:listOfModification>
<celldesigner:modification aliases="a74" editPoints="0.33333333333333215,3.552713678800501E-15 0.666666666666667,1.7763568394002505E-15" modifiers="s69" targetLineIndex="-1,1" type="CATALYSIS"/>
</celldesigner:listOfModification>
</annotation>
<listOfReactants>
<speciesReference species="s59">
<annotation>
<celldesigner:alias>a62</celldesigner:alias>
</annotation>
</speciesReference>
</listOfReactants>
<listOfProducts>
<speciesReference species="s68">
<annotation>
<celldesigner:alias>a73</celldesigner:alias>
</annotation>
</speciesReference>
</listOfProducts>
<listOfModifiers>
<modifierSpeciesReference species="s69">
<annotation>
<celldesigner:alias>a74</celldesigner:alias>
</annotation>
</modifierSpeciesReference>
</listOfModifiers>
</reaction>
<reaction id="r35" reversible="false">
<annotation>
<celldesigner:reactionType>STATE_TRANSITION</celldesigner:reactionType>
<celldesigner:baseReactants>s67</celldesigner:baseReactants>
<celldesigner:baseProducts>s6</celldesigner:baseProducts>
<celldesigner:editPoints>0.33333333333333326,-1.1102230246251565E-16 0.6666666666666666,1.1102230246251565E-16</celldesigner:editPoints>
<celldesigner:listOfModification>
<celldesigner:modification aliases="a76" editPoints="0.3333333333333335,1.7763568394002505E-15 0.6666666666666674,1.7763568394002505E-15" modifiers="s70" targetLineIndex="-1,1" type="CATALYSIS"/>
</celldesigner:listOfModification>
</annotation>
<listOfReactants>
<speciesReference species="s67">
<annotation>
<celldesigner:alias>a72</celldesigner:alias>
</annotation>
</speciesReference>
</listOfReactants>
<listOfProducts>
<speciesReference species="s6">
<annotation>
<celldesigner:alias>a4</celldesigner:alias>
</annotation>
</speciesReference>
</listOfProducts>
<listOfModifiers>
<modifierSpeciesReference species="s70">
<annotation>
<celldesigner:alias>a76</celldesigner:alias>
</annotation>
</modifierSpeciesReference>
</listOfModifiers>
</reaction>
<reaction id="r36" reversible="false">
<annotation>
<celldesigner:reactionType>STATE_TRANSITION</celldesigner:reactionType>
<celldesigner:baseReactants>s6</celldesigner:baseReactants>
<celldesigner:baseProducts>s4</celldesigner:baseProducts>
<celldesigner:offset x="8.0" y="-10.0"/>
<celldesigner:editPoints>0.3333333333333339,0.0 0.666666666666667,-1.1102230246251565E-16</celldesigner:editPoints>
</annotation>
<listOfReactants>
<speciesReference species="s6">
<annotation>
<celldesigner:alias>a4</celldesigner:alias>
</annotation>
</speciesReference>
</listOfReactants>
<listOfProducts>
<speciesReference species="s4">
<annotation>
<celldesigner:alias>a2</celldesigner:alias>
</annotation>
</speciesReference>
</listOfProducts>
</reaction>
<reaction id="r37" reversible="false">
<annotation>
<celldesigner:reactionType>STATE_TRANSITION</celldesigner:reactionType>
<celldesigner:baseReactants>s6</celldesigner:baseReactants>
<celldesigner:baseProducts>s68</celldesigner:baseProducts>
<celldesigner:editPoints>0.33333333333333326,-2.220446049250313E-16 0.6666666666666666,-3.3306690738754696E-16</celldesigner:editPoints>
<celldesigner:listOfModification>
<celldesigner:modification aliases="a75" editPoints="0.3333333333333348,0.0 0.666666666666667,8.881784197001252E-16" modifiers="s69" targetLineIndex="-1,1" type="CATALYSIS"/>
</celldesigner:listOfModification>
</annotation>
<listOfReactants>
<speciesReference species="s6">
<annotation>
<celldesigner:alias>a4</celldesigner:alias>
</annotation>
</speciesReference>
</listOfReactants>
<listOfProducts>
<speciesReference species="s68">
<annotation>
<celldesigner:alias>a73</celldesigner:alias>
</annotation>
</speciesReference>
</listOfProducts>
<listOfModifiers>
<modifierSpeciesReference species="s69">
<annotation>
<celldesigner:alias>a75</celldesigner:alias>
</annotation>
</modifierSpeciesReference>
</listOfModifiers>
</reaction>
</listOfReactions>
</model>
</sbml>
