<?xml version="1.0" encoding="UTF-8"?>
<!-- Terms and Conditions -->
<!-- 
Copyright (C)) 2005 Applied Biosystems.  
This file may be copied and redistributed freely, without advance permission, 
provided that this Copyright statement is reproduced with each copy.  
 
LIMITATION OF WARRANTY 
NOTHING IN THIS AGREEMENT WILL BE CONSTRUED AS A REPRESENTATION MADE OR 
WARRANTY GIVEN BY APPLIED BIOSYSTEMS OR ANY THIRD PARTY THAT THE USE OF 
DATA PROVIDED HEREUNDER WILL NOT INFRINGE ANY PATENT, COPYRIGHT, TRADEMARK 
OR OTHER RIGHTS OF ANY THIRD PARTY. DATA IS PROVIDED "AS IS" WITHOUT 
WARRANTY OF ANY KIND WHATSOEVER, EXPRESS OR IMPLIED, INCLUDING IMPLIED 
WARRANTIES OF MERCHANTABILITY OR FITNESS FOR A PARTICULAR PURPOSE. APPLIED 
BIOSYSTEMS MAKES NO WARRANTY THAT ITS DATA DOES NOT CONTAIN ERRORS.
-->

<!-- Created by SBML API 2.0(a17.0) -->
<sbml level="1" version="2" xmlns="http://www.sbml.org/sbml/level1" xmlns:celldesigner="http://www.sbml.org/2001/ns/celldesigner">
<model name="Plasminogen_space_activating_space_cascade">
<notes>
<html xmlns="http://www.w3.org/1999/xhtml">
<!--Notes by CellDesigner-->
<body>
<![CDATA[
The plasminogen activation cascade is a serine protease cascade in which the inactive zymogen plasminogen is converted into plasmin.  Plasmin's primary function is thought to be the dissolution of blood clots.  Plasmin is also thought to act as a proteolytic activator of other processes including tissue remodeling through its activation of the matrix metalloproteases.
Medline=11382594
OMIM=173350
]]>
</body>
</html>
</notes>
<annotation>
<celldesigner:modelVersion>2.2</celldesigner:modelVersion>
<celldesigner:modelDisplay sizeX="1000" sizeY="1000"/>
<celldesigner:listOfCompartmentAliases>
<celldesigner:compartmentAlias compartment="c2" id="ca2">
<celldesigner:class>SQUARE_CLOSEUP_SOUTHEAST</celldesigner:class>
<celldesigner:point x="720.0" y="160.0"/>
<celldesigner:doubleLine innerWidth="1.0" outerWidth="2.0" thickness="12.0"/>
<celldesigner:paint color="ffcccc00" scheme="Color"/>
</celldesigner:compartmentAlias>
<celldesigner:compartmentAlias compartment="c3" id="ca3">
<celldesigner:class>SQUARE_CLOSEUP_SOUTHWEST</celldesigner:class>
<celldesigner:point x="750.0" y="167.0"/>
<celldesigner:doubleLine innerWidth="1.0" outerWidth="2.0" thickness="12.0"/>
<celldesigner:paint color="ffcccc00" scheme="Color"/>
</celldesigner:compartmentAlias>
<celldesigner:compartmentAlias compartment="c4" id="ca4">
<celldesigner:class>SQUARE_CLOSEUP_NORTHEAST</celldesigner:class>
<celldesigner:point x="670.0" y="880.0"/>
<celldesigner:doubleLine innerWidth="1.0" outerWidth="2.0" thickness="12.0"/>
<celldesigner:paint color="ffcccc00" scheme="Color"/>
</celldesigner:compartmentAlias>
</celldesigner:listOfCompartmentAliases>
<celldesigner:listOfSpeciesAliases>
<celldesigner:speciesAlias id="a3" species="s3">
<celldesigner:activity>inactive</celldesigner:activity>
<celldesigner:bounds h="42.0" w="70.0" x="35.0" y="339.0"/>
<celldesigner:singleLine width="1.0"/>
<celldesigner:paint color="ffccffcc" scheme="Color"/>
</celldesigner:speciesAlias>
<celldesigner:speciesAlias compartmentAlias="ca2" id="a27" species="s15">
<celldesigner:activity>inactive</celldesigner:activity>
<celldesigner:listOfInnerAliases>
<celldesigner:innerAlias heterodimerEntry="inner0">
<celldesigner:activity>inactive</celldesigner:activity>
<celldesigner:bounds h="83.0" w="46.0" x="17.0" y="229.0"/>
<celldesigner:singleLine width="1.0"/>
<celldesigner:paint color="ffffffcc" scheme="Color"/>
</celldesigner:innerAlias>
<celldesigner:innerAlias heterodimerEntry="inner1">
<celldesigner:activity>inactive</celldesigner:activity>
<celldesigner:bounds h="81.0" w="25.0" x="26.512048192770635" y="148.0"/>
<celldesigner:singleLine width="1.0"/>
<celldesigner:paint color="ffccff66" scheme="Color"/>
</celldesigner:innerAlias>
</celldesigner:listOfInnerAliases>
</celldesigner:speciesAlias>
<celldesigner:speciesAlias compartmentAlias="ca2" id="a36" species="s21">
<celldesigner:activity>active</celldesigner:activity>
<celldesigner:listOfInnerAliases>
<celldesigner:innerAlias heterodimerEntry="inner0">
<celldesigner:activity>inactive</celldesigner:activity>
<celldesigner:bounds h="81.0" w="25.0" x="304.7499999999991" y="148.0"/>
<celldesigner:singleLine width="1.0"/>
<celldesigner:paint color="ffccff66" scheme="Color"/>
</celldesigner:innerAlias>
<celldesigner:innerAlias heterodimerEntry="inner1">
<celldesigner:activity>inactive</celldesigner:activity>
<celldesigner:bounds h="83.0" w="46.0" x="293.25" y="229.0"/>
<celldesigner:singleLine width="1.0"/>
<celldesigner:paint color="ffffffcc" scheme="Color"/>
</celldesigner:innerAlias>
<celldesigner:innerAlias heterodimerEntry="inner2">
<celldesigner:activity>inactive</celldesigner:activity>
<celldesigner:bounds h="44.0" w="75.0" x="331.75" y="245.8076368628799"/>
<celldesigner:singleLine width="1.0"/>
<celldesigner:paint color="ffccffcc" scheme="Color"/>
</celldesigner:innerAlias>
</celldesigner:listOfInnerAliases>
</celldesigner:speciesAlias>
<celldesigner:speciesAlias id="a39" species="s24">
<celldesigner:activity>active</celldesigner:activity>
<celldesigner:bounds h="54.0" w="72.0" x="242.0" y="442.0"/>
<celldesigner:singleLine width="1.0"/>
<celldesigner:paint color="ffccffcc" scheme="Color"/>
</celldesigner:speciesAlias>
<celldesigner:speciesAlias id="a40" species="s25">
<celldesigner:activity>inactive</celldesigner:activity>
<celldesigner:bounds h="54.0" w="90.0" x="622.0" y="456.0"/>
<celldesigner:singleLine width="1.0"/>
<celldesigner:paint color="ffccffcc" scheme="Color"/>
</celldesigner:speciesAlias>
<celldesigner:speciesAlias id="a44" species="s27">
<celldesigner:activity>inactive</celldesigner:activity>
<celldesigner:bounds h="42.0" w="23.0" x="375.5" y="171.0"/>
<celldesigner:singleLine width="1.0"/>
<celldesigner:paint color="ffccffcc" scheme="Color"/>
</celldesigner:speciesAlias>
<celldesigner:speciesAlias compartmentAlias="ca2" id="a51" species="s34">
<celldesigner:activity>inactive</celldesigner:activity>
<celldesigner:listOfInnerAliases>
<celldesigner:innerAlias heterodimerEntry="inner0">
<celldesigner:activity>inactive</celldesigner:activity>
<celldesigner:bounds h="83.0" w="46.0" x="492.25" y="221.0"/>
<celldesigner:singleLine width="1.0"/>
<celldesigner:paint color="ffffffcc" scheme="Color"/>
</celldesigner:innerAlias>
<celldesigner:innerAlias heterodimerEntry="inner1">
<celldesigner:activity>inactive</celldesigner:activity>
<celldesigner:bounds h="81.0" w="25.0" x="503.7499999999991" y="140.0"/>
<celldesigner:singleLine width="1.0"/>
<celldesigner:paint color="ffccff66" scheme="Color"/>
</celldesigner:innerAlias>
<celldesigner:innerAlias heterodimerEntry="inner2">
<celldesigner:activity>inactive</celldesigner:activity>
<celldesigner:bounds h="44.0" w="75.0" x="536.75" y="227.0594448096209"/>
<celldesigner:singleLine width="1.0"/>
<celldesigner:paint color="ffccffcc" scheme="Color"/>
</celldesigner:innerAlias>
<celldesigner:innerAlias heterodimerEntry="inner3">
<celldesigner:activity>inactive</celldesigner:activity>
<celldesigner:bounds h="42.0" w="23.0" x="585.5" y="236.26766595289018"/>
<celldesigner:singleLine width="1.0"/>
<celldesigner:paint color="ffccffcc" scheme="Color"/>
</celldesigner:innerAlias>
</celldesigner:listOfInnerAliases>
</celldesigner:speciesAlias>
<celldesigner:speciesAlias id="a52" species="s35">
<celldesigner:activity>inactive</celldesigner:activity>
<celldesigner:bounds h="54.0" w="90.0" x="11.0" y="585.0"/>
<celldesigner:singleLine width="1.0"/>
<celldesigner:paint color="ffccffcc" scheme="Color"/>
</celldesigner:speciesAlias>
<celldesigner:speciesAlias id="a53" species="s36">
<celldesigner:activity>active</celldesigner:activity>
<celldesigner:bounds h="54.0" w="72.0" x="20.0" y="412.0"/>
<celldesigner:singleLine width="1.0"/>
<celldesigner:paint color="ffccffcc" scheme="Color"/>
</celldesigner:speciesAlias>
<celldesigner:speciesAlias id="a54" species="s37">
<celldesigner:activity>inactive</celldesigner:activity>
<celldesigner:bounds h="54.0" w="90.0" x="116.0" y="636.0"/>
<celldesigner:singleLine width="1.0"/>
<celldesigner:paint color="ffccffcc" scheme="Color"/>
</celldesigner:speciesAlias>
<celldesigner:speciesAlias id="a55" species="s38">
<celldesigner:activity>inactive</celldesigner:activity>
<celldesigner:bounds h="54.0" w="90.0" x="405.0" y="779.0"/>
<celldesigner:singleLine width="1.0"/>
<celldesigner:paint color="ffccffcc" scheme="Color"/>
</celldesigner:speciesAlias>
<celldesigner:speciesAlias id="a56" species="s39">
<celldesigner:activity>inactive</celldesigner:activity>
<celldesigner:bounds h="82.0" w="142.0" x="587.0" y="650.0"/>
<celldesigner:singleLine width="0.0"/>
<celldesigner:paint color="7fcccccc" scheme="Color"/>
</celldesigner:speciesAlias>
<celldesigner:speciesAlias id="a57" species="s40">
<celldesigner:activity>active</celldesigner:activity>
<celldesigner:bounds h="35.0" w="52.0" x="684.0" y="572.5"/>
<celldesigner:singleLine width="1.0"/>
<celldesigner:paint color="ffccffcc" scheme="Color"/>
</celldesigner:speciesAlias>
<celldesigner:speciesAlias id="a58" species="s41">
<celldesigner:activity>active</celldesigner:activity>
<celldesigner:bounds h="54.0" w="72.0" x="123.0" y="506.0"/>
<celldesigner:singleLine width="1.0"/>
<celldesigner:paint color="ffccffcc" scheme="Color"/>
</celldesigner:speciesAlias>
<celldesigner:speciesAlias id="a59" species="s42">
<celldesigner:activity>active</celldesigner:activity>
<celldesigner:bounds h="54.0" w="72.0" x="619.0" y="781.0"/>
<celldesigner:singleLine width="1.0"/>
<celldesigner:paint color="ffccffcc" scheme="Color"/>
</celldesigner:speciesAlias>
<celldesigner:speciesAlias id="a60" species="s43">
<celldesigner:activity>inactive</celldesigner:activity>
<celldesigner:bounds h="54.0" w="90.0" x="201.0" y="707.0"/>
<celldesigner:singleLine width="1.0"/>
<celldesigner:paint color="ffccffcc" scheme="Color"/>
</celldesigner:speciesAlias>
<celldesigner:speciesAlias id="a61" species="s44">
<celldesigner:activity>active</celldesigner:activity>
<celldesigner:bounds h="54.0" w="72.0" x="363.0" y="708.0"/>
<celldesigner:singleLine width="1.0"/>
<celldesigner:paint color="ffccffcc" scheme="Color"/>
</celldesigner:speciesAlias>
<celldesigner:speciesAlias compartmentAlias="ca3" id="a63" species="s46">
<celldesigner:activity>inactive</celldesigner:activity>
<celldesigner:bounds h="37.0" w="65.0" x="825.5" y="30.5"/>
<celldesigner:singleLine width="1.0"/>
<celldesigner:paint color="ffccffcc" scheme="Color"/>
</celldesigner:speciesAlias>
<celldesigner:speciesAlias compartmentAlias="ca3" id="a65" species="s47">
<celldesigner:activity>active</celldesigner:activity>
<celldesigner:bounds h="37.0" w="56.0" x="792.0" y="108.5"/>
<celldesigner:singleLine width="1.0"/>
<celldesigner:paint color="ffccffcc" scheme="Color"/>
</celldesigner:speciesAlias>
<celldesigner:speciesAlias id="a66" species="s48">
<celldesigner:activity>active</celldesigner:activity>
<celldesigner:bounds h="37.0" w="56.0" x="792.0" y="291.5"/>
<celldesigner:singleLine width="1.0"/>
<celldesigner:paint color="ffccffcc" scheme="Color"/>
</celldesigner:speciesAlias>
<celldesigner:speciesAlias id="a67" species="s49">
<celldesigner:activity>inactive</celldesigner:activity>
<celldesigner:bounds h="27.0" w="65.0" x="287.5" y="376.5"/>
<celldesigner:singleLine width="1.0"/>
<celldesigner:paint color="ffccffcc" scheme="Color"/>
</celldesigner:speciesAlias>
<celldesigner:speciesAlias id="a76" species="s51">
<celldesigner:activity>inactive</celldesigner:activity>
<celldesigner:listOfInnerAliases>
<celldesigner:innerAlias heterodimerEntry="inner0">
<celldesigner:activity>inactive</celldesigner:activity>
<celldesigner:bounds h="54.0" w="72.0" x="384.0" y="403.125"/>
<celldesigner:singleLine width="1.0"/>
<celldesigner:paint color="ffccffcc" scheme="Color"/>
</celldesigner:innerAlias>
<celldesigner:innerAlias heterodimerEntry="inner1">
<celldesigner:activity>inactive</celldesigner:activity>
<celldesigner:bounds h="27.0" w="65.0" x="387.5" y="375.625"/>
<celldesigner:singleLine width="1.0"/>
<celldesigner:paint color="ffccffcc" scheme="Color"/>
</celldesigner:innerAlias>
</celldesigner:listOfInnerAliases>
</celldesigner:speciesAlias>
<celldesigner:speciesAlias id="a77" species="s52">
<celldesigner:activity>inactive</celldesigner:activity>
<celldesigner:bounds h="37.0" w="56.0" x="801.0" y="438.0"/>
<celldesigner:singleLine width="1.0"/>
<celldesigner:paint color="ffffcccc" scheme="Color"/>
</celldesigner:speciesAlias>
<celldesigner:speciesAlias id="a78" species="s53">
<celldesigner:activity>inactive</celldesigner:activity>
<celldesigner:bounds h="27.0" w="45.0" x="812.5" y="568.5"/>
<celldesigner:singleLine width="1.0"/>
<celldesigner:paint color="ffccffcc" scheme="Color"/>
</celldesigner:speciesAlias>
<celldesigner:speciesAlias compartmentAlias="ca2" id="a21" species="s11">
<celldesigner:activity>inactive</celldesigner:activity>
<celldesigner:listOfInnerAliases>
<celldesigner:innerAlias heterodimerEntry="inner0">
<celldesigner:activity>inactive</celldesigner:activity>
<celldesigner:bounds h="81.0" w="25.0" x="142.55747126436682" y="148.0"/>
<celldesigner:singleLine width="1.0"/>
<celldesigner:paint color="ffccff66" scheme="Color"/>
</celldesigner:innerAlias>
<celldesigner:innerAlias heterodimerEntry="inner1">
<celldesigner:activity>inactive</celldesigner:activity>
<celldesigner:bounds h="83.0" w="46.0" x="133.0" y="229.0"/>
<celldesigner:singleLine width="1.0"/>
<celldesigner:paint color="ffffffcc" scheme="Color"/>
</celldesigner:innerAlias>
<celldesigner:innerAlias heterodimerEntry="inner2">
<celldesigner:activity>inactive</celldesigner:activity>
<celldesigner:bounds h="42.0" w="70.0" x="177.0" y="208.69584217755005"/>
<celldesigner:singleLine width="1.0"/>
<celldesigner:paint color="ffccffcc" scheme="Color"/>
</celldesigner:innerAlias>
</celldesigner:listOfInnerAliases>
</celldesigner:speciesAlias>
<celldesigner:speciesAlias compartmentAlias="ca4" id="a89" species="s58">
<celldesigner:activity>inactive</celldesigner:activity>
<celldesigner:bounds h="54.0" w="90.0" x="334.0" y="919.0"/>
<celldesigner:singleLine width="1.0"/>
<celldesigner:paint color="ffccffcc" scheme="Color"/>
</celldesigner:speciesAlias>
<celldesigner:speciesAlias compartmentAlias="ca4" id="a90" species="s59">
<celldesigner:activity>inactive</celldesigner:activity>
<celldesigner:bounds h="54.0" w="90.0" x="513.0" y="918.0"/>
<celldesigner:singleLine width="1.0"/>
<celldesigner:paint color="ffccffcc" scheme="Color"/>
</celldesigner:speciesAlias>
<celldesigner:speciesAlias compartmentAlias="ca4" id="a91" species="s60">
<celldesigner:activity>inactive</celldesigner:activity>
<celldesigner:bounds h="54.0" w="90.0" x="35.0" y="923.0"/>
<celldesigner:singleLine width="1.0"/>
<celldesigner:paint color="ffccffcc" scheme="Color"/>
</celldesigner:speciesAlias>
<celldesigner:speciesAlias id="a93" species="s61">
<celldesigner:activity>inactive</celldesigner:activity>
<celldesigner:bounds h="47.0" w="25.0" x="544.5" y="360.5"/>
<celldesigner:singleLine width="1.0"/>
<celldesigner:paint color="ffccffcc" scheme="Color"/>
</celldesigner:speciesAlias>
<celldesigner:speciesAlias compartmentAlias="ca2" id="a107" species="s72">
<celldesigner:activity>inactive</celldesigner:activity>
<celldesigner:listOfInnerAliases>
<celldesigner:innerAlias heterodimerEntry="inner0">
<celldesigner:activity>inactive</celldesigner:activity>
<celldesigner:bounds h="81.0" w="25.0" x="650.2665847834273" y="141.0"/>
<celldesigner:singleLine width="1.0"/>
<celldesigner:paint color="ffccff66" scheme="Color"/>
</celldesigner:innerAlias>
<celldesigner:innerAlias heterodimerEntry="inner1">
<celldesigner:activity>inactive</celldesigner:activity>
<celldesigner:bounds h="83.0" w="46.0" x="638.9495116126964" y="207.0"/>
<celldesigner:singleLine width="1.0"/>
<celldesigner:paint color="ffffffcc" scheme="Color"/>
</celldesigner:innerAlias>
<celldesigner:innerAlias heterodimerEntry="inner2">
<celldesigner:activity>inactive</celldesigner:activity>
<celldesigner:bounds h="44.0" w="75.0" x="668.0504883873035" y="240.5"/>
<celldesigner:singleLine width="1.0"/>
<celldesigner:paint color="ffccffcc" scheme="Color"/>
</celldesigner:innerAlias>
<celldesigner:innerAlias heterodimerEntry="inner3">
<celldesigner:activity>inactive</celldesigner:activity>
<celldesigner:bounds h="47.0" w="25.0" x="715.9470989232505" y="256.0"/>
<celldesigner:singleLine width="1.0"/>
<celldesigner:paint color="ffccffcc" scheme="Color"/>
</celldesigner:innerAlias>
</celldesigner:listOfInnerAliases>
</celldesigner:speciesAlias>
<celldesigner:speciesAlias compartmentAlias="ca4" id="a88" species="s57">
<celldesigner:activity>inactive</celldesigner:activity>
<celldesigner:bounds h="54.0" w="90.0" x="176.0" y="918.0"/>
<celldesigner:singleLine width="1.0"/>
<celldesigner:paint color="ffccffcc" scheme="Color"/>
</celldesigner:speciesAlias>
<celldesigner:speciesAlias id="a109" species="s27">
<celldesigner:activity>inactive</celldesigner:activity>
<celldesigner:bounds h="42.0" w="23.0" x="922.5" y="294.0"/>
<celldesigner:singleLine width="1.0"/>
<celldesigner:paint color="ffccffcc" scheme="Color"/>
</celldesigner:speciesAlias>
<celldesigner:speciesAlias id="a111" species="s73">
<celldesigner:activity>inactive</celldesigner:activity>
<celldesigner:listOfInnerAliases>
<celldesigner:innerAlias heterodimerEntry="inner0">
<celldesigner:activity>inactive</celldesigner:activity>
<celldesigner:bounds h="42.0" w="23.0" x="928.5" y="205.0"/>
<celldesigner:singleLine width="1.0"/>
<celldesigner:paint color="ffccffcc" scheme="Color"/>
</celldesigner:innerAlias>
<celldesigner:innerAlias heterodimerEntry="inner1">
<celldesigner:activity>inactive</celldesigner:activity>
<celldesigner:bounds h="37.0" w="56.0" x="895.1999999999994" y="179.5"/>
<celldesigner:singleLine width="1.0"/>
<celldesigner:paint color="ffccffcc" scheme="Color"/>
</celldesigner:innerAlias>
</celldesigner:listOfInnerAliases>
</celldesigner:speciesAlias>
<celldesigner:speciesAlias id="a112" species="s199">
<celldesigner:activity>inactive</celldesigner:activity>
<celldesigner:bounds h="20.0" w="30.0" x="566.5" y="828.0"/>
<celldesigner:singleLine width="1.0"/>
<celldesigner:paint color="ffffcccc" scheme="Color"/>
</celldesigner:speciesAlias>
<celldesigner:speciesAlias id="a113" species="s199">
<celldesigner:activity>inactive</celldesigner:activity>
<celldesigner:bounds h="20.0" w="30.0" x="330.5" y="759.0"/>
<celldesigner:singleLine width="1.0"/>
<celldesigner:paint color="ffffcccc" scheme="Color"/>
</celldesigner:speciesAlias>
<celldesigner:speciesAlias id="a114" species="s199">
<celldesigner:activity>inactive</celldesigner:activity>
<celldesigner:bounds h="20.0" w="30.0" x="12.5" y="487.0"/>
<celldesigner:singleLine width="1.0"/>
<celldesigner:paint color="ffffcccc" scheme="Color"/>
</celldesigner:speciesAlias>
<celldesigner:speciesAlias id="a115" species="s199">
<celldesigner:activity>inactive</celldesigner:activity>
<celldesigner:bounds h="20.0" w="30.0" x="103.5" y="573.0"/>
<celldesigner:singleLine width="1.0"/>
<celldesigner:paint color="ffffcccc" scheme="Color"/>
</celldesigner:speciesAlias>
<celldesigner:speciesAlias id="a116" species="s199">
<celldesigner:activity>inactive</celldesigner:activity>
<celldesigner:bounds h="20.0" w="30.0" x="399.5" y="497.0"/>
<celldesigner:singleLine width="1.0"/>
<celldesigner:paint color="ffffcccc" scheme="Color"/>
</celldesigner:speciesAlias>
<celldesigner:speciesAlias id="a117" species="s199">
<celldesigner:activity>inactive</celldesigner:activity>
<celldesigner:bounds h="20.0" w="30.0" x="266.5" y="313.0"/>
<celldesigner:singleLine width="1.0"/>
<celldesigner:paint color="ffffcccc" scheme="Color"/>
</celldesigner:speciesAlias>
<celldesigner:speciesAlias compartmentAlias="ca3" id="a118" species="s74">
<celldesigner:activity>inactive</celldesigner:activity>
<celldesigner:bounds h="20.0" w="30.0" x="878.5" y="97.0"/>
<celldesigner:singleLine width="1.0"/>
<celldesigner:paint color="ffffcccc" scheme="Color"/>
</celldesigner:speciesAlias>
</celldesigner:listOfSpeciesAliases>
<celldesigner:listOfGroups/>
<celldesigner:listOfProteins>
<celldesigner:protein id="p21" name="Plasmin" type="GENERIC"/>
<celldesigner:protein id="p22" name="Plasminogen" type="GENERIC"/>
<celldesigner:protein id="p26" name="_alpha_2_space_antiplasmin" type="GENERIC"/>
<celldesigner:protein id="p27" name="Fibrin" type="GENERIC"/>
<celldesigner:protein id="p28" name="Fibrin_space_C-terminal_space_truncation" type="TRUNCATED"/>
<celldesigner:protein id="p29" name="TAFI" type="GENERIC"/>
<celldesigner:protein id="p1" name="uPAR" type="RECEPTOR"/>
<celldesigner:protein id="p2" name="pro_minus_uPA" type="GENERIC"/>
<celldesigner:protein id="p30" name="PAI_minus_2" type="GENERIC"/>
<celldesigner:protein id="p19" name="pro_minus_tPA" type="GENERIC"/>
<celldesigner:protein id="p8" name="PAI_minus_1" type="GENERIC"/>
<celldesigner:protein id="p9" name="pro_minus_MMP_minus_13" type="GENERIC"/>
<celldesigner:protein id="p11" name="pro_minus_MMP_minus_3" type="GENERIC"/>
<celldesigner:protein id="p12" name="pro_minus_MMP_minus_1" type="GENERIC"/>
<celldesigner:protein id="p16" name="pro_minus_MMP_minus_9" type="GENERIC"/>
<celldesigner:protein id="p95" name="?" type="TRUNCATED"/>
<celldesigner:protein id="p15" name="MMP_minus_1" type="GENERIC"/>
<celldesigner:protein id="p17" name="MMP_minus_9" type="GENERIC"/>
<celldesigner:protein id="p10" name="MMP_minus_13" type="GENERIC"/>
<celldesigner:protein id="p14" name="MMP_minus_3" type="GENERIC"/>
<celldesigner:protein id="p3" name="uPA" type="GENERIC"/>
<celldesigner:protein id="p20" name="tPA" type="GENERIC"/>
</celldesigner:listOfProteins>
<celldesigner:listOfBlockDiagrams/>
</annotation>
<listOfCompartments>
<compartment name="default" volume="1.0"/>
<compartment name="c3" outside="default" volume="1.0">
<annotation>
<celldesigner:name>endothelial cell</celldesigner:name>
</annotation>
</compartment>
<compartment name="c2" outside="default" volume="1.0">
<annotation>
<celldesigner:name>epithelial cell </celldesigner:name>
</annotation>
</compartment>
<compartment name="c4" outside="default" volume="1.0">
<annotation>
<celldesigner:name>fibroblast</celldesigner:name>
</annotation>
</compartment>
</listOfCompartments>
<listOfSpecies>
<species compartment="default" initialAmount="0.0" name="s39">
<notes>
<html xmlns="http://www.w3.org/1999/xhtml">
<!--Notes by CellDesigner-->
<body>
Long Name:  Thrombus (fibrin clot)
Synonym:  Synonym not specified
Accession:  U02590
</body>
</html>
</notes>
<annotation>
<celldesigner:positionToCompartment>inside</celldesigner:positionToCompartment>
<celldesigner:speciesIdentity>
<celldesigner:class>UNKNOWN</celldesigner:class>
<celldesigner:name>Thrombus (fibrin clot)</celldesigner:name>
</celldesigner:speciesIdentity>
</annotation>
</species>
<species compartment="default" initialAmount="0.0" name="s24">
<notes>
<html xmlns="http://www.w3.org/1999/xhtml">
<!--Notes by CellDesigner-->
<body>
Long Name:  Plasmin
Synonym:  Synonym not specified
Accession:  P01246
</body>
</html>
</notes>
<annotation>
<celldesigner:positionToCompartment>inside</celldesigner:positionToCompartment>
<celldesigner:speciesIdentity>
<celldesigner:class>PROTEIN</celldesigner:class>
<celldesigner:proteinReference>p21</celldesigner:proteinReference>
</celldesigner:speciesIdentity>
<celldesigner:listOfCatalyzedReactions>
<celldesigner:catalyzed reaction="r12"/>
<celldesigner:catalyzed reaction="r27"/>
<celldesigner:catalyzed reaction="r28"/>
<celldesigner:catalyzed reaction="r30"/>
<celldesigner:catalyzed reaction="r31"/>
<celldesigner:catalyzed reaction="r33"/>
</celldesigner:listOfCatalyzedReactions>
</annotation>
</species>
<species compartment="default" initialAmount="0.0" name="s25">
<notes>
<html xmlns="http://www.w3.org/1999/xhtml">
<!--Notes by CellDesigner-->
<body>
Long Name:  Plasminogen
Synonym:  Synonym not specified
Accession:  P01255
</body>
</html>
</notes>
<annotation>
<celldesigner:positionToCompartment>inside</celldesigner:positionToCompartment>
<celldesigner:speciesIdentity>
<celldesigner:class>PROTEIN</celldesigner:class>
<celldesigner:proteinReference>p22</celldesigner:proteinReference>
</celldesigner:speciesIdentity>
</annotation>
</species>
<species compartment="default" initialAmount="0.0" name="s49">
<notes>
<html xmlns="http://www.w3.org/1999/xhtml">
<!--Notes by CellDesigner-->
<body>
Long Name:  alpha2 antiplasmin
Synonym:  alpha_2 antiplasmin,alpha_2-PI,plasmin inhibitor alpha_2,serine protease inhibitor F2
Accession:  P01264
</body>
</html>
</notes>
<annotation>
<celldesigner:positionToCompartment>inside</celldesigner:positionToCompartment>
<celldesigner:speciesIdentity>
<celldesigner:class>PROTEIN</celldesigner:class>
<celldesigner:proteinReference>p26</celldesigner:proteinReference>
</celldesigner:speciesIdentity>
</annotation>
</species>
<species compartment="default" initialAmount="0.0" name="s51">
<notes>
<html xmlns="http://www.w3.org/1999/xhtml">
<!--Notes by CellDesigner-->
<body>
Long Name:  Long Name:  Plasmin
Synonym:  Synonym not specified
Accession:  U05504
Heterodimer Member Info:  Plasmin#PROTEIN#Plasmin#P01246##;alpha2 antiplasmin#PROTEIN#alpha2 antiplasmin#P01264#alpha_2 antiplasmin|alpha_2-PI|plasmin inhibitor alpha_2|serine protease inhibitor F2#
</body>
</html>
</notes>
<annotation>
<celldesigner:positionToCompartment>inside</celldesigner:positionToCompartment>
<celldesigner:heterodimerIdentity>
<celldesigner:listOfHeterodimerEntries>
<celldesigner:heterodimerEntry innerId="inner0" originalSpecies="unknown">
<celldesigner:class>PROTEIN</celldesigner:class>
<celldesigner:proteinReference>p21</celldesigner:proteinReference>
</celldesigner:heterodimerEntry>
<celldesigner:heterodimerEntry innerId="inner1" originalSpecies="unknown">
<celldesigner:class>PROTEIN</celldesigner:class>
<celldesigner:proteinReference>p26</celldesigner:proteinReference>
</celldesigner:heterodimerEntry>
</celldesigner:listOfHeterodimerEntries>
</celldesigner:heterodimerIdentity>
</annotation>
</species>
<species compartment="default" initialAmount="0.0" name="s40">
<notes>
<html xmlns="http://www.w3.org/1999/xhtml">
<!--Notes by CellDesigner-->
<body>
Long Name:  Fibrin
Synonym:  Fibrin degradation products
Accession:  P01253
</body>
</html>
</notes>
<annotation>
<celldesigner:positionToCompartment>inside</celldesigner:positionToCompartment>
<celldesigner:speciesIdentity>
<celldesigner:class>PROTEIN</celldesigner:class>
<celldesigner:proteinReference>p27</celldesigner:proteinReference>
</celldesigner:speciesIdentity>
</annotation>
</species>
<species compartment="default" initialAmount="0.0" name="s52">
<notes>
<html xmlns="http://www.w3.org/1999/xhtml">
<!--Notes by CellDesigner-->
<body>
Long Name:  Fibrin degradation products
Synonym:  Fibrin C-terminal truncation
Accession:  P01258
</body>
</html>
</notes>
<annotation>
<celldesigner:positionToCompartment>inside</celldesigner:positionToCompartment>
<celldesigner:speciesIdentity>
<celldesigner:class>PROTEIN</celldesigner:class>
<celldesigner:proteinReference>p28</celldesigner:proteinReference>
</celldesigner:speciesIdentity>
</annotation>
</species>
<species compartment="default" initialAmount="0.0" name="s53">
<notes>
<html xmlns="http://www.w3.org/1999/xhtml">
<!--Notes by CellDesigner-->
<body>
Long Name:  thrombin activatable fibrinolysis inhibitor
Synonym:  Thrombin activatable fibrinolysis inhibitor,carboxypeptidase R,carboxypeptidase U,procarboxypeptidase B2
Accession:  P01247
</body>
</html>
</notes>
<annotation>
<celldesigner:positionToCompartment>inside</celldesigner:positionToCompartment>
<celldesigner:speciesIdentity>
<celldesigner:class>PROTEIN</celldesigner:class>
<celldesigner:proteinReference>p29</celldesigner:proteinReference>
</celldesigner:speciesIdentity>
<celldesigner:listOfCatalyzedReactions>
<celldesigner:catalyzed reaction="r16"/>
</celldesigner:listOfCatalyzedReactions>
</annotation>
</species>
<species compartment="c2" initialAmount="0.0" name="s15">
<notes>
<html xmlns="http://www.w3.org/1999/xhtml">
<!--Notes by CellDesigner-->
<body>
Long Name:  Long Name:  GPI linker
Synonym:  Synonym not specified
Accession:  U05502
Heterodimer Member Info:  uPAR#PROTEIN#urokinase type plasminogen activator receptor#P01256#CD87|PLAU-R|PLAUR|UPA-R|soluble urokinase plasminogen activator|suPAR|urinary plasminogen activator receptor|urokinase plasminogen activator receptor|urokinase receptor#;GPI linker#SIMPLE_MOLECULE#GPI linker#S01824##
</body>
</html>
</notes>
<annotation>
<celldesigner:positionToCompartment>transmembrane</celldesigner:positionToCompartment>
<celldesigner:heterodimerIdentity>
<celldesigner:listOfHeterodimerEntries>
<celldesigner:heterodimerEntry innerId="inner0" originalSpecies="unknown">
<celldesigner:class>PROTEIN</celldesigner:class>
<celldesigner:proteinReference>p1</celldesigner:proteinReference>
</celldesigner:heterodimerEntry>
<celldesigner:heterodimerEntry innerId="inner1" originalSpecies="unknown">
<celldesigner:class>SIMPLE_MOLECULE</celldesigner:class>
<celldesigner:name>GPI linker</celldesigner:name>
</celldesigner:heterodimerEntry>
</celldesigner:listOfHeterodimerEntries>
</celldesigner:heterodimerIdentity>
</annotation>
</species>
<species compartment="default" initialAmount="0.0" name="s3">
<notes>
<html xmlns="http://www.w3.org/1999/xhtml">
<!--Notes by CellDesigner-->
<body>
Long Name:  pro-urokinase type plasminogen activator
Synonym:  pro plasminogen activator, urinary,pro-PLAU,pro-urokinase,pro-urokinase plasminogen activator
Accession:  P01262
</body>
</html>
</notes>
<annotation>
<celldesigner:positionToCompartment>inside</celldesigner:positionToCompartment>
<celldesigner:speciesIdentity>
<celldesigner:class>PROTEIN</celldesigner:class>
<celldesigner:proteinReference>p2</celldesigner:proteinReference>
</celldesigner:speciesIdentity>
</annotation>
</species>
<species compartment="c2" initialAmount="0.0" name="s11">
<notes>
<html xmlns="http://www.w3.org/1999/xhtml">
<!--Notes by CellDesigner-->
<body>
Long Name:  Long Name:  GPI linker
Synonym:  Synonym not specified
Accession:  U05508
Heterodimer Member Info:  uPAR#PROTEIN#urokinase type plasminogen activator receptor#P01256#CD87|PLAU-R|PLAUR|UPA-R|soluble urokinase plasminogen activator|suPAR|urinary plasminogen activator receptor|urokinase plasminogen activator receptor|urokinase receptor#;GPI linker#SIMPLE_MOLECULE#GPI linker#S01824##;pro-uPA#PROTEIN#pro-urokinase type plasminogen activator#P01262#pro plasminogen activator, urinary|pro-PLAU|pro-urokinase|pro-urokinase plasminogen activator#
</body>
</html>
</notes>
<annotation>
<celldesigner:positionToCompartment>transmembrane</celldesigner:positionToCompartment>
<celldesigner:heterodimerIdentity>
<celldesigner:listOfHeterodimerEntries>
<celldesigner:heterodimerEntry innerId="inner0" originalSpecies="unknown">
<celldesigner:class>SIMPLE_MOLECULE</celldesigner:class>
<celldesigner:name>GPI linker</celldesigner:name>
</celldesigner:heterodimerEntry>
<celldesigner:heterodimerEntry innerId="inner1" originalSpecies="unknown">
<celldesigner:class>PROTEIN</celldesigner:class>
<celldesigner:proteinReference>p1</celldesigner:proteinReference>
</celldesigner:heterodimerEntry>
<celldesigner:heterodimerEntry innerId="inner2" originalSpecies="unknown">
<celldesigner:class>PROTEIN</celldesigner:class>
<celldesigner:proteinReference>p2</celldesigner:proteinReference>
</celldesigner:heterodimerEntry>
</celldesigner:listOfHeterodimerEntries>
</celldesigner:heterodimerIdentity>
</annotation>
</species>
<species compartment="default" initialAmount="0.0" name="s61">
<notes>
<html xmlns="http://www.w3.org/1999/xhtml">
<!--Notes by CellDesigner-->
<body>
Long Name:  PAI-2
Synonym:  Monocyte Arginine serpin,Monocyte derived Plasminogen activator inhibitor,PLANH2,Plasminogen activator inhibitor 2,Serpin B2,Urokinase inhibitor
Accession:  P01244
</body>
</html>
</notes>
<annotation>
<celldesigner:positionToCompartment>inside</celldesigner:positionToCompartment>
<celldesigner:speciesIdentity>
<celldesigner:class>PROTEIN</celldesigner:class>
<celldesigner:proteinReference>p30</celldesigner:proteinReference>
</celldesigner:speciesIdentity>
</annotation>
</species>
<species compartment="c3" initialAmount="0.0" name="s46">
<notes>
<html xmlns="http://www.w3.org/1999/xhtml">
<!--Notes by CellDesigner-->
<body>
Long Name:  pro-tissue type plasminogen activator
Synonym:  pro-Tissue type plasminogen activator,pro-alteplase,pro-plasminogen activator, tissue,pro-tissue plasminogen activator
Accession:  P01249
</body>
</html>
</notes>
<annotation>
<celldesigner:positionToCompartment>inside</celldesigner:positionToCompartment>
<celldesigner:speciesIdentity>
<celldesigner:class>PROTEIN</celldesigner:class>
<celldesigner:proteinReference>p19</celldesigner:proteinReference>
</celldesigner:speciesIdentity>
</annotation>
</species>
<species compartment="default" initialAmount="0.0" name="s27">
<notes>
<html xmlns="http://www.w3.org/1999/xhtml">
<!--Notes by CellDesigner-->
<body>
Long Name:  PAI-1
Synonym:  Endothelial plasminogen activator inhibitor,Plasminogen activator inhibitor 1,Serpin E1
Accession:  P01245
</body>
</html>
</notes>
<annotation>
<celldesigner:positionToCompartment>inside</celldesigner:positionToCompartment>
<celldesigner:speciesIdentity>
<celldesigner:class>PROTEIN</celldesigner:class>
<celldesigner:proteinReference>p8</celldesigner:proteinReference>
</celldesigner:speciesIdentity>
</annotation>
</species>
<species compartment="default" initialAmount="0.0" name="s35">
<notes>
<html xmlns="http://www.w3.org/1999/xhtml">
<!--Notes by CellDesigner-->
<body>
Long Name:  pro-matrix metalloprotease 13
Synonym:  pro-Collagenase 3,pro-Matrix metalloproteinase 13 
Accession:  P01254
</body>
</html>
</notes>
<annotation>
<celldesigner:positionToCompartment>inside</celldesigner:positionToCompartment>
<celldesigner:speciesIdentity>
<celldesigner:class>PROTEIN</celldesigner:class>
<celldesigner:proteinReference>p9</celldesigner:proteinReference>
</celldesigner:speciesIdentity>
</annotation>
</species>
<species compartment="c4" initialAmount="0.0" name="s60">
<notes>
<html xmlns="http://www.w3.org/1999/xhtml">
<!--Notes by CellDesigner-->
<body>
Long Name:  pro-matrix metalloprotease 13
Synonym:  pro-Collagenase 3,pro-Matrix metalloproteinase 13 
Accession:  P01254
</body>
</html>
</notes>
<annotation>
<celldesigner:positionToCompartment>inside</celldesigner:positionToCompartment>
<celldesigner:speciesIdentity>
<celldesigner:class>PROTEIN</celldesigner:class>
<celldesigner:proteinReference>p9</celldesigner:proteinReference>
</celldesigner:speciesIdentity>
</annotation>
</species>
<species compartment="default" initialAmount="0.0" name="s37">
<notes>
<html xmlns="http://www.w3.org/1999/xhtml">
<!--Notes by CellDesigner-->
<body>
Long Name:  pro-Matrix metalloprotease 3
Synonym:  pro-Matrix metalloproteinase 3,pro-stromelysin,pro-stromelysin 1,pro-transin
Accession:  P01260
</body>
</html>
</notes>
<annotation>
<celldesigner:positionToCompartment>inside</celldesigner:positionToCompartment>
<celldesigner:speciesIdentity>
<celldesigner:class>PROTEIN</celldesigner:class>
<celldesigner:proteinReference>p11</celldesigner:proteinReference>
</celldesigner:speciesIdentity>
</annotation>
</species>
<species compartment="c4" initialAmount="0.0" name="s57">
<notes>
<html xmlns="http://www.w3.org/1999/xhtml">
<!--Notes by CellDesigner-->
<body>
Long Name:  pro-Matrix metalloprotease 3
Synonym:  pro-Matrix metalloproteinase 3,pro-stromelysin,pro-stromelysin 1,pro-transin
Accession:  P01260
</body>
</html>
</notes>
<annotation>
<celldesigner:positionToCompartment>inside</celldesigner:positionToCompartment>
<celldesigner:speciesIdentity>
<celldesigner:class>PROTEIN</celldesigner:class>
<celldesigner:proteinReference>p11</celldesigner:proteinReference>
</celldesigner:speciesIdentity>
</annotation>
</species>
<species compartment="default" initialAmount="0.0" name="s38">
<notes>
<html xmlns="http://www.w3.org/1999/xhtml">
<!--Notes by CellDesigner-->
<body>
Long Name:  pro-Matrix metalloprotease 1
Synonym:  pro-Collagenase,pro-Fibroblast Collagenase,pro-Interstitial Collagenase,pro-Matrix metalloproteinase 1
Accession:  P01263
</body>
</html>
</notes>
<annotation>
<celldesigner:positionToCompartment>inside</celldesigner:positionToCompartment>
<celldesigner:speciesIdentity>
<celldesigner:class>PROTEIN</celldesigner:class>
<celldesigner:proteinReference>p12</celldesigner:proteinReference>
</celldesigner:speciesIdentity>
</annotation>
</species>
<species compartment="c4" initialAmount="0.0" name="s59">
<notes>
<html xmlns="http://www.w3.org/1999/xhtml">
<!--Notes by CellDesigner-->
<body>
Long Name:  pro-Matrix metalloprotease 1
Synonym:  pro-Collagenase,pro-Fibroblast Collagenase,pro-Interstitial Collagenase,pro-Matrix metalloproteinase 1
Accession:  P01263
</body>
</html>
</notes>
<annotation>
<celldesigner:positionToCompartment>inside</celldesigner:positionToCompartment>
<celldesigner:speciesIdentity>
<celldesigner:class>PROTEIN</celldesigner:class>
<celldesigner:proteinReference>p12</celldesigner:proteinReference>
</celldesigner:speciesIdentity>
</annotation>
</species>
<species compartment="default" initialAmount="0.0" name="s43">
<notes>
<html xmlns="http://www.w3.org/1999/xhtml">
<!--Notes by CellDesigner-->
<body>
Long Name:  pro-matrix metalloprotease 9
Synonym:  pro-Gelatinase B,pro-Matrix metalloproteinase 9
Accession:  P01259
</body>
</html>
</notes>
<annotation>
<celldesigner:positionToCompartment>inside</celldesigner:positionToCompartment>
<celldesigner:speciesIdentity>
<celldesigner:class>PROTEIN</celldesigner:class>
<celldesigner:proteinReference>p16</celldesigner:proteinReference>
</celldesigner:speciesIdentity>
</annotation>
</species>
<species compartment="c4" initialAmount="0.0" name="s58">
<notes>
<html xmlns="http://www.w3.org/1999/xhtml">
<!--Notes by CellDesigner-->
<body>
Long Name:  pro-matrix metalloprotease 9
Synonym:  pro-Gelatinase B,pro-Matrix metalloproteinase 9
Accession:  P01259
</body>
</html>
</notes>
<annotation>
<celldesigner:positionToCompartment>inside</celldesigner:positionToCompartment>
<celldesigner:speciesIdentity>
<celldesigner:class>PROTEIN</celldesigner:class>
<celldesigner:proteinReference>p16</celldesigner:proteinReference>
</celldesigner:speciesIdentity>
</annotation>
</species>
<species compartment="default" initialAmount="0.0" name="s199">
<notes>
<html xmlns="http://www.w3.org/1999/xhtml">
<!--Notes by CellDesigner-->
<body>
Long Name:  ?
Synonym:  Synonym not specified
Accession:  P01261
</body>
</html>
</notes>
<annotation>
<celldesigner:positionToCompartment>inside</celldesigner:positionToCompartment>
<celldesigner:speciesIdentity>
<celldesigner:class>PROTEIN</celldesigner:class>
<celldesigner:proteinReference>p95</celldesigner:proteinReference>
</celldesigner:speciesIdentity>
</annotation>
</species>
<species compartment="default" initialAmount="0.0" name="s42">
<notes>
<html xmlns="http://www.w3.org/1999/xhtml">
<!--Notes by CellDesigner-->
<body>
Long Name:  Matrix metalloprotease 1
Synonym:  Collagenase,Fibroblast Collagenase,Interstitial Collagenase,MMP-1,Matrix metalloproteinase 1
Accession:  P01252
</body>
</html>
</notes>
<annotation>
<celldesigner:positionToCompartment>inside</celldesigner:positionToCompartment>
<celldesigner:speciesIdentity>
<celldesigner:class>PROTEIN</celldesigner:class>
<celldesigner:proteinReference>p15</celldesigner:proteinReference>
</celldesigner:speciesIdentity>
</annotation>
</species>
<species compartment="default" initialAmount="0.0" name="s44">
<notes>
<html xmlns="http://www.w3.org/1999/xhtml">
<!--Notes by CellDesigner-->
<body>
Long Name:  Matrix metalloprotease 9
Synonym:  Collagenase type IV,Collagenase type IV-B,Collagenase type V,Gelatinase B,Gelatinase, 92kD,MMP-9,Matrix metalloproteinase 9
Accession:  P01248
</body>
</html>
</notes>
<annotation>
<celldesigner:positionToCompartment>inside</celldesigner:positionToCompartment>
<celldesigner:speciesIdentity>
<celldesigner:class>PROTEIN</celldesigner:class>
<celldesigner:proteinReference>p17</celldesigner:proteinReference>
</celldesigner:speciesIdentity>
</annotation>
</species>
<species compartment="default" initialAmount="0.0" name="s36">
<notes>
<html xmlns="http://www.w3.org/1999/xhtml">
<!--Notes by CellDesigner-->
<body>
Long Name:  Matrix metalloprotease 13
Synonym:  Collagenase 3,Matrix metalloproteinase 13
Accession:  P01250
</body>
</html>
</notes>
<annotation>
<celldesigner:positionToCompartment>inside</celldesigner:positionToCompartment>
<celldesigner:speciesIdentity>
<celldesigner:class>PROTEIN</celldesigner:class>
<celldesigner:proteinReference>p10</celldesigner:proteinReference>
</celldesigner:speciesIdentity>
</annotation>
</species>
<species compartment="default" initialAmount="0.0" name="s41">
<notes>
<html xmlns="http://www.w3.org/1999/xhtml">
<!--Notes by CellDesigner-->
<body>
Long Name:  Matrix metalloprotease 3
Synonym:  Fibroblast stromelysin,Matrix metalloprotease 3,Matrix metalloproteinase 3,Stromelysin,Transin
Accession:  P01251
</body>
</html>
</notes>
<annotation>
<celldesigner:positionToCompartment>inside</celldesigner:positionToCompartment>
<celldesigner:speciesIdentity>
<celldesigner:class>PROTEIN</celldesigner:class>
<celldesigner:proteinReference>p14</celldesigner:proteinReference>
</celldesigner:speciesIdentity>
</annotation>
</species>
<species compartment="c2" initialAmount="0.0" name="s21">
<notes>
<html xmlns="http://www.w3.org/1999/xhtml">
<!--Notes by CellDesigner-->
<body>
Long Name:  Long Name:  GPI linker
Synonym:  Synonym not specified
Accession:  U05507
Heterodimer Member Info:  uPA#PROTEIN#urokinase type plasminogen activator#P01243#PLAU|plasminogen activator, urinary|urokinase#;uPAR#PROTEIN#urokinase type plasminogen activator receptor#P01256#CD87|PLAU-R|PLAUR|UPA-R|soluble urokinase plasminogen activator|suPAR|urinary plasminogen activator receptor|urokinase plasminogen activator receptor|urokinase receptor#;GPI linker#SIMPLE_MOLECULE#GPI linker#S01824##
</body>
</html>
</notes>
<annotation>
<celldesigner:positionToCompartment>transmembrane</celldesigner:positionToCompartment>
<celldesigner:heterodimerIdentity>
<celldesigner:listOfHeterodimerEntries>
<celldesigner:heterodimerEntry innerId="inner0" originalSpecies="unknown">
<celldesigner:class>SIMPLE_MOLECULE</celldesigner:class>
<celldesigner:name>GPI linker</celldesigner:name>
</celldesigner:heterodimerEntry>
<celldesigner:heterodimerEntry innerId="inner1" originalSpecies="unknown">
<celldesigner:class>PROTEIN</celldesigner:class>
<celldesigner:proteinReference>p1</celldesigner:proteinReference>
</celldesigner:heterodimerEntry>
<celldesigner:heterodimerEntry innerId="inner2" originalSpecies="unknown">
<celldesigner:class>PROTEIN</celldesigner:class>
<celldesigner:proteinReference>p3</celldesigner:proteinReference>
</celldesigner:heterodimerEntry>
</celldesigner:listOfHeterodimerEntries>
</celldesigner:heterodimerIdentity>
<celldesigner:listOfCatalyzedReactions>
<celldesigner:catalyzed reaction="r32"/>
</celldesigner:listOfCatalyzedReactions>
</annotation>
</species>
<species compartment="c2" initialAmount="0.0" name="s34">
<notes>
<html xmlns="http://www.w3.org/1999/xhtml">
<!--Notes by CellDesigner-->
<body>
Long Name:  Long Name:  GPI linker
Synonym:  Synonym not specified
Accession:  U05506
Heterodimer Member Info:  uPA#PROTEIN#urokinase type plasminogen activator#P01243#PLAU|plasminogen activator, urinary|urokinase#;PAI-1#PROTEIN#PAI-1#P01245#Endothelial plasminogen activator inhibitor|Plasminogen activator inhibitor 1|Serpin E1#;uPAR#PROTEIN#urokinase type plasminogen activator receptor#P01256#CD87|PLAU-R|PLAUR|UPA-R|soluble urokinase plasminogen activator|suPAR|urinary plasminogen activator receptor|urokinase plasminogen activator receptor|urokinase receptor#;GPI linker#SIMPLE_MOLECULE#GPI linker#S01824##
</body>
</html>
</notes>
<annotation>
<celldesigner:positionToCompartment>transmembrane</celldesigner:positionToCompartment>
<celldesigner:heterodimerIdentity>
<celldesigner:listOfHeterodimerEntries>
<celldesigner:heterodimerEntry innerId="inner0" originalSpecies="unknown">
<celldesigner:class>PROTEIN</celldesigner:class>
<celldesigner:proteinReference>p1</celldesigner:proteinReference>
</celldesigner:heterodimerEntry>
<celldesigner:heterodimerEntry innerId="inner1" originalSpecies="unknown">
<celldesigner:class>SIMPLE_MOLECULE</celldesigner:class>
<celldesigner:name>GPI linker</celldesigner:name>
</celldesigner:heterodimerEntry>
<celldesigner:heterodimerEntry innerId="inner2" originalSpecies="unknown">
<celldesigner:class>PROTEIN</celldesigner:class>
<celldesigner:proteinReference>p3</celldesigner:proteinReference>
</celldesigner:heterodimerEntry>
<celldesigner:heterodimerEntry innerId="inner3" originalSpecies="unknown">
<celldesigner:class>PROTEIN</celldesigner:class>
<celldesigner:proteinReference>p8</celldesigner:proteinReference>
</celldesigner:heterodimerEntry>
</celldesigner:listOfHeterodimerEntries>
</celldesigner:heterodimerIdentity>
</annotation>
</species>
<species compartment="c2" initialAmount="0.0" name="s72">
<notes>
<html xmlns="http://www.w3.org/1999/xhtml">
<!--Notes by CellDesigner-->
<body>
Long Name:  Long Name:  GPI linker
Synonym:  Synonym not specified
Accession:  U05505
Heterodimer Member Info:  uPA#PROTEIN#urokinase type plasminogen activator#P01243#PLAU|plasminogen activator, urinary|urokinase#;PAI-2#PROTEIN#PAI-2#P01244#Monocyte Arginine serpin|Monocyte derived Plasminogen activator inhibitor|PLANH2|Plasminogen activator inhibitor 2|Serpin B2|Urokinase inhibitor#;uPAR#PROTEIN#urokinase type plasminogen activator receptor#P01256#CD87|PLAU-R|PLAUR|UPA-R|soluble urokinase plasminogen activator|suPAR|urinary plasminogen activator receptor|urokinase plasminogen activator receptor|urokinase receptor#;GPI linker#SIMPLE_MOLECULE#GPI linker#S01824##
</body>
</html>
</notes>
<annotation>
<celldesigner:positionToCompartment>transmembrane</celldesigner:positionToCompartment>
<celldesigner:heterodimerIdentity>
<celldesigner:listOfHeterodimerEntries>
<celldesigner:heterodimerEntry innerId="inner0" originalSpecies="unknown">
<celldesigner:class>SIMPLE_MOLECULE</celldesigner:class>
<celldesigner:name>GPI linker</celldesigner:name>
</celldesigner:heterodimerEntry>
<celldesigner:heterodimerEntry innerId="inner1" originalSpecies="unknown">
<celldesigner:class>PROTEIN</celldesigner:class>
<celldesigner:proteinReference>p1</celldesigner:proteinReference>
</celldesigner:heterodimerEntry>
<celldesigner:heterodimerEntry innerId="inner2" originalSpecies="unknown">
<celldesigner:class>PROTEIN</celldesigner:class>
<celldesigner:proteinReference>p3</celldesigner:proteinReference>
</celldesigner:heterodimerEntry>
<celldesigner:heterodimerEntry innerId="inner3" originalSpecies="unknown">
<celldesigner:class>PROTEIN</celldesigner:class>
<celldesigner:proteinReference>p30</celldesigner:proteinReference>
</celldesigner:heterodimerEntry>
</celldesigner:listOfHeterodimerEntries>
</celldesigner:heterodimerIdentity>
</annotation>
</species>
<species compartment="c3" initialAmount="0.0" name="s47">
<notes>
<html xmlns="http://www.w3.org/1999/xhtml">
<!--Notes by CellDesigner-->
<body>
Long Name:  tissue type plasminogen activator
Synonym:  PLAT,Tissue plasminogen activator,alteplase,plasminogen activator, tissue type
Accession:  P01257
</body>
</html>
</notes>
<annotation>
<celldesigner:positionToCompartment>inside</celldesigner:positionToCompartment>
<celldesigner:speciesIdentity>
<celldesigner:class>PROTEIN</celldesigner:class>
<celldesigner:proteinReference>p20</celldesigner:proteinReference>
</celldesigner:speciesIdentity>
</annotation>
</species>
<species compartment="default" initialAmount="0.0" name="s48">
<notes>
<html xmlns="http://www.w3.org/1999/xhtml">
<!--Notes by CellDesigner-->
<body>
Long Name:  tissue type plasminogen activator
Synonym:  PLAT,Tissue plasminogen activator,alteplase,plasminogen activator, tissue type
Accession:  P01257
</body>
</html>
</notes>
<annotation>
<celldesigner:positionToCompartment>inside</celldesigner:positionToCompartment>
<celldesigner:speciesIdentity>
<celldesigner:class>PROTEIN</celldesigner:class>
<celldesigner:proteinReference>p20</celldesigner:proteinReference>
</celldesigner:speciesIdentity>
<celldesigner:listOfCatalyzedReactions>
<celldesigner:catalyzed reaction="r32"/>
</celldesigner:listOfCatalyzedReactions>
</annotation>
</species>
<species compartment="default" initialAmount="0.0" name="s73">
<notes>
<html xmlns="http://www.w3.org/1999/xhtml">
<!--Notes by CellDesigner-->
<body>
Long Name:  Long Name:  tPA
Synonym:  Synonym not specified
Accession:  U05503
Heterodimer Member Info:  PAI-1#PROTEIN#PAI-1#P01245#Endothelial plasminogen activator inhibitor|Plasminogen activator inhibitor 1|Serpin E1#;tPA#PROTEIN#tissue type plasminogen activator#P01257#PLAT|Tissue plasminogen activator|alteplase|plasminogen activator, tissue type#
</body>
</html>
</notes>
<annotation>
<celldesigner:positionToCompartment>inside</celldesigner:positionToCompartment>
<celldesigner:heterodimerIdentity>
<celldesigner:listOfHeterodimerEntries>
<celldesigner:heterodimerEntry innerId="inner0" originalSpecies="unknown">
<celldesigner:class>PROTEIN</celldesigner:class>
<celldesigner:proteinReference>p8</celldesigner:proteinReference>
</celldesigner:heterodimerEntry>
<celldesigner:heterodimerEntry innerId="inner1" originalSpecies="unknown">
<celldesigner:class>PROTEIN</celldesigner:class>
<celldesigner:proteinReference>p20</celldesigner:proteinReference>
</celldesigner:heterodimerEntry>
</celldesigner:listOfHeterodimerEntries>
</celldesigner:heterodimerIdentity>
</annotation>
</species>
<species compartment="c3" initialAmount="0.0" name="s74">
<notes>
<html xmlns="http://www.w3.org/1999/xhtml">
<!--Notes by CellDesigner-->
<body>
Long Name:  ?
Synonym:  Synonym not specified
Accession:  P01261
</body>
</html>
</notes>
<annotation>
<celldesigner:positionToCompartment>inside</celldesigner:positionToCompartment>
<celldesigner:speciesIdentity>
<celldesigner:class>PROTEIN</celldesigner:class>
<celldesigner:proteinReference>p95</celldesigner:proteinReference>
</celldesigner:speciesIdentity>
</annotation>
</species>
</listOfSpecies>
<listOfReactions>
<reaction name="r6" reversible="false">
<annotation>
<celldesigner:reactionType>HETERODIMER_ASSOCIATION</celldesigner:reactionType>
<celldesigner:baseReactants>s21,s27</celldesigner:baseReactants>
<celldesigner:baseProducts>s34</celldesigner:baseProducts>
<celldesigner:editPoints>0.3333333333333339,0.0 0.666666666666667,-4.440892098500626E-16 0.3333333333333286,-7.105427357601002E-15 0.6666666666666665,8.881784197001252E-16 0.33333333333333304,0.0 0.6666666666666661,-8.881784197001252E-16 0.33333333333333326,0.3333333333333339</celldesigner:editPoints>
</annotation>
<listOfReactants>
<speciesReference species="s21">
<annotation>
<celldesigner:alias>a36</celldesigner:alias>
</annotation>
</speciesReference>
<speciesReference species="s27">
<annotation>
<celldesigner:alias>a44</celldesigner:alias>
</annotation>
</speciesReference>
</listOfReactants>
<listOfProducts>
<speciesReference species="s34">
<annotation>
<celldesigner:alias>a51</celldesigner:alias>
</annotation>
</speciesReference>
</listOfProducts>
</reaction>
<reaction name="r12" reversible="false">
<annotation>
<celldesigner:reactionType>STATE_TRANSITION</celldesigner:reactionType>
<celldesigner:baseReactants>s39</celldesigner:baseReactants>
<celldesigner:baseProducts>s40</celldesigner:baseProducts>
<celldesigner:editPoints>0.3333333333333328,8.881784197001252E-16 0.6666666666666667,8.881784197001252E-16</celldesigner:editPoints>
<celldesigner:listOfModification>
<celldesigner:modification aliases="a39" editPoints="0.33333333333333315,-1.1102230246251565E-16 0.6666666666666664,0.0" modifiers="s24" targetLineIndex="-1,1" type="CATALYSIS"/>
</celldesigner:listOfModification>
</annotation>
<listOfReactants>
<speciesReference species="s39">
<annotation>
<celldesigner:alias>a56</celldesigner:alias>
</annotation>
</speciesReference>
</listOfReactants>
<listOfProducts>
<speciesReference species="s40">
<annotation>
<celldesigner:alias>a57</celldesigner:alias>
</annotation>
</speciesReference>
</listOfProducts>
</reaction>
<reaction name="r14" reversible="false">
<annotation>
<celldesigner:reactionType>TRANSPORT</celldesigner:reactionType>
<celldesigner:baseReactants>s47</celldesigner:baseReactants>
<celldesigner:baseProducts>s48</celldesigner:baseProducts>
<celldesigner:editPoints>0.3333333333333326,8.881784197001252E-16 0.6666666666666659,8.881784197001252E-16</celldesigner:editPoints>
</annotation>
<listOfReactants>
<speciesReference species="s47">
<annotation>
<celldesigner:alias>a65</celldesigner:alias>
</annotation>
</speciesReference>
</listOfReactants>
<listOfProducts>
<speciesReference species="s48">
<annotation>
<celldesigner:alias>a66</celldesigner:alias>
</annotation>
</speciesReference>
</listOfProducts>
</reaction>
<reaction name="r15" reversible="false">
<annotation>
<celldesigner:reactionType>HETERODIMER_ASSOCIATION</celldesigner:reactionType>
<celldesigner:baseReactants>s24,s49</celldesigner:baseReactants>
<celldesigner:baseProducts>s51</celldesigner:baseProducts>
<celldesigner:editPoints>0.33333333333333215,1.7763568394002505E-15 0.6666666666666656,1.7763568394002505E-15 0.3333333333333335,0.0 0.6666666666666665,0.0 0.3333333333333335,-1.3322676295501878E-15 0.6666666666666665,-2.6645352591003757E-15 0.33333333333333215,0.33333333333333304</celldesigner:editPoints>
</annotation>
<listOfReactants>
<speciesReference species="s24">
<annotation>
<celldesigner:alias>a39</celldesigner:alias>
</annotation>
</speciesReference>
<speciesReference species="s49">
<annotation>
<celldesigner:alias>a67</celldesigner:alias>
</annotation>
</speciesReference>
</listOfReactants>
<listOfProducts>
<speciesReference species="s51">
<annotation>
<celldesigner:alias>a76</celldesigner:alias>
</annotation>
</speciesReference>
</listOfProducts>
</reaction>
<reaction name="r16" reversible="false">
<annotation>
<celldesigner:reactionType>STATE_TRANSITION</celldesigner:reactionType>
<celldesigner:baseReactants>s40</celldesigner:baseReactants>
<celldesigner:baseProducts>s52</celldesigner:baseProducts>
<celldesigner:editPoints>0.33333333333333365,0.0 0.6666666666666672,0.0</celldesigner:editPoints>
<celldesigner:listOfModification>
<celldesigner:modification aliases="a78" editPoints="0.33333333333333215,0.0 0.6666666666666643,-8.881784197001252E-16" modifiers="s53" targetLineIndex="-1,1" type="INHIBITION"/>
</celldesigner:listOfModification>
</annotation>
<listOfReactants>
<speciesReference species="s40">
<annotation>
<celldesigner:alias>a57</celldesigner:alias>
</annotation>
</speciesReference>
</listOfReactants>
<listOfProducts>
<speciesReference species="s52">
<annotation>
<celldesigner:alias>a77</celldesigner:alias>
</annotation>
</speciesReference>
</listOfProducts>
</reaction>
<reaction name="r2" reversible="false">
<annotation>
<celldesigner:reactionType>HETERODIMER_ASSOCIATION</celldesigner:reactionType>
<celldesigner:baseReactants>s15,s3</celldesigner:baseReactants>
<celldesigner:baseProducts>s11</celldesigner:baseProducts>
<celldesigner:editPoints>0.33333333333333215,-2.220446049250313E-16 0.6666666666666661,-2.220446049250313E-16 0.3333333333333337,-4.440892098500626E-16 0.6666666666666667,0.0 0.33333333333333404,0.0 0.6666666666666671,0.0 0.3333333333333337,0.33333333333333304</celldesigner:editPoints>
</annotation>
<listOfReactants>
<speciesReference species="s15">
<annotation>
<celldesigner:alias>a27</celldesigner:alias>
</annotation>
</speciesReference>
<speciesReference species="s3">
<annotation>
<celldesigner:alias>a3</celldesigner:alias>
</annotation>
</speciesReference>
</listOfReactants>
<listOfProducts>
<speciesReference species="s11">
<annotation>
<celldesigner:alias>a21</celldesigner:alias>
</annotation>
</speciesReference>
</listOfProducts>
</reaction>
<reaction name="r17" reversible="false">
<annotation>
<celldesigner:reactionType>TRANSPORT</celldesigner:reactionType>
<celldesigner:baseReactants>s59</celldesigner:baseReactants>
<celldesigner:baseProducts>s38</celldesigner:baseProducts>
<celldesigner:editPoints>0.3333333333333337,-2.220446049250313E-16 0.666666666666667,0.0</celldesigner:editPoints>
</annotation>
<listOfReactants>
<speciesReference species="s59">
<annotation>
<celldesigner:alias>a90</celldesigner:alias>
</annotation>
</speciesReference>
</listOfReactants>
<listOfProducts>
<speciesReference species="s38">
<annotation>
<celldesigner:alias>a55</celldesigner:alias>
</annotation>
</speciesReference>
</listOfProducts>
</reaction>
<reaction name="r18" reversible="false">
<annotation>
<celldesigner:reactionType>TRANSPORT</celldesigner:reactionType>
<celldesigner:baseReactants>s58</celldesigner:baseReactants>
<celldesigner:baseProducts>s43</celldesigner:baseProducts>
<celldesigner:editPoints>0.33333333333333304,1.1102230246251565E-16 0.6666666666666665,1.1102230246251565E-16</celldesigner:editPoints>
</annotation>
<listOfReactants>
<speciesReference species="s58">
<annotation>
<celldesigner:alias>a89</celldesigner:alias>
</annotation>
</speciesReference>
</listOfReactants>
<listOfProducts>
<speciesReference species="s43">
<annotation>
<celldesigner:alias>a60</celldesigner:alias>
</annotation>
</speciesReference>
</listOfProducts>
</reaction>
<reaction name="r19" reversible="false">
<annotation>
<celldesigner:reactionType>TRANSPORT</celldesigner:reactionType>
<celldesigner:baseReactants>s57</celldesigner:baseReactants>
<celldesigner:baseProducts>s37</celldesigner:baseProducts>
<celldesigner:editPoints>0.33333333333333326,0.0 0.6666666666666667,0.0</celldesigner:editPoints>
</annotation>
<listOfReactants>
<speciesReference species="s57">
<annotation>
<celldesigner:alias>a88</celldesigner:alias>
</annotation>
</speciesReference>
</listOfReactants>
<listOfProducts>
<speciesReference species="s37">
<annotation>
<celldesigner:alias>a54</celldesigner:alias>
</annotation>
</speciesReference>
</listOfProducts>
</reaction>
<reaction name="r22" reversible="false">
<annotation>
<celldesigner:reactionType>TRANSPORT</celldesigner:reactionType>
<celldesigner:baseReactants>s60</celldesigner:baseReactants>
<celldesigner:baseProducts>s35</celldesigner:baseProducts>
<celldesigner:editPoints>0.33333333333333326,3.469446951953614E-17 0.6666666666666667,2.0816681711721685E-17</celldesigner:editPoints>
</annotation>
<listOfReactants>
<speciesReference species="s60">
<annotation>
<celldesigner:alias>a91</celldesigner:alias>
</annotation>
</speciesReference>
</listOfReactants>
<listOfProducts>
<speciesReference species="s35">
<annotation>
<celldesigner:alias>a52</celldesigner:alias>
</annotation>
</speciesReference>
</listOfProducts>
</reaction>
<reaction name="r23" reversible="false">
<annotation>
<celldesigner:reactionType>HETERODIMER_ASSOCIATION</celldesigner:reactionType>
<celldesigner:baseReactants>s61,s21</celldesigner:baseReactants>
<celldesigner:baseProducts>s72</celldesigner:baseProducts>
<celldesigner:editPoints>0.3333333333333339,0.0 0.6666666666666661,8.881784197001252E-16 0.3333333333333335,2.220446049250313E-16 0.6666666666666665,2.220446049250313E-16 0.3333333333333335,-4.440892098500626E-16 0.6666666666666665,-4.440892098500626E-16 -0.012477718360071055,0.1889483065953652</celldesigner:editPoints>
</annotation>
<listOfReactants>
<speciesReference species="s61">
<annotation>
<celldesigner:alias>a93</celldesigner:alias>
</annotation>
</speciesReference>
<speciesReference species="s21">
<annotation>
<celldesigner:alias>a36</celldesigner:alias>
</annotation>
</speciesReference>
</listOfReactants>
<listOfProducts>
<speciesReference species="s72">
<annotation>
<celldesigner:alias>a107</celldesigner:alias>
</annotation>
</speciesReference>
</listOfProducts>
</reaction>
<reaction name="r26" reversible="false">
<annotation>
<celldesigner:reactionType>HETERODIMER_ASSOCIATION</celldesigner:reactionType>
<celldesigner:baseReactants>s27,s48</celldesigner:baseReactants>
<celldesigner:baseProducts>s73</celldesigner:baseProducts>
<celldesigner:editPoints>0.33333333333333215,-4.440892098500626E-16 0.6666666666666679,-1.3322676295501878E-15 0.3333333333333339,1.7763568394002505E-15 0.6666666666666679,3.552713678800501E-15 0.3333333333333328,0.0 0.6666666666666659,0.0 0.3333333333333339,0.33333333333333304</celldesigner:editPoints>
</annotation>
<listOfReactants>
<speciesReference species="s27">
<annotation>
<celldesigner:alias>a109</celldesigner:alias>
</annotation>
</speciesReference>
<speciesReference species="s48">
<annotation>
<celldesigner:alias>a66</celldesigner:alias>
</annotation>
</speciesReference>
</listOfReactants>
<listOfProducts>
<speciesReference species="s73">
<annotation>
<celldesigner:alias>a111</celldesigner:alias>
</annotation>
</speciesReference>
</listOfProducts>
</reaction>
<reaction name="r27" reversible="false">
<annotation>
<celldesigner:reactionType>TRUNCATION</celldesigner:reactionType>
<celldesigner:baseReactants>s38</celldesigner:baseReactants>
<celldesigner:baseProducts>s199,s42</celldesigner:baseProducts>
<celldesigner:editPoints>0.33333333333333304,0.0 0.666666666666667,0.0 0.3333333333333286,5.329070518200751E-15 0.6666666666666572,-1.7763568394002505E-15 0.3333333333333339,-1.7763568394002505E-15 0.6666666666666661,-1.7763568394002505E-15 0.09093606289868106,0.45408693072244155</celldesigner:editPoints>
<celldesigner:listOfModification>
<celldesigner:modification aliases="a39" editPoints="0.3333333333333335,-5.551115123125783E-17 0.6666666666666667,5.551115123125783E-17" modifiers="s24" targetLineIndex="0,0" type="CATALYSIS"/>
</celldesigner:listOfModification>
</annotation>
<listOfReactants>
<speciesReference species="s38">
<annotation>
<celldesigner:alias>a55</celldesigner:alias>
</annotation>
</speciesReference>
</listOfReactants>
<listOfProducts>
<speciesReference species="s199">
<annotation>
<celldesigner:alias>a112</celldesigner:alias>
</annotation>
</speciesReference>
<speciesReference species="s42">
<annotation>
<celldesigner:alias>a59</celldesigner:alias>
</annotation>
</speciesReference>
</listOfProducts>
</reaction>
<reaction name="r28" reversible="false">
<annotation>
<celldesigner:reactionType>TRUNCATION</celldesigner:reactionType>
<celldesigner:baseReactants>s43</celldesigner:baseReactants>
<celldesigner:baseProducts>s44,s199</celldesigner:baseProducts>
<celldesigner:editPoints>0.33333333333333304,0.0 0.666666666666667,-1.7763568394002505E-15 0.33333333333333304,-1.7763568394002505E-15 0.6666666666666652,0.0 0.3333333333333428,-8.881784197001252E-16 0.6666666666666714,-4.440892098500626E-15 0.5235251330347204,-0.08701810803567867</celldesigner:editPoints>
<celldesigner:listOfModification>
<celldesigner:modification aliases="a39" editPoints="0.33333333333333304,2.220446049250313E-16 0.666666666666667,2.220446049250313E-16" modifiers="s24" targetLineIndex="0,1" type="CATALYSIS"/>
</celldesigner:listOfModification>
</annotation>
<listOfReactants>
<speciesReference species="s43">
<annotation>
<celldesigner:alias>a60</celldesigner:alias>
</annotation>
</speciesReference>
</listOfReactants>
<listOfProducts>
<speciesReference species="s44">
<annotation>
<celldesigner:alias>a61</celldesigner:alias>
</annotation>
</speciesReference>
<speciesReference species="s199">
<annotation>
<celldesigner:alias>a113</celldesigner:alias>
</annotation>
</speciesReference>
</listOfProducts>
</reaction>
<reaction name="r30" reversible="false">
<annotation>
<celldesigner:reactionType>TRUNCATION</celldesigner:reactionType>
<celldesigner:baseReactants>s37</celldesigner:baseReactants>
<celldesigner:baseProducts>s199,s41</celldesigner:baseProducts>
<celldesigner:editPoints>0.3333333333333339,-2.7755575615628914E-17 0.6666666666666661,6.38378239159465E-16 0.33333333333333215,0.0 0.6666666666666679,3.552713678800501E-15 0.3333333333333339,0.0 0.6666666666666661,0.0 0.0026018031100627503,0.5267441156894788</celldesigner:editPoints>
<celldesigner:listOfModification>
<celldesigner:modification aliases="a39" editPoints="0.33333333333333304,0.0 0.6666666666666665,-4.440892098500626E-16" modifiers="s24" targetLineIndex="0,0" type="CATALYSIS"/>
</celldesigner:listOfModification>
</annotation>
<listOfReactants>
<speciesReference species="s37">
<annotation>
<celldesigner:alias>a54</celldesigner:alias>
</annotation>
</speciesReference>
</listOfReactants>
<listOfProducts>
<speciesReference species="s199">
<annotation>
<celldesigner:alias>a115</celldesigner:alias>
</annotation>
</speciesReference>
<speciesReference species="s41">
<annotation>
<celldesigner:alias>a58</celldesigner:alias>
</annotation>
</speciesReference>
</listOfProducts>
</reaction>
<reaction name="r31" reversible="false">
<annotation>
<celldesigner:reactionType>TRUNCATION</celldesigner:reactionType>
<celldesigner:baseReactants>s35</celldesigner:baseReactants>
<celldesigner:baseProducts>s199,s36</celldesigner:baseProducts>
<celldesigner:editPoints>0.33333333333333304,-6.245004513516506E-17 0.6666666666666661,-2.8449465006019636E-16 0.3333333333333304,0.0 0.6666666666666643,0.0 0.3333333333333339,-2.220446049250313E-16 0.6666666666666661,0.0 0.04242424242424203,0.5257663338588199</celldesigner:editPoints>
<celldesigner:listOfModification>
<celldesigner:modification aliases="a39" editPoints="0.33333333333333326,-4.440892098500626E-16 0.7029223756829868,0.09191889975228973" modifiers="s24" targetLineIndex="0,0" type="CATALYSIS"/>
</celldesigner:listOfModification>
</annotation>
<listOfReactants>
<speciesReference species="s35">
<annotation>
<celldesigner:alias>a52</celldesigner:alias>
</annotation>
</speciesReference>
</listOfReactants>
<listOfProducts>
<speciesReference species="s199">
<annotation>
<celldesigner:alias>a114</celldesigner:alias>
</annotation>
</speciesReference>
<speciesReference species="s36">
<annotation>
<celldesigner:alias>a53</celldesigner:alias>
</annotation>
</speciesReference>
</listOfProducts>
</reaction>
<reaction name="r32" reversible="false">
<annotation>
<celldesigner:reactionType>TRUNCATION</celldesigner:reactionType>
<celldesigner:baseReactants>s25</celldesigner:baseReactants>
<celldesigner:baseProducts>s199,s24</celldesigner:baseProducts>
<celldesigner:listOfReactantLinks>
<celldesigner:reactantLink alias="a57" reactant="s40" targetLineIndex="0,0"/>
</celldesigner:listOfReactantLinks>
<celldesigner:editPoints>0.3333333333333335,8.881784197001252E-16 0.6666666666666665,8.881784197001252E-16 0.3333333333333335,1.7763568394002505E-15 0.6666666666666665,1.7763568394002505E-15 0.3333333333333335,0.0 0.666666666666667,0.0 -0.030430166006267356,0.5668816201797338</celldesigner:editPoints>
<celldesigner:listOfModification>
<celldesigner:modification aliases="a36" editPoints="0.300790302807592,-0.07262286650055516 0.7090463798134135,-0.1094383433528402" modifiers="s21" offsetX="10.0" offsetY="-1.0" targetLineIndex="0,0" type="CATALYSIS"/>
<celldesigner:modification aliases="a66" editPoints="0.33333333333333326,-2.220446049250313E-16 0.6666666666666667,-4.440892098500626E-16" modifiers="s48" targetLineIndex="0,0" type="CATALYSIS"/>
</celldesigner:listOfModification>
</annotation>
<listOfReactants>
<speciesReference species="s25">
<annotation>
<celldesigner:alias>a40</celldesigner:alias>
</annotation>
</speciesReference>
<speciesReference species="s40">
<annotation>
<celldesigner:alias>a57</celldesigner:alias>
</annotation>
</speciesReference>
</listOfReactants>
<listOfProducts>
<speciesReference species="s199">
<annotation>
<celldesigner:alias>a116</celldesigner:alias>
</annotation>
</speciesReference>
<speciesReference species="s24">
<annotation>
<celldesigner:alias>a39</celldesigner:alias>
</annotation>
</speciesReference>
</listOfProducts>
</reaction>
<reaction name="r33" reversible="false">
<annotation>
<celldesigner:reactionType>TRUNCATION</celldesigner:reactionType>
<celldesigner:baseReactants>s11</celldesigner:baseReactants>
<celldesigner:baseProducts>s199,s21</celldesigner:baseProducts>
<celldesigner:editPoints>0.3333333333333339,0.0 0.666666666666667,0.0 0.3333333333333339,0.0 0.6666666666666696,1.7763568394002505E-15 0.33333333333333304,-4.440892098500626E-16 0.6666666666666665,-4.440892098500626E-16 0.047653958944281705,0.48818349828934515</celldesigner:editPoints>
<celldesigner:listOfModification>
<celldesigner:modification aliases="a39" editPoints="0.3429871371544442,-0.05185738920846217 0.6688785799836297,-0.026149885935927486" modifiers="s24" targetLineIndex="0,1" type="CATALYSIS"/>
</celldesigner:listOfModification>
</annotation>
<listOfReactants>
<speciesReference species="s11">
<annotation>
<celldesigner:alias>a21</celldesigner:alias>
</annotation>
</speciesReference>
</listOfReactants>
<listOfProducts>
<speciesReference species="s199">
<annotation>
<celldesigner:alias>a117</celldesigner:alias>
</annotation>
</speciesReference>
<speciesReference species="s21">
<annotation>
<celldesigner:alias>a36</celldesigner:alias>
</annotation>
</speciesReference>
</listOfProducts>
</reaction>
<reaction name="r34" reversible="false">
<annotation>
<celldesigner:reactionType>TRUNCATION</celldesigner:reactionType>
<celldesigner:baseReactants>s46</celldesigner:baseReactants>
<celldesigner:baseProducts>s47,s74</celldesigner:baseProducts>
<celldesigner:editPoints>0.3333333333333339,0.0 0.6666666666666679,0.0 0.3333333333333339,0.0 0.6666666666666661,-3.552713678800501E-15 0.33333333333333215,4.440892098500626E-16 0.6666666666666679,-8.881784197001252E-16 0.4345308137791015,0.03430931450589547</celldesigner:editPoints>
</annotation>
<listOfReactants>
<speciesReference species="s46">
<annotation>
<celldesigner:alias>a63</celldesigner:alias>
</annotation>
</speciesReference>
</listOfReactants>
<listOfProducts>
<speciesReference species="s47">
<annotation>
<celldesigner:alias>a65</celldesigner:alias>
</annotation>
</speciesReference>
<speciesReference species="s74">
<annotation>
<celldesigner:alias>a118</celldesigner:alias>
</annotation>
</speciesReference>
</listOfProducts>
</reaction>
</listOfReactions>
</model>
</sbml>
