<?xml version="1.0" encoding="UTF-8"?>
<!-- Terms and Conditions -->
<!-- 
Copyright (C)) 2005 Applied Biosystems.  
This file may be copied and redistributed freely, without advance permission, 
provided that this Copyright statement is reproduced with each copy.  
 
LIMITATION OF WARRANTY 
NOTHING IN THIS AGREEMENT WILL BE CONSTRUED AS A REPRESENTATION MADE OR 
WARRANTY GIVEN BY APPLIED BIOSYSTEMS OR ANY THIRD PARTY THAT THE USE OF 
DATA PROVIDED HEREUNDER WILL NOT INFRINGE ANY PATENT, COPYRIGHT, TRADEMARK 
OR OTHER RIGHTS OF ANY THIRD PARTY. DATA IS PROVIDED "AS IS" WITHOUT 
WARRANTY OF ANY KIND WHATSOEVER, EXPRESS OR IMPLIED, INCLUDING IMPLIED 
WARRANTIES OF MERCHANTABILITY OR FITNESS FOR A PARTICULAR PURPOSE. APPLIED 
BIOSYSTEMS MAKES NO WARRANTY THAT ITS DATA DOES NOT CONTAIN ERRORS.
-->

<!-- Created by SBML API 2.0(a17.0) -->
<sbml level="2" version="1" xmlns="http://www.sbml.org/sbml/level2" xmlns:celldesigner="http://www.sbml.org/2001/ns/celldesigner">
<model id="Pyrimidine_space_Metabolism">
<notes>
<html xmlns="http://www.w3.org/1999/xhtml">
<!--Notes by CellDesigner-->
<body>
<![CDATA[
The pattern of breakdown is very different for the two types of nucletide bases, purines and pyrimidines.  In the case of pyrimidines the ring is reduced and then opened, and with the exception of beta-alanine the nitrogen is removed by deamination and transamination as ammonia, which must ultimately be converted into urea.  However, in the case of purines only the amino nitrogen outside the ring is removed as ammonia.  The purine ring itself is oxidized to uric acid by xanthine oxidase and excreted.  In humans and primates, the conversion of urate to allantoin occurs non-enzymatically by interaction with oxygen free radicals.
free text=Biochemiscal Pathways - An Atlas of Biochemistry and Molecular Biology Edited by Gerhard Michal
free text=Color Atlas of Biochemistry by Jan Koolman and Klaus-Heinrich Rohm
free text=Human Metabolism by Ramsey Bronk
]]>
</body>
</html>
</notes>
<annotation>
<celldesigner:modelVersion>2.3</celldesigner:modelVersion>
<celldesigner:modelDisplay sizeX="1200" sizeY="600"/>
<celldesigner:listOfCompartmentAliases/>
<celldesigner:listOfSpeciesAliases>
<celldesigner:speciesAlias id="a3" species="s3">
<celldesigner:activity>inactive</celldesigner:activity>
<celldesigner:bounds h="33.0" w="118.0" x="36.5" y="40.0"/>
<celldesigner:singleLine width="1.0"/>
<celldesigner:paint color="ffffffff" scheme="Color"/>
</celldesigner:speciesAlias>
<celldesigner:speciesAlias id="a192" species="s195">
<celldesigner:activity>inactive</celldesigner:activity>
<celldesigner:bounds h="33.0" w="118.0" x="691.0" y="45.5"/>
<celldesigner:singleLine width="1.0"/>
<celldesigner:paint color="ffffffff" scheme="Color"/>
</celldesigner:speciesAlias>
<celldesigner:speciesAlias id="a193" species="s194">
<celldesigner:activity>inactive</celldesigner:activity>
<celldesigner:bounds h="33.0" w="118.0" x="369.0" y="45.5"/>
<celldesigner:singleLine width="1.0"/>
<celldesigner:paint color="ffffffff" scheme="Color"/>
</celldesigner:speciesAlias>
<celldesigner:speciesAlias id="a194" species="s197">
<celldesigner:activity>inactive</celldesigner:activity>
<celldesigner:bounds h="33.0" w="118.0" x="37.0" y="207.5"/>
<celldesigner:singleLine width="1.0"/>
<celldesigner:paint color="ffffffff" scheme="Color"/>
</celldesigner:speciesAlias>
<celldesigner:speciesAlias id="a195" species="s198">
<celldesigner:activity>inactive</celldesigner:activity>
<celldesigner:bounds h="33.0" w="118.0" x="37.0" y="369.5"/>
<celldesigner:singleLine width="1.0"/>
<celldesigner:paint color="ffffffff" scheme="Color"/>
</celldesigner:speciesAlias>
<celldesigner:speciesAlias id="a196" species="s199">
<celldesigner:activity>inactive</celldesigner:activity>
<celldesigner:bounds h="33.0" w="118.0" x="35.0" y="539.5"/>
<celldesigner:singleLine width="1.0"/>
<celldesigner:paint color="ffffffff" scheme="Color"/>
</celldesigner:speciesAlias>
<celldesigner:speciesAlias id="a197" species="s208">
<celldesigner:activity>inactive</celldesigner:activity>
<celldesigner:bounds h="39.0" w="118.0" x="357.0" y="535.5"/>
<celldesigner:singleLine width="1.0"/>
<celldesigner:paint color="ffffffff" scheme="Color"/>
</celldesigner:speciesAlias>
<celldesigner:speciesAlias id="a198" species="s207">
<celldesigner:activity>inactive</celldesigner:activity>
<celldesigner:bounds h="33.0" w="118.0" x="645.0" y="537.5"/>
<celldesigner:singleLine width="1.0"/>
<celldesigner:paint color="ffffffff" scheme="Color"/>
</celldesigner:speciesAlias>
<celldesigner:speciesAlias id="a199" species="s196">
<celldesigner:activity>inactive</celldesigner:activity>
<celldesigner:bounds h="33.0" w="118.0" x="371.0" y="207.5"/>
<celldesigner:singleLine width="1.0"/>
<celldesigner:paint color="ffffffff" scheme="Color"/>
</celldesigner:speciesAlias>
<celldesigner:speciesAlias id="a200" species="s203">
<celldesigner:activity>inactive</celldesigner:activity>
<celldesigner:bounds h="33.0" w="118.0" x="1025.0" y="43.5"/>
<celldesigner:singleLine width="1.0"/>
<celldesigner:paint color="ffffffff" scheme="Color"/>
</celldesigner:speciesAlias>
<celldesigner:speciesAlias id="a201" species="s204">
<celldesigner:activity>inactive</celldesigner:activity>
<celldesigner:bounds h="33.0" w="118.0" x="805.0" y="159.5"/>
<celldesigner:singleLine width="1.0"/>
<celldesigner:paint color="ffffffff" scheme="Color"/>
</celldesigner:speciesAlias>
<celldesigner:speciesAlias id="a202" species="s205">
<celldesigner:activity>inactive</celldesigner:activity>
<celldesigner:bounds h="33.0" w="118.0" x="591.0" y="259.5"/>
<celldesigner:singleLine width="1.0"/>
<celldesigner:paint color="ffffffff" scheme="Color"/>
</celldesigner:speciesAlias>
<celldesigner:speciesAlias id="a203" species="s209">
<celldesigner:activity>inactive</celldesigner:activity>
<celldesigner:bounds h="39.0" w="118.0" x="321.0" y="366.5"/>
<celldesigner:singleLine width="1.0"/>
<celldesigner:paint color="ffffffff" scheme="Color"/>
</celldesigner:speciesAlias>
<celldesigner:speciesAlias id="a204" species="s214">
<celldesigner:activity>inactive</celldesigner:activity>
<celldesigner:bounds h="39.0" w="118.0" x="599.0" y="368.5"/>
<celldesigner:singleLine width="1.0"/>
<celldesigner:paint color="ffffffff" scheme="Color"/>
</celldesigner:speciesAlias>
<celldesigner:speciesAlias id="a205" species="s210">
<celldesigner:activity>inactive</celldesigner:activity>
<celldesigner:bounds h="39.0" w="118.0" x="833.0" y="370.5"/>
<celldesigner:singleLine width="1.0"/>
<celldesigner:paint color="ffffffff" scheme="Color"/>
</celldesigner:speciesAlias>
<celldesigner:speciesAlias id="a206" species="s211">
<celldesigner:activity>inactive</celldesigner:activity>
<celldesigner:bounds h="39.0" w="118.0" x="1039.0" y="372.5"/>
<celldesigner:singleLine width="1.0"/>
<celldesigner:paint color="ffffffff" scheme="Color"/>
</celldesigner:speciesAlias>
<celldesigner:speciesAlias id="a207" species="s212">
<celldesigner:activity>inactive</celldesigner:activity>
<celldesigner:bounds h="39.0" w="118.0" x="1041.0" y="522.5"/>
<celldesigner:singleLine width="1.0"/>
<celldesigner:paint color="ffffffff" scheme="Color"/>
</celldesigner:speciesAlias>
<celldesigner:speciesAlias id="a208" species="s213">
<celldesigner:activity>inactive</celldesigner:activity>
<celldesigner:bounds h="33.0" w="118.0" x="131.0" y="343.5"/>
<celldesigner:singleLine width="1.0"/>
<celldesigner:paint color="ffffffff" scheme="Color"/>
</celldesigner:speciesAlias>
<celldesigner:speciesAlias id="a209" species="s180">
<celldesigner:activity>inactive</celldesigner:activity>
<celldesigner:bounds h="24.0" w="54.0" x="15.0" y="96.0"/>
<celldesigner:singleLine width="1.0"/>
<celldesigner:paint color="ffffffff" scheme="Color"/>
</celldesigner:speciesAlias>
<celldesigner:speciesAlias id="a210" species="s183">
<celldesigner:activity>inactive</celldesigner:activity>
<celldesigner:bounds h="24.0" w="54.0" x="13.0" y="148.0"/>
<celldesigner:singleLine width="1.0"/>
<celldesigner:paint color="ffffffff" scheme="Color"/>
</celldesigner:speciesAlias>
<celldesigner:speciesAlias id="a211" species="s215">
<celldesigner:activity>inactive</celldesigner:activity>
<celldesigner:bounds h="28.0" w="98.0" x="135.0" y="80.0"/>
<celldesigner:singleLine width="1.0"/>
<celldesigner:paint color="ff66ccff" scheme="Color"/>
</celldesigner:speciesAlias>
<celldesigner:speciesAlias id="a212" species="s183">
<celldesigner:activity>inactive</celldesigner:activity>
<celldesigner:bounds h="24.0" w="54.0" x="23.0" y="242.0"/>
<celldesigner:singleLine width="1.0"/>
<celldesigner:paint color="ffffffff" scheme="Color"/>
</celldesigner:speciesAlias>
<celldesigner:speciesAlias id="a213" species="s180">
<celldesigner:activity>inactive</celldesigner:activity>
<celldesigner:bounds h="24.0" w="54.0" x="295.0" y="246.0"/>
<celldesigner:singleLine width="1.0"/>
<celldesigner:paint color="ffffffff" scheme="Color"/>
</celldesigner:speciesAlias>
<celldesigner:speciesAlias id="a214" species="s179">
<celldesigner:activity>inactive</celldesigner:activity>
<celldesigner:bounds h="26.0" w="64.0" x="164.0" y="249.0"/>
<celldesigner:singleLine width="1.0"/>
<celldesigner:paint color="ffffffff" scheme="Color"/>
</celldesigner:speciesAlias>
<celldesigner:speciesAlias id="a215" species="s216">
<celldesigner:activity>inactive</celldesigner:activity>
<celldesigner:bounds h="34.0" w="122.0" x="203.0" y="139.0"/>
<celldesigner:singleLine width="1.0"/>
<celldesigner:paint color="ff66ccff" scheme="Color"/>
</celldesigner:speciesAlias>
<celldesigner:speciesAlias id="a216" species="s217">
<celldesigner:activity>inactive</celldesigner:activity>
<celldesigner:bounds h="40.0" w="100.0" x="149.0" y="286.0"/>
<celldesigner:singleLine width="1.0"/>
<celldesigner:paint color="ff66ccff" scheme="Color"/>
</celldesigner:speciesAlias>
<celldesigner:speciesAlias id="a217" species="s180">
<celldesigner:activity>inactive</celldesigner:activity>
<celldesigner:bounds h="24.0" w="54.0" x="347.0" y="92.0"/>
<celldesigner:singleLine width="1.0"/>
<celldesigner:paint color="ffffffff" scheme="Color"/>
</celldesigner:speciesAlias>
<celldesigner:speciesAlias id="a218" species="s183">
<celldesigner:activity>inactive</celldesigner:activity>
<celldesigner:bounds h="24.0" w="54.0" x="337.0" y="164.0"/>
<celldesigner:singleLine width="1.0"/>
<celldesigner:paint color="ffffffff" scheme="Color"/>
</celldesigner:speciesAlias>
<celldesigner:speciesAlias id="a219" species="s215">
<celldesigner:activity>inactive</celldesigner:activity>
<celldesigner:bounds h="28.0" w="98.0" x="481.0" y="86.0"/>
<celldesigner:singleLine width="1.0"/>
<celldesigner:paint color="ff66ccff" scheme="Color"/>
</celldesigner:speciesAlias>
<celldesigner:speciesAlias id="a220" species="s219">
<celldesigner:activity>inactive</celldesigner:activity>
<celldesigner:bounds h="26.0" w="64.0" x="8.0" y="501.0"/>
<celldesigner:singleLine width="1.0"/>
<celldesigner:paint color="ffffffff" scheme="Color"/>
</celldesigner:speciesAlias>
<celldesigner:speciesAlias id="a221" species="s220">
<celldesigner:activity>inactive</celldesigner:activity>
<celldesigner:bounds h="30.0" w="78.0" x="2.0" y="411.0"/>
<celldesigner:singleLine width="1.0"/>
<celldesigner:paint color="ffffffff" scheme="Color"/>
</celldesigner:speciesAlias>
<celldesigner:speciesAlias id="a223" species="s221">
<celldesigner:activity>inactive</celldesigner:activity>
<celldesigner:bounds h="40.0" w="96.0" x="137.0" y="451.0"/>
<celldesigner:singleLine width="1.0"/>
<celldesigner:paint color="ff66ccff" scheme="Color"/>
</celldesigner:speciesAlias>
<celldesigner:speciesAlias id="a224" species="s180">
<celldesigner:activity>inactive</celldesigner:activity>
<celldesigner:bounds h="24.0" w="54.0" x="177.0" y="514.0"/>
<celldesigner:singleLine width="1.0"/>
<celldesigner:paint color="ffffffff" scheme="Color"/>
</celldesigner:speciesAlias>
<celldesigner:speciesAlias id="a225" species="s180">
<celldesigner:activity>inactive</celldesigner:activity>
<celldesigner:bounds h="24.0" w="54.0" x="457.0" y="518.0"/>
<celldesigner:singleLine width="1.0"/>
<celldesigner:paint color="ffffffff" scheme="Color"/>
</celldesigner:speciesAlias>
<celldesigner:speciesAlias id="a226" species="s223">
<celldesigner:activity>inactive</celldesigner:activity>
<celldesigner:bounds h="30.0" w="104.0" x="498.0" y="489.0"/>
<celldesigner:singleLine width="1.0"/>
<celldesigner:paint color="ffffffff" scheme="Color"/>
</celldesigner:speciesAlias>
<celldesigner:speciesAlias id="a227" species="s224">
<celldesigner:activity>inactive</celldesigner:activity>
<celldesigner:bounds h="30.0" w="120.0" x="265.0" y="487.0"/>
<celldesigner:singleLine width="1.0"/>
<celldesigner:paint color="ff66ccff" scheme="Color"/>
</celldesigner:speciesAlias>
<celldesigner:speciesAlias id="a229" species="s226">
<celldesigner:activity>inactive</celldesigner:activity>
<celldesigner:bounds h="34.0" w="114.0" x="561.0" y="451.0"/>
<celldesigner:singleLine width="1.0"/>
<celldesigner:paint color="ff66ccff" scheme="Color"/>
</celldesigner:speciesAlias>
<celldesigner:speciesAlias id="a230" species="s180">
<celldesigner:activity>inactive</celldesigner:activity>
<celldesigner:bounds h="24.0" w="54.0" x="821.0" y="12.0"/>
<celldesigner:singleLine width="1.0"/>
<celldesigner:paint color="ffffffff" scheme="Color"/>
</celldesigner:speciesAlias>
<celldesigner:speciesAlias id="a231" species="s183">
<celldesigner:activity>inactive</celldesigner:activity>
<celldesigner:bounds h="24.0" w="54.0" x="957.0" y="12.0"/>
<celldesigner:singleLine width="1.0"/>
<celldesigner:paint color="ffffffff" scheme="Color"/>
</celldesigner:speciesAlias>
<celldesigner:speciesAlias id="a232" species="s215">
<celldesigner:activity>inactive</celldesigner:activity>
<celldesigner:bounds h="28.0" w="98.0" x="795.0" y="90.0"/>
<celldesigner:singleLine width="1.0"/>
<celldesigner:paint color="ff66ccff" scheme="Color"/>
</celldesigner:speciesAlias>
<celldesigner:speciesAlias id="a235" species="s217">
<celldesigner:activity>inactive</celldesigner:activity>
<celldesigner:bounds h="40.0" w="100.0" x="1046.0" y="98.0"/>
<celldesigner:singleLine width="1.0"/>
<celldesigner:paint color="ff66ccff" scheme="Color"/>
</celldesigner:speciesAlias>
<celldesigner:speciesAlias id="a236" species="s219">
<celldesigner:activity>inactive</celldesigner:activity>
<celldesigner:bounds h="26.0" w="64.0" x="708.0" y="269.0"/>
<celldesigner:singleLine width="1.0"/>
<celldesigner:paint color="ffffffff" scheme="Color"/>
</celldesigner:speciesAlias>
<celldesigner:speciesAlias id="a237" species="s220">
<celldesigner:activity>inactive</celldesigner:activity>
<celldesigner:bounds h="30.0" w="84.0" x="806.0" y="209.0"/>
<celldesigner:singleLine width="1.0"/>
<celldesigner:paint color="ffffffff" scheme="Color"/>
</celldesigner:speciesAlias>
<celldesigner:speciesAlias id="a238" species="s183">
<celldesigner:activity>inactive</celldesigner:activity>
<celldesigner:bounds h="24.0" w="54.0" x="927.0" y="70.0"/>
<celldesigner:singleLine width="1.0"/>
<celldesigner:paint color="ffffffff" scheme="Color"/>
</celldesigner:speciesAlias>
<celldesigner:speciesAlias id="a239" species="s227">
<celldesigner:activity>inactive</celldesigner:activity>
<celldesigner:bounds h="39.0" w="158.0" x="941.0" y="153.5"/>
<celldesigner:singleLine width="1.0"/>
<celldesigner:paint color="ffffffff" scheme="Color"/>
</celldesigner:speciesAlias>
<celldesigner:speciesAlias id="a240" species="s221">
<celldesigner:activity>inactive</celldesigner:activity>
<celldesigner:bounds h="40.0" w="108.0" x="779.0" y="251.0"/>
<celldesigner:singleLine width="1.0"/>
<celldesigner:paint color="ff66ccff" scheme="Color"/>
</celldesigner:speciesAlias>
<celldesigner:speciesAlias id="a241" species="s180">
<celldesigner:activity>inactive</celldesigner:activity>
<celldesigner:bounds h="24.0" w="54.0" x="531.0" y="262.0"/>
<celldesigner:singleLine width="1.0"/>
<celldesigner:paint color="ffffffff" scheme="Color"/>
</celldesigner:speciesAlias>
<celldesigner:speciesAlias id="a242" species="s224">
<celldesigner:activity>inactive</celldesigner:activity>
<celldesigner:bounds h="32.0" w="124.0" x="329.0" y="315.0"/>
<celldesigner:singleLine width="1.0"/>
<celldesigner:paint color="ff66ccff" scheme="Color"/>
</celldesigner:speciesAlias>
<celldesigner:speciesAlias id="a243" species="s180">
<celldesigner:activity>inactive</celldesigner:activity>
<celldesigner:bounds h="24.0" w="54.0" x="431.0" y="408.0"/>
<celldesigner:singleLine width="1.0"/>
<celldesigner:paint color="ffffffff" scheme="Color"/>
</celldesigner:speciesAlias>
<celldesigner:speciesAlias id="a244" species="s223">
<celldesigner:activity>inactive</celldesigner:activity>
<celldesigner:bounds h="30.0" w="104.0" x="532.0" y="413.0"/>
<celldesigner:singleLine width="1.0"/>
<celldesigner:paint color="ffffffff" scheme="Color"/>
</celldesigner:speciesAlias>
<celldesigner:speciesAlias id="a246" species="s226">
<celldesigner:activity>inactive</celldesigner:activity>
<celldesigner:bounds h="34.0" w="114.0" x="515.0" y="335.0"/>
<celldesigner:singleLine width="1.0"/>
<celldesigner:paint color="ff66ccff" scheme="Color"/>
</celldesigner:speciesAlias>
<celldesigner:speciesAlias id="a247" species="s228">
<celldesigner:activity>inactive</celldesigner:activity>
<celldesigner:bounds h="31.0" w="98.0" x="661.0" y="409.5"/>
<celldesigner:singleLine width="1.0"/>
<celldesigner:paint color="ffffffff" scheme="Color"/>
</celldesigner:speciesAlias>
<celldesigner:speciesAlias id="a248" species="s229">
<celldesigner:activity>inactive</celldesigner:activity>
<celldesigner:bounds h="31.0" w="78.0" x="793.0" y="414.5"/>
<celldesigner:singleLine width="1.0"/>
<celldesigner:paint color="ffffffff" scheme="Color"/>
</celldesigner:speciesAlias>
<celldesigner:speciesAlias id="a249" species="s230">
<celldesigner:activity>inactive</celldesigner:activity>
<celldesigner:bounds h="30.0" w="102.0" x="725.0" y="329.0"/>
<celldesigner:singleLine width="1.0"/>
<celldesigner:paint color="ff66ccff" scheme="Color"/>
</celldesigner:speciesAlias>
<celldesigner:speciesAlias id="a250" species="s231">
<celldesigner:activity>inactive</celldesigner:activity>
<celldesigner:bounds h="36.0" w="100.0" x="890.0" y="411.0"/>
<celldesigner:singleLine width="1.0"/>
<celldesigner:paint color="ffffffff" scheme="Color"/>
</celldesigner:speciesAlias>
<celldesigner:speciesAlias id="a251" species="s220">
<celldesigner:activity>inactive</celldesigner:activity>
<celldesigner:bounds h="34.0" w="78.0" x="1020.0" y="325.0"/>
<celldesigner:singleLine width="1.0"/>
<celldesigner:paint color="ffffffff" scheme="Color"/>
</celldesigner:speciesAlias>
<celldesigner:speciesAlias id="a252" species="s232">
<celldesigner:activity>inactive</celldesigner:activity>
<celldesigner:bounds h="55.0" w="95.0" x="916.0" y="306.0"/>
<celldesigner:singleLine width="1.0"/>
<celldesigner:paint color="ff66ccff" scheme="Color"/>
</celldesigner:speciesAlias>
</celldesigner:listOfSpeciesAliases>
<celldesigner:listOfGroups/>
<celldesigner:listOfProteins>
<celldesigner:protein id="p65" name="5_super_'_endsuper_-Nucleotidase" type="GENERIC"/>
<celldesigner:protein id="p66" name="Cytidine Deaminase" type="GENERIC"/>
<celldesigner:protein id="p67" name="Nucleoside_br_Phosphorylase" type="GENERIC"/>
<celldesigner:protein id="p68" name="Dihydrouracil_br_Dehydrogenase" type="GENERIC"/>
<celldesigner:protein id="p69" name="Dihydropyrimidinase" type="GENERIC"/>
<celldesigner:protein id="p71" name="_Beta_-Ureidopropionase" type="GENERIC"/>
<celldesigner:protein id="p72" name="Aminotransferase" type="GENERIC"/>
<celldesigner:protein id="p73" name="Methylmalonate_br_Semialdehyde_br_Dehydrogenase" type="GENERIC"/>
</celldesigner:listOfProteins>
<celldesigner:listOfBlockDiagrams/>
</annotation>
<listOfCompartments>
<compartment id="default" size="1.0"/>
</listOfCompartments>
<listOfSpecies>
<species compartment="default" id="s179" initialAmount="0.0" name="NH_sub_4_endsub_ _super_+">
<notes>
<html xmlns="http://www.w3.org/1999/xhtml">
<!--Notes by CellDesigner-->
<body>
Long Name:  NH4 +
Synonym:  Synonym not specified
Accession:  S04090
</body>
</html>
</notes>
<annotation>
<celldesigner:positionToCompartment>inside</celldesigner:positionToCompartment>
<celldesigner:speciesIdentity>
<celldesigner:class>SIMPLE_MOLECULE</celldesigner:class>
<celldesigner:name>NH_sub_4_endsub_ _super_+</celldesigner:name>
</celldesigner:speciesIdentity>
</annotation>
</species>
<species compartment="default" id="s180" initialAmount="0.0" name="H_sub_2_endsub_O">
<notes>
<html xmlns="http://www.w3.org/1999/xhtml">
<!--Notes by CellDesigner-->
<body>
Long Name:  H2O
Synonym:  Synonym not specified
Accession:  S04093
</body>
</html>
</notes>
<annotation>
<celldesigner:positionToCompartment>inside</celldesigner:positionToCompartment>
<celldesigner:speciesIdentity>
<celldesigner:class>SIMPLE_MOLECULE</celldesigner:class>
<celldesigner:name>H_sub_2_endsub_O</celldesigner:name>
</celldesigner:speciesIdentity>
</annotation>
</species>
<species compartment="default" id="s183" initialAmount="0.0" name="P_sub_i_endsub_">
<notes>
<html xmlns="http://www.w3.org/1999/xhtml">
<!--Notes by CellDesigner-->
<body>
Long Name:  Pi
Synonym:  Synonym not specified
Accession:  S04096
</body>
</html>
</notes>
<annotation>
<celldesigner:positionToCompartment>inside</celldesigner:positionToCompartment>
<celldesigner:speciesIdentity>
<celldesigner:class>SIMPLE_MOLECULE</celldesigner:class>
<celldesigner:name>P_sub_i_endsub_</celldesigner:name>
</celldesigner:speciesIdentity>
</annotation>
</species>
<species compartment="default" id="s3" initialAmount="0.0" name="UMP">
<notes>
<html xmlns="http://www.w3.org/1999/xhtml">
<!--Notes by CellDesigner-->
<body>
Long Name:  UMP
Synonym:  Synonym not specified
Accession:  S04080
</body>
</html>
</notes>
<annotation>
<celldesigner:positionToCompartment>inside</celldesigner:positionToCompartment>
<celldesigner:speciesIdentity>
<celldesigner:class>SIMPLE_MOLECULE</celldesigner:class>
<celldesigner:name>UMP</celldesigner:name>
</celldesigner:speciesIdentity>
</annotation>
</species>
<species compartment="default" id="s194" initialAmount="0.0" name="CMP">
<notes>
<html xmlns="http://www.w3.org/1999/xhtml">
<!--Notes by CellDesigner-->
<body>
Long Name:  CMP
Synonym:  Synonym not specified
Accession:  S04083
</body>
</html>
</notes>
<annotation>
<celldesigner:positionToCompartment>inside</celldesigner:positionToCompartment>
<celldesigner:speciesIdentity>
<celldesigner:class>SIMPLE_MOLECULE</celldesigner:class>
<celldesigner:name>CMP</celldesigner:name>
</celldesigner:speciesIdentity>
</annotation>
</species>
<species compartment="default" id="s195" initialAmount="0.0" name="dTMP">
<notes>
<html xmlns="http://www.w3.org/1999/xhtml">
<!--Notes by CellDesigner-->
<body>
Long Name:  dTMP
Synonym:  Synonym not specified
Accession:  S04074
</body>
</html>
</notes>
<annotation>
<celldesigner:positionToCompartment>inside</celldesigner:positionToCompartment>
<celldesigner:speciesIdentity>
<celldesigner:class>SIMPLE_MOLECULE</celldesigner:class>
<celldesigner:name>dTMP</celldesigner:name>
</celldesigner:speciesIdentity>
</annotation>
</species>
<species compartment="default" id="s196" initialAmount="0.0" name="Cytidine">
<notes>
<html xmlns="http://www.w3.org/1999/xhtml">
<!--Notes by CellDesigner-->
<body>
Long Name:  Cytidine
Synonym:  Synonym not specified
Accession:  S04094
</body>
</html>
</notes>
<annotation>
<celldesigner:positionToCompartment>inside</celldesigner:positionToCompartment>
<celldesigner:speciesIdentity>
<celldesigner:class>SIMPLE_MOLECULE</celldesigner:class>
<celldesigner:name>Cytidine</celldesigner:name>
</celldesigner:speciesIdentity>
</annotation>
</species>
<species compartment="default" id="s197" initialAmount="0.0" name="Uridine">
<notes>
<html xmlns="http://www.w3.org/1999/xhtml">
<!--Notes by CellDesigner-->
<body>
Long Name:  Uridine
Synonym:  Synonym not specified
Accession:  S04078
</body>
</html>
</notes>
<annotation>
<celldesigner:positionToCompartment>inside</celldesigner:positionToCompartment>
<celldesigner:speciesIdentity>
<celldesigner:class>SIMPLE_MOLECULE</celldesigner:class>
<celldesigner:name>Uridine</celldesigner:name>
</celldesigner:speciesIdentity>
</annotation>
</species>
<species compartment="default" id="s198" initialAmount="0.0" name="Uracil">
<notes>
<html xmlns="http://www.w3.org/1999/xhtml">
<!--Notes by CellDesigner-->
<body>
Long Name:  Uracil
Synonym:  Synonym not specified
Accession:  S04091
</body>
</html>
</notes>
<annotation>
<celldesigner:positionToCompartment>inside</celldesigner:positionToCompartment>
<celldesigner:speciesIdentity>
<celldesigner:class>SIMPLE_MOLECULE</celldesigner:class>
<celldesigner:name>Uracil</celldesigner:name>
</celldesigner:speciesIdentity>
</annotation>
</species>
<species compartment="default" id="s199" initialAmount="0.0" name="Dihydrouracil">
<notes>
<html xmlns="http://www.w3.org/1999/xhtml">
<!--Notes by CellDesigner-->
<body>
Long Name:  Dihydrouracil
Synonym:  Synonym not specified
Accession:  S04086
</body>
</html>
</notes>
<annotation>
<celldesigner:positionToCompartment>inside</celldesigner:positionToCompartment>
<celldesigner:speciesIdentity>
<celldesigner:class>SIMPLE_MOLECULE</celldesigner:class>
<celldesigner:name>Dihydrouracil</celldesigner:name>
</celldesigner:speciesIdentity>
</annotation>
</species>
<species compartment="default" id="s203" initialAmount="0.0" name="Thymidine">
<notes>
<html xmlns="http://www.w3.org/1999/xhtml">
<!--Notes by CellDesigner-->
<body>
Long Name:  Thymidine
Synonym:  Synonym not specified
Accession:  S04095
</body>
</html>
</notes>
<annotation>
<celldesigner:positionToCompartment>inside</celldesigner:positionToCompartment>
<celldesigner:speciesIdentity>
<celldesigner:class>SIMPLE_MOLECULE</celldesigner:class>
<celldesigner:name>Thymidine</celldesigner:name>
</celldesigner:speciesIdentity>
</annotation>
</species>
<species compartment="default" id="s204" initialAmount="0.0" name="Thymine">
<notes>
<html xmlns="http://www.w3.org/1999/xhtml">
<!--Notes by CellDesigner-->
<body>
Long Name:  Thymine
Synonym:  Synonym not specified
Accession:  S04081
</body>
</html>
</notes>
<annotation>
<celldesigner:positionToCompartment>inside</celldesigner:positionToCompartment>
<celldesigner:speciesIdentity>
<celldesigner:class>SIMPLE_MOLECULE</celldesigner:class>
<celldesigner:name>Thymine</celldesigner:name>
</celldesigner:speciesIdentity>
</annotation>
</species>
<species compartment="default" id="s205" initialAmount="0.0" name="Dihydrothymine">
<notes>
<html xmlns="http://www.w3.org/1999/xhtml">
<!--Notes by CellDesigner-->
<body>
Long Name:  Dihydrothymine
Synonym:  Synonym not specified
Accession:  S04070
</body>
</html>
</notes>
<annotation>
<celldesigner:positionToCompartment>inside</celldesigner:positionToCompartment>
<celldesigner:speciesIdentity>
<celldesigner:class>SIMPLE_MOLECULE</celldesigner:class>
<celldesigner:name>Dihydrothymine</celldesigner:name>
</celldesigner:speciesIdentity>
</annotation>
</species>
<species compartment="default" id="s207" initialAmount="0.0" name="_Beta_-Alanine">
<notes>
<html xmlns="http://www.w3.org/1999/xhtml">
<!--Notes by CellDesigner-->
<body>
Long Name:  Beta-Alanine
Synonym:  Synonym not specified
Accession:  S04087
</body>
</html>
</notes>
<annotation>
<celldesigner:positionToCompartment>inside</celldesigner:positionToCompartment>
<celldesigner:speciesIdentity>
<celldesigner:class>SIMPLE_MOLECULE</celldesigner:class>
<celldesigner:name>_Beta_-Alanine</celldesigner:name>
</celldesigner:speciesIdentity>
</annotation>
</species>
<species compartment="default" id="s208" initialAmount="0.0" name="_Beta_-Ureidopropionate">
<notes>
<html xmlns="http://www.w3.org/1999/xhtml">
<!--Notes by CellDesigner-->
<body>
Long Name:  Beta-Ureidopropionate
Synonym:  Synonym not specified
Accession:  S04088
</body>
</html>
</notes>
<annotation>
<celldesigner:positionToCompartment>inside</celldesigner:positionToCompartment>
<celldesigner:speciesIdentity>
<celldesigner:class>SIMPLE_MOLECULE</celldesigner:class>
<celldesigner:name>_Beta_-Ureidopropionate</celldesigner:name>
</celldesigner:speciesIdentity>
</annotation>
</species>
<species compartment="default" id="s209" initialAmount="0.0" name="_Beta_-Ureidoisobutyrate">
<notes>
<html xmlns="http://www.w3.org/1999/xhtml">
<!--Notes by CellDesigner-->
<body>
Long Name:  Beta-Ureidoisobutyrate
Synonym:  Synonym not specified
Accession:  S04084
</body>
</html>
</notes>
<annotation>
<celldesigner:positionToCompartment>inside</celldesigner:positionToCompartment>
<celldesigner:speciesIdentity>
<celldesigner:class>SIMPLE_MOLECULE</celldesigner:class>
<celldesigner:name>_Beta_-Ureidoisobutyrate</celldesigner:name>
</celldesigner:speciesIdentity>
</annotation>
</species>
<species compartment="default" id="s210" initialAmount="0.0" name="Methylmelonate_br_semialdehyde">
<notes>
<html xmlns="http://www.w3.org/1999/xhtml">
<!--Notes by CellDesigner-->
<body>
Long Name:  Methylmelonate semialdehyde
Synonym:  Synonym not specified
Accession:  S04076
</body>
</html>
</notes>
<annotation>
<celldesigner:positionToCompartment>inside</celldesigner:positionToCompartment>
<celldesigner:speciesIdentity>
<celldesigner:class>SIMPLE_MOLECULE</celldesigner:class>
<celldesigner:name>Methylmelonate_br_semialdehyde</celldesigner:name>
</celldesigner:speciesIdentity>
</annotation>
</species>
<species compartment="default" id="s211" initialAmount="0.0" name="Methylmelonyl-CoA">
<notes>
<html xmlns="http://www.w3.org/1999/xhtml">
<!--Notes by CellDesigner-->
<body>
Long Name:  Methylmelonyl-CoA
Synonym:  Synonym not specified
Accession:  S04082
</body>
</html>
</notes>
<annotation>
<celldesigner:positionToCompartment>inside</celldesigner:positionToCompartment>
<celldesigner:speciesIdentity>
<celldesigner:class>SIMPLE_MOLECULE</celldesigner:class>
<celldesigner:name>Methylmelonyl-CoA</celldesigner:name>
</celldesigner:speciesIdentity>
</annotation>
</species>
<species compartment="default" id="s212" initialAmount="0.0" name="Succinyl-CoA">
<notes>
<html xmlns="http://www.w3.org/1999/xhtml">
<!--Notes by CellDesigner-->
<body>
Long Name:  Succinyl-CoA
Synonym:  Synonym not specified
Accession:  S04069
</body>
</html>
</notes>
<annotation>
<celldesigner:positionToCompartment>inside</celldesigner:positionToCompartment>
<celldesigner:speciesIdentity>
<celldesigner:class>SIMPLE_MOLECULE</celldesigner:class>
<celldesigner:name>Succinyl-CoA</celldesigner:name>
</celldesigner:speciesIdentity>
</annotation>
</species>
<species compartment="default" id="s213" initialAmount="0.0" name="Ribose-1-Phosphate">
<notes>
<html xmlns="http://www.w3.org/1999/xhtml">
<!--Notes by CellDesigner-->
<body>
Long Name:  Ribose-1-Phosphate
Synonym:  Synonym not specified
Accession:  S04085
</body>
</html>
</notes>
<annotation>
<celldesigner:positionToCompartment>inside</celldesigner:positionToCompartment>
<celldesigner:speciesIdentity>
<celldesigner:class>SIMPLE_MOLECULE</celldesigner:class>
<celldesigner:name>Ribose-1-Phosphate</celldesigner:name>
</celldesigner:speciesIdentity>
</annotation>
</species>
<species compartment="default" id="s214" initialAmount="0.0" name="_Beta_-Aminoisobutyrate">
<notes>
<html xmlns="http://www.w3.org/1999/xhtml">
<!--Notes by CellDesigner-->
<body>
Long Name:  Beta-Aminoisobutyrate
Synonym:  Synonym not specified
Accession:  S04072
</body>
</html>
</notes>
<annotation>
<celldesigner:positionToCompartment>inside</celldesigner:positionToCompartment>
<celldesigner:speciesIdentity>
<celldesigner:class>SIMPLE_MOLECULE</celldesigner:class>
<celldesigner:name>_Beta_-Aminoisobutyrate</celldesigner:name>
</celldesigner:speciesIdentity>
</annotation>
</species>
<species compartment="default" id="s215" initialAmount="0.0" name="5_super_'_endsuper_-Nucleotidase">
<notes>
<html xmlns="http://www.w3.org/1999/xhtml">
<!--Notes by CellDesigner-->
<body>
Long Name:  5'-Nucleotidase
Synonym:  Synonym not specified
Accession:  P03131
</body>
</html>
</notes>
<annotation>
<celldesigner:positionToCompartment>inside</celldesigner:positionToCompartment>
<celldesigner:speciesIdentity>
<celldesigner:class>PROTEIN</celldesigner:class>
<celldesigner:proteinReference>p65</celldesigner:proteinReference>
</celldesigner:speciesIdentity>
<celldesigner:listOfCatalyzedReactions>
<celldesigner:catalyzed reaction="r87"/>
<celldesigner:catalyzed reaction="r90"/>
<celldesigner:catalyzed reaction="r92"/>
</celldesigner:listOfCatalyzedReactions>
</annotation>
</species>
<species compartment="default" id="s216" initialAmount="0.0" name="Cytidine Deaminase">
<notes>
<html xmlns="http://www.w3.org/1999/xhtml">
<!--Notes by CellDesigner-->
<body>
Long Name:  Cytidine Deaminase
Synonym:  Synonym not specified
Accession:  P03130
</body>
</html>
</notes>
<annotation>
<celldesigner:positionToCompartment>inside</celldesigner:positionToCompartment>
<celldesigner:speciesIdentity>
<celldesigner:class>PROTEIN</celldesigner:class>
<celldesigner:proteinReference>p66</celldesigner:proteinReference>
</celldesigner:speciesIdentity>
<celldesigner:listOfCatalyzedReactions>
<celldesigner:catalyzed reaction="r91"/>
</celldesigner:listOfCatalyzedReactions>
</annotation>
</species>
<species compartment="default" id="s217" initialAmount="0.0" name="Nucleoside_br_Phosphorylase">
<notes>
<html xmlns="http://www.w3.org/1999/xhtml">
<!--Notes by CellDesigner-->
<body>
Long Name:  Nucleoside Phosphorylase
Synonym:  Synonym not specified
Accession:  P03126
</body>
</html>
</notes>
<annotation>
<celldesigner:positionToCompartment>inside</celldesigner:positionToCompartment>
<celldesigner:speciesIdentity>
<celldesigner:class>PROTEIN</celldesigner:class>
<celldesigner:proteinReference>p67</celldesigner:proteinReference>
</celldesigner:speciesIdentity>
<celldesigner:listOfCatalyzedReactions>
<celldesigner:catalyzed reaction="r88"/>
<celldesigner:catalyzed reaction="r93"/>
</celldesigner:listOfCatalyzedReactions>
</annotation>
</species>
<species compartment="default" id="s219" initialAmount="0.0" name="NAD_super_+">
<notes>
<html xmlns="http://www.w3.org/1999/xhtml">
<!--Notes by CellDesigner-->
<body>
Long Name:  NAD+
Synonym:  Synonym not specified
Accession:  S04071
</body>
</html>
</notes>
<annotation>
<celldesigner:positionToCompartment>inside</celldesigner:positionToCompartment>
<celldesigner:speciesIdentity>
<celldesigner:class>SIMPLE_MOLECULE</celldesigner:class>
<celldesigner:name>NAD_super_+</celldesigner:name>
</celldesigner:speciesIdentity>
</annotation>
</species>
<species compartment="default" id="s220" initialAmount="0.0" name="NADH + H_super_+">
<notes>
<html xmlns="http://www.w3.org/1999/xhtml">
<!--Notes by CellDesigner-->
<body>
Long Name:  NADH + H+
Synonym:  Synonym not specified
Accession:  S04089
</body>
</html>
</notes>
<annotation>
<celldesigner:positionToCompartment>inside</celldesigner:positionToCompartment>
<celldesigner:speciesIdentity>
<celldesigner:class>SIMPLE_MOLECULE</celldesigner:class>
<celldesigner:name>NADH + H_super_+</celldesigner:name>
</celldesigner:speciesIdentity>
</annotation>
</species>
<species compartment="default" id="s221" initialAmount="0.0" name="Dihydrouracil_br_Dehydrogenase">
<notes>
<html xmlns="http://www.w3.org/1999/xhtml">
<!--Notes by CellDesigner-->
<body>
Long Name:  Dihydrouracil Dehydrogenase
Synonym:  Synonym not specified
Accession:  P03128
</body>
</html>
</notes>
<annotation>
<celldesigner:positionToCompartment>inside</celldesigner:positionToCompartment>
<celldesigner:speciesIdentity>
<celldesigner:class>PROTEIN</celldesigner:class>
<celldesigner:proteinReference>p68</celldesigner:proteinReference>
</celldesigner:speciesIdentity>
<celldesigner:listOfCatalyzedReactions>
<celldesigner:catalyzed reaction="r89"/>
<celldesigner:catalyzed reaction="r94"/>
</celldesigner:listOfCatalyzedReactions>
</annotation>
</species>
<species compartment="default" id="s223" initialAmount="0.0" name="NH_sub_4_endsub_ _super_+_endsuper_ + CO_sub_2_endsub">
<notes>
<html xmlns="http://www.w3.org/1999/xhtml">
<!--Notes by CellDesigner-->
<body>
Long Name:  NH4 + + CO2
Synonym:  Synonym not specified
Accession:  S04092
</body>
</html>
</notes>
<annotation>
<celldesigner:positionToCompartment>inside</celldesigner:positionToCompartment>
<celldesigner:speciesIdentity>
<celldesigner:class>SIMPLE_MOLECULE</celldesigner:class>
<celldesigner:name>NH_sub_4_endsub_ _super_+_endsuper_ + CO_sub_2_endsub</celldesigner:name>
</celldesigner:speciesIdentity>
</annotation>
</species>
<species compartment="default" id="s224" initialAmount="0.0" name="Dihydropyrimidinase">
<notes>
<html xmlns="http://www.w3.org/1999/xhtml">
<!--Notes by CellDesigner-->
<body>
Long Name:  Dihydropyrimidinase
Synonym:  Synonym not specified
Accession:  P03125
</body>
</html>
</notes>
<annotation>
<celldesigner:positionToCompartment>inside</celldesigner:positionToCompartment>
<celldesigner:speciesIdentity>
<celldesigner:class>PROTEIN</celldesigner:class>
<celldesigner:proteinReference>p69</celldesigner:proteinReference>
</celldesigner:speciesIdentity>
<celldesigner:listOfCatalyzedReactions>
<celldesigner:catalyzed reaction="r95"/>
<celldesigner:catalyzed reaction="r100"/>
</celldesigner:listOfCatalyzedReactions>
</annotation>
</species>
<species compartment="default" id="s226" initialAmount="0.0" name="_Beta_-Ureidopropionase">
<notes>
<html xmlns="http://www.w3.org/1999/xhtml">
<!--Notes by CellDesigner-->
<body>
Long Name:  Beta-Ureidopropionase
Synonym:  Synonym not specified
Accession:  P03127
</body>
</html>
</notes>
<annotation>
<celldesigner:positionToCompartment>inside</celldesigner:positionToCompartment>
<celldesigner:speciesIdentity>
<celldesigner:class>PROTEIN</celldesigner:class>
<celldesigner:proteinReference>p71</celldesigner:proteinReference>
</celldesigner:speciesIdentity>
<celldesigner:listOfCatalyzedReactions>
<celldesigner:catalyzed reaction="r96"/>
<celldesigner:catalyzed reaction="r101"/>
</celldesigner:listOfCatalyzedReactions>
</annotation>
</species>
<species compartment="default" id="s227" initialAmount="0.0" name="2-Deoxyribose-1-Phosphate">
<notes>
<html xmlns="http://www.w3.org/1999/xhtml">
<!--Notes by CellDesigner-->
<body>
Long Name:  2-Deoxyribose-1-Phosphate
Synonym:  Synonym not specified
Accession:  S04079
</body>
</html>
</notes>
<annotation>
<celldesigner:positionToCompartment>inside</celldesigner:positionToCompartment>
<celldesigner:speciesIdentity>
<celldesigner:class>SIMPLE_MOLECULE</celldesigner:class>
<celldesigner:name>2-Deoxyribose-1-Phosphate</celldesigner:name>
</celldesigner:speciesIdentity>
</annotation>
</species>
<species compartment="default" id="s228" initialAmount="0.0" name="2-Oxoglutarate">
<notes>
<html xmlns="http://www.w3.org/1999/xhtml">
<!--Notes by CellDesigner-->
<body>
Long Name:  2-Oxoglutarate
Synonym:  Synonym not specified
Accession:  S04073
</body>
</html>
</notes>
<annotation>
<celldesigner:positionToCompartment>inside</celldesigner:positionToCompartment>
<celldesigner:speciesIdentity>
<celldesigner:class>SIMPLE_MOLECULE</celldesigner:class>
<celldesigner:name>2-Oxoglutarate</celldesigner:name>
</celldesigner:speciesIdentity>
</annotation>
</species>
<species compartment="default" id="s229" initialAmount="0.0" name="Glutamate">
<notes>
<html xmlns="http://www.w3.org/1999/xhtml">
<!--Notes by CellDesigner-->
<body>
Long Name:  Glutamate
Synonym:  Synonym not specified
Accession:  S04075
</body>
</html>
</notes>
<annotation>
<celldesigner:positionToCompartment>inside</celldesigner:positionToCompartment>
<celldesigner:speciesIdentity>
<celldesigner:class>SIMPLE_MOLECULE</celldesigner:class>
<celldesigner:name>Glutamate</celldesigner:name>
</celldesigner:speciesIdentity>
</annotation>
</species>
<species compartment="default" id="s230" initialAmount="0.0" name="Aminotransferase">
<notes>
<html xmlns="http://www.w3.org/1999/xhtml">
<!--Notes by CellDesigner-->
<body>
Long Name:  Aminotransferase
Synonym:  Synonym not specified
Accession:  P03129
</body>
</html>
</notes>
<annotation>
<celldesigner:positionToCompartment>inside</celldesigner:positionToCompartment>
<celldesigner:speciesIdentity>
<celldesigner:class>PROTEIN</celldesigner:class>
<celldesigner:proteinReference>p72</celldesigner:proteinReference>
</celldesigner:speciesIdentity>
<celldesigner:listOfCatalyzedReactions>
<celldesigner:catalyzed reaction="r97"/>
</celldesigner:listOfCatalyzedReactions>
</annotation>
</species>
<species compartment="default" id="s231" initialAmount="0.0" name="CoA-SH + NAD_super_+">
<notes>
<html xmlns="http://www.w3.org/1999/xhtml">
<!--Notes by CellDesigner-->
<body>
Long Name:  CoA-SH + NAD+
Synonym:  Synonym not specified
Accession:  S04077
</body>
</html>
</notes>
<annotation>
<celldesigner:positionToCompartment>inside</celldesigner:positionToCompartment>
<celldesigner:speciesIdentity>
<celldesigner:class>SIMPLE_MOLECULE</celldesigner:class>
<celldesigner:name>CoA-SH + NAD_super_+</celldesigner:name>
</celldesigner:speciesIdentity>
</annotation>
</species>
<species compartment="default" id="s232" initialAmount="0.0" name="Methylmalonate_br_Semialdehyde_br_Dehydrogenase">
<notes>
<html xmlns="http://www.w3.org/1999/xhtml">
<!--Notes by CellDesigner-->
<body>
Long Name:  Methylmalonate Semialdehyde Dehydrogenase
Synonym:  Synonym not specified
Accession:  P03124
</body>
</html>
</notes>
<annotation>
<celldesigner:positionToCompartment>inside</celldesigner:positionToCompartment>
<celldesigner:speciesIdentity>
<celldesigner:class>PROTEIN</celldesigner:class>
<celldesigner:proteinReference>p73</celldesigner:proteinReference>
</celldesigner:speciesIdentity>
<celldesigner:listOfCatalyzedReactions>
<celldesigner:catalyzed reaction="r98"/>
</celldesigner:listOfCatalyzedReactions>
</annotation>
</species>
</listOfSpecies>
<listOfReactions>
<reaction id="r87" reversible="false">
<annotation>
<celldesigner:reactionType>STATE_TRANSITION</celldesigner:reactionType>
<celldesigner:baseReactants>s3</celldesigner:baseReactants>
<celldesigner:baseProducts>s197</celldesigner:baseProducts>
<celldesigner:listOfReactantLinks>
<celldesigner:reactantLink alias="a209" reactant="s180" targetLineIndex="-1,1"/>
</celldesigner:listOfReactantLinks>
<celldesigner:listOfProductLinks>
<celldesigner:productLink alias="a210" product="s183" targetLineIndex="-1,1"/>
</celldesigner:listOfProductLinks>
<celldesigner:editPoints>0.3333333333333332,0.0 0.6666666666666665,0.0</celldesigner:editPoints>
<celldesigner:listOfModification>
<celldesigner:modification aliases="a211" editPoints="0.33333333333333304,0.0 0.6666666666666667,2.220446049250313E-16" modifiers="s215" targetLineIndex="-1,0" type="CATALYSIS"/>
</celldesigner:listOfModification>
</annotation>
<listOfReactants>
<speciesReference species="s3">
<annotation>
<celldesigner:alias>a3</celldesigner:alias>
</annotation>
</speciesReference>
<speciesReference species="s180">
<annotation>
<celldesigner:alias>a209</celldesigner:alias>
</annotation>
</speciesReference>
</listOfReactants>
<listOfProducts>
<speciesReference species="s197">
<annotation>
<celldesigner:alias>a194</celldesigner:alias>
</annotation>
</speciesReference>
<speciesReference species="s183">
<annotation>
<celldesigner:alias>a210</celldesigner:alias>
</annotation>
</speciesReference>
</listOfProducts>
<listOfModifiers>
<modifierSpeciesReference species="s215">
<annotation>
<celldesigner:alias>a211</celldesigner:alias>
</annotation>
</modifierSpeciesReference>
</listOfModifiers>
</reaction>
<reaction id="r88" reversible="false">
<annotation>
<celldesigner:reactionType>STATE_TRANSITION</celldesigner:reactionType>
<celldesigner:baseReactants>s197</celldesigner:baseReactants>
<celldesigner:baseProducts>s198</celldesigner:baseProducts>
<celldesigner:listOfReactantLinks>
<celldesigner:reactantLink alias="a212" reactant="s183" targetLineIndex="-1,1"/>
</celldesigner:listOfReactantLinks>
<celldesigner:listOfProductLinks>
<celldesigner:productLink alias="a208" product="s213" targetLineIndex="-1,-1"/>
</celldesigner:listOfProductLinks>
<celldesigner:editPoints>0.33333333333333326,0.0 0.6666666666666665,0.0</celldesigner:editPoints>
<celldesigner:listOfModification>
<celldesigner:modification aliases="a216" editPoints="0.33333333333333326,-4.440892098500626E-16 0.666666666666667,-4.440892098500626E-16" modifiers="s217" targetLineIndex="-1,1" type="CATALYSIS"/>
</celldesigner:listOfModification>
</annotation>
<listOfReactants>
<speciesReference species="s197">
<annotation>
<celldesigner:alias>a194</celldesigner:alias>
</annotation>
</speciesReference>
<speciesReference species="s183">
<annotation>
<celldesigner:alias>a212</celldesigner:alias>
</annotation>
</speciesReference>
</listOfReactants>
<listOfProducts>
<speciesReference species="s198">
<annotation>
<celldesigner:alias>a195</celldesigner:alias>
</annotation>
</speciesReference>
<speciesReference species="s213">
<annotation>
<celldesigner:alias>a208</celldesigner:alias>
</annotation>
</speciesReference>
</listOfProducts>
<listOfModifiers>
<modifierSpeciesReference species="s217">
<annotation>
<celldesigner:alias>a216</celldesigner:alias>
</annotation>
</modifierSpeciesReference>
</listOfModifiers>
</reaction>
<reaction id="r89" reversible="false">
<annotation>
<celldesigner:reactionType>STATE_TRANSITION</celldesigner:reactionType>
<celldesigner:baseReactants>s198</celldesigner:baseReactants>
<celldesigner:baseProducts>s199</celldesigner:baseProducts>
<celldesigner:listOfReactantLinks>
<celldesigner:reactantLink alias="a221" reactant="s220" targetLineIndex="-1,1"/>
</celldesigner:listOfReactantLinks>
<celldesigner:listOfProductLinks>
<celldesigner:productLink alias="a220" product="s219" targetLineIndex="-1,1"/>
</celldesigner:listOfProductLinks>
<celldesigner:offset x="-2.0" y="0.0"/>
<celldesigner:editPoints>0.33333333333333304,1.1102230246251565E-16 0.6666666666666665,0.0</celldesigner:editPoints>
<celldesigner:listOfModification>
<celldesigner:modification aliases="a223" editPoints="0.3333333333333335,0.0 0.6666666666666665,0.0" modifiers="s221" targetLineIndex="-1,1" type="CATALYSIS"/>
</celldesigner:listOfModification>
</annotation>
<listOfReactants>
<speciesReference species="s198">
<annotation>
<celldesigner:alias>a195</celldesigner:alias>
</annotation>
</speciesReference>
<speciesReference species="s220">
<annotation>
<celldesigner:alias>a221</celldesigner:alias>
</annotation>
</speciesReference>
</listOfReactants>
<listOfProducts>
<speciesReference species="s199">
<annotation>
<celldesigner:alias>a196</celldesigner:alias>
</annotation>
</speciesReference>
<speciesReference species="s219">
<annotation>
<celldesigner:alias>a220</celldesigner:alias>
</annotation>
</speciesReference>
</listOfProducts>
<listOfModifiers>
<modifierSpeciesReference species="s221">
<annotation>
<celldesigner:alias>a223</celldesigner:alias>
</annotation>
</modifierSpeciesReference>
</listOfModifiers>
</reaction>
<reaction id="r90" reversible="false">
<annotation>
<celldesigner:reactionType>STATE_TRANSITION</celldesigner:reactionType>
<celldesigner:baseReactants>s194</celldesigner:baseReactants>
<celldesigner:baseProducts>s196</celldesigner:baseProducts>
<celldesigner:listOfReactantLinks>
<celldesigner:reactantLink alias="a217" reactant="s180" targetLineIndex="-1,1"/>
</celldesigner:listOfReactantLinks>
<celldesigner:listOfProductLinks>
<celldesigner:productLink alias="a218" product="s183" targetLineIndex="-1,1"/>
</celldesigner:listOfProductLinks>
<celldesigner:editPoints>0.3333333333333333,-2.220446049250313E-16 0.6666666666666665,-6.661338147750939E-16</celldesigner:editPoints>
<celldesigner:listOfModification>
<celldesigner:modification aliases="a219" editPoints="0.33333333333333304,-1.1102230246251565E-16 0.666666666666667,-3.3306690738754696E-16" modifiers="s215" targetLineIndex="-1,0" type="CATALYSIS"/>
</celldesigner:listOfModification>
</annotation>
<listOfReactants>
<speciesReference species="s194">
<annotation>
<celldesigner:alias>a193</celldesigner:alias>
</annotation>
</speciesReference>
<speciesReference species="s180">
<annotation>
<celldesigner:alias>a217</celldesigner:alias>
</annotation>
</speciesReference>
</listOfReactants>
<listOfProducts>
<speciesReference species="s196">
<annotation>
<celldesigner:alias>a199</celldesigner:alias>
</annotation>
</speciesReference>
<speciesReference species="s183">
<annotation>
<celldesigner:alias>a218</celldesigner:alias>
</annotation>
</speciesReference>
</listOfProducts>
<listOfModifiers>
<modifierSpeciesReference species="s215">
<annotation>
<celldesigner:alias>a219</celldesigner:alias>
</annotation>
</modifierSpeciesReference>
</listOfModifiers>
</reaction>
<reaction id="r91" reversible="false">
<annotation>
<celldesigner:reactionType>STATE_TRANSITION</celldesigner:reactionType>
<celldesigner:baseReactants>s196</celldesigner:baseReactants>
<celldesigner:baseProducts>s197</celldesigner:baseProducts>
<celldesigner:listOfReactantLinks>
<celldesigner:reactantLink alias="a213" reactant="s180" targetLineIndex="-1,1"/>
</celldesigner:listOfReactantLinks>
<celldesigner:listOfProductLinks>
<celldesigner:productLink alias="a214" product="s179" targetLineIndex="-1,1"/>
</celldesigner:listOfProductLinks>
<celldesigner:editPoints>0.3333333333333335,-5.551115123125783E-16 0.6666666666666667,-1.3322676295501878E-15</celldesigner:editPoints>
<celldesigner:listOfModification>
<celldesigner:modification aliases="a215" editPoints="0.33333333333333304,8.881784197001252E-16 0.6666666666666665,0.0" modifiers="s216" targetLineIndex="-1,1" type="CATALYSIS"/>
</celldesigner:listOfModification>
</annotation>
<listOfReactants>
<speciesReference species="s196">
<annotation>
<celldesigner:alias>a199</celldesigner:alias>
</annotation>
</speciesReference>
<speciesReference species="s180">
<annotation>
<celldesigner:alias>a213</celldesigner:alias>
</annotation>
</speciesReference>
</listOfReactants>
<listOfProducts>
<speciesReference species="s197">
<annotation>
<celldesigner:alias>a194</celldesigner:alias>
</annotation>
</speciesReference>
<speciesReference species="s179">
<annotation>
<celldesigner:alias>a214</celldesigner:alias>
</annotation>
</speciesReference>
</listOfProducts>
<listOfModifiers>
<modifierSpeciesReference species="s216">
<annotation>
<celldesigner:alias>a215</celldesigner:alias>
</annotation>
</modifierSpeciesReference>
</listOfModifiers>
</reaction>
<reaction id="r92" reversible="false">
<annotation>
<celldesigner:reactionType>STATE_TRANSITION</celldesigner:reactionType>
<celldesigner:baseReactants>s195</celldesigner:baseReactants>
<celldesigner:baseProducts>s203</celldesigner:baseProducts>
<celldesigner:listOfReactantLinks>
<celldesigner:reactantLink alias="a230" reactant="s180" targetLineIndex="-1,1"/>
</celldesigner:listOfReactantLinks>
<celldesigner:listOfProductLinks>
<celldesigner:productLink alias="a231" product="s183" targetLineIndex="-1,1"/>
</celldesigner:listOfProductLinks>
<celldesigner:editPoints>0.33333333333333304,0.0 0.6666666666666665,0.0</celldesigner:editPoints>
<celldesigner:listOfModification>
<celldesigner:modification aliases="a232" editPoints="0.3333333333333339,0.0 0.6666666666666661,0.0" modifiers="s215" targetLineIndex="-1,0" type="CATALYSIS"/>
</celldesigner:listOfModification>
</annotation>
<listOfReactants>
<speciesReference species="s195">
<annotation>
<celldesigner:alias>a192</celldesigner:alias>
</annotation>
</speciesReference>
<speciesReference species="s180">
<annotation>
<celldesigner:alias>a230</celldesigner:alias>
</annotation>
</speciesReference>
</listOfReactants>
<listOfProducts>
<speciesReference species="s203">
<annotation>
<celldesigner:alias>a200</celldesigner:alias>
</annotation>
</speciesReference>
<speciesReference species="s183">
<annotation>
<celldesigner:alias>a231</celldesigner:alias>
</annotation>
</speciesReference>
</listOfProducts>
<listOfModifiers>
<modifierSpeciesReference species="s215">
<annotation>
<celldesigner:alias>a232</celldesigner:alias>
</annotation>
</modifierSpeciesReference>
</listOfModifiers>
</reaction>
<reaction id="r93" reversible="false">
<annotation>
<celldesigner:reactionType>STATE_TRANSITION</celldesigner:reactionType>
<celldesigner:baseReactants>s203</celldesigner:baseReactants>
<celldesigner:baseProducts>s204</celldesigner:baseProducts>
<celldesigner:listOfReactantLinks>
<celldesigner:reactantLink alias="a238" reactant="s183" targetLineIndex="-1,1"/>
</celldesigner:listOfReactantLinks>
<celldesigner:listOfProductLinks>
<celldesigner:productLink alias="a239" product="s227" targetLineIndex="-1,1"/>
</celldesigner:listOfProductLinks>
<celldesigner:editPoints>0.33333333333333304,0.0 0.6666666666666665,-4.440892098500626E-16</celldesigner:editPoints>
<celldesigner:listOfModification>
<celldesigner:modification aliases="a235" editPoints="0.3333333333333339,-8.881784197001252E-16 0.6666666666666679,-4.440892098500626E-16" modifiers="s217" targetLineIndex="-1,1" type="CATALYSIS"/>
</celldesigner:listOfModification>
</annotation>
<listOfReactants>
<speciesReference species="s203">
<annotation>
<celldesigner:alias>a200</celldesigner:alias>
</annotation>
</speciesReference>
<speciesReference species="s183">
<annotation>
<celldesigner:alias>a238</celldesigner:alias>
</annotation>
</speciesReference>
</listOfReactants>
<listOfProducts>
<speciesReference species="s204">
<annotation>
<celldesigner:alias>a201</celldesigner:alias>
</annotation>
</speciesReference>
<speciesReference species="s227">
<annotation>
<celldesigner:alias>a239</celldesigner:alias>
</annotation>
</speciesReference>
</listOfProducts>
<listOfModifiers>
<modifierSpeciesReference species="s217">
<annotation>
<celldesigner:alias>a235</celldesigner:alias>
</annotation>
</modifierSpeciesReference>
</listOfModifiers>
</reaction>
<reaction id="r94" reversible="false">
<annotation>
<celldesigner:reactionType>STATE_TRANSITION</celldesigner:reactionType>
<celldesigner:baseReactants>s204</celldesigner:baseReactants>
<celldesigner:baseProducts>s205</celldesigner:baseProducts>
<celldesigner:listOfReactantLinks>
<celldesigner:reactantLink alias="a237" reactant="s220" targetLineIndex="-1,1"/>
</celldesigner:listOfReactantLinks>
<celldesigner:listOfProductLinks>
<celldesigner:productLink alias="a236" product="s219" targetLineIndex="-1,1"/>
</celldesigner:listOfProductLinks>
<celldesigner:editPoints>0.3333333333333326,0.0 0.666666666666667,0.0</celldesigner:editPoints>
<celldesigner:listOfModification>
<celldesigner:modification aliases="a240" editPoints="0.3333333333333339,-8.881784197001252E-16 0.666666666666667,-4.440892098500626E-16" modifiers="s221" targetLineIndex="-1,1" type="CATALYSIS"/>
</celldesigner:listOfModification>
</annotation>
<listOfReactants>
<speciesReference species="s204">
<annotation>
<celldesigner:alias>a201</celldesigner:alias>
</annotation>
</speciesReference>
<speciesReference species="s220">
<annotation>
<celldesigner:alias>a237</celldesigner:alias>
</annotation>
</speciesReference>
</listOfReactants>
<listOfProducts>
<speciesReference species="s205">
<annotation>
<celldesigner:alias>a202</celldesigner:alias>
</annotation>
</speciesReference>
<speciesReference species="s219">
<annotation>
<celldesigner:alias>a236</celldesigner:alias>
</annotation>
</speciesReference>
</listOfProducts>
<listOfModifiers>
<modifierSpeciesReference species="s221">
<annotation>
<celldesigner:alias>a240</celldesigner:alias>
</annotation>
</modifierSpeciesReference>
</listOfModifiers>
</reaction>
<reaction id="r95" reversible="false">
<annotation>
<celldesigner:reactionType>STATE_TRANSITION</celldesigner:reactionType>
<celldesigner:baseReactants>s205</celldesigner:baseReactants>
<celldesigner:baseProducts>s209</celldesigner:baseProducts>
<celldesigner:listOfReactantLinks>
<celldesigner:reactantLink alias="a241" reactant="s180" targetLineIndex="-1,1"/>
</celldesigner:listOfReactantLinks>
<celldesigner:editPoints>0.3333333333333335,-2.220446049250313E-16 0.6666666666666665,-2.220446049250313E-16</celldesigner:editPoints>
<celldesigner:listOfModification>
<celldesigner:modification aliases="a242" editPoints="0.33333333333333304,0.0 0.666666666666667,0.0" modifiers="s224" targetLineIndex="-1,1" type="CATALYSIS"/>
</celldesigner:listOfModification>
</annotation>
<listOfReactants>
<speciesReference species="s205">
<annotation>
<celldesigner:alias>a202</celldesigner:alias>
</annotation>
</speciesReference>
<speciesReference species="s180">
<annotation>
<celldesigner:alias>a241</celldesigner:alias>
</annotation>
</speciesReference>
</listOfReactants>
<listOfProducts>
<speciesReference species="s209">
<annotation>
<celldesigner:alias>a203</celldesigner:alias>
</annotation>
</speciesReference>
</listOfProducts>
<listOfModifiers>
<modifierSpeciesReference species="s224">
<annotation>
<celldesigner:alias>a242</celldesigner:alias>
</annotation>
</modifierSpeciesReference>
</listOfModifiers>
</reaction>
<reaction id="r96" reversible="false">
<annotation>
<celldesigner:reactionType>STATE_TRANSITION</celldesigner:reactionType>
<celldesigner:baseReactants>s209</celldesigner:baseReactants>
<celldesigner:baseProducts>s214</celldesigner:baseProducts>
<celldesigner:listOfReactantLinks>
<celldesigner:reactantLink alias="a243" reactant="s180" targetLineIndex="-1,1"/>
</celldesigner:listOfReactantLinks>
<celldesigner:listOfProductLinks>
<celldesigner:productLink alias="a244" product="s223" targetLineIndex="-1,1"/>
</celldesigner:listOfProductLinks>
<celldesigner:editPoints>0.33333333333333304,0.0 0.6666666666666665,0.0</celldesigner:editPoints>
<celldesigner:listOfModification>
<celldesigner:modification aliases="a246" editPoints="0.33333333333333304,-3.552713678800501E-15 0.6666666666666661,0.0" modifiers="s226" targetLineIndex="-1,2" type="CATALYSIS"/>
</celldesigner:listOfModification>
</annotation>
<listOfReactants>
<speciesReference species="s209">
<annotation>
<celldesigner:alias>a203</celldesigner:alias>
</annotation>
</speciesReference>
<speciesReference species="s180">
<annotation>
<celldesigner:alias>a243</celldesigner:alias>
</annotation>
</speciesReference>
</listOfReactants>
<listOfProducts>
<speciesReference species="s214">
<annotation>
<celldesigner:alias>a204</celldesigner:alias>
</annotation>
</speciesReference>
<speciesReference species="s223">
<annotation>
<celldesigner:alias>a244</celldesigner:alias>
</annotation>
</speciesReference>
</listOfProducts>
<listOfModifiers>
<modifierSpeciesReference species="s226">
<annotation>
<celldesigner:alias>a246</celldesigner:alias>
</annotation>
</modifierSpeciesReference>
</listOfModifiers>
</reaction>
<reaction id="r97" reversible="false">
<annotation>
<celldesigner:reactionType>STATE_TRANSITION</celldesigner:reactionType>
<celldesigner:baseReactants>s214</celldesigner:baseReactants>
<celldesigner:baseProducts>s210</celldesigner:baseProducts>
<celldesigner:listOfReactantLinks>
<celldesigner:reactantLink alias="a247" reactant="s228" targetLineIndex="-1,1"/>
</celldesigner:listOfReactantLinks>
<celldesigner:listOfProductLinks>
<celldesigner:productLink alias="a248" product="s229" targetLineIndex="-1,1"/>
</celldesigner:listOfProductLinks>
<celldesigner:editPoints>0.33333333333333304,6.661338147750939E-16 0.6666666666666665,1.3322676295501878E-15</celldesigner:editPoints>
<celldesigner:listOfModification>
<celldesigner:modification aliases="a249" editPoints="0.3333333333333333,0.0 0.6666666666666663,0.0" modifiers="s230" targetLineIndex="-1,1" type="CATALYSIS"/>
</celldesigner:listOfModification>
</annotation>
<listOfReactants>
<speciesReference species="s214">
<annotation>
<celldesigner:alias>a204</celldesigner:alias>
</annotation>
</speciesReference>
<speciesReference species="s228">
<annotation>
<celldesigner:alias>a247</celldesigner:alias>
</annotation>
</speciesReference>
</listOfReactants>
<listOfProducts>
<speciesReference species="s210">
<annotation>
<celldesigner:alias>a205</celldesigner:alias>
</annotation>
</speciesReference>
<speciesReference species="s229">
<annotation>
<celldesigner:alias>a248</celldesigner:alias>
</annotation>
</speciesReference>
</listOfProducts>
<listOfModifiers>
<modifierSpeciesReference species="s230">
<annotation>
<celldesigner:alias>a249</celldesigner:alias>
</annotation>
</modifierSpeciesReference>
</listOfModifiers>
</reaction>
<reaction id="r98" reversible="false">
<annotation>
<celldesigner:reactionType>STATE_TRANSITION</celldesigner:reactionType>
<celldesigner:baseReactants>s210</celldesigner:baseReactants>
<celldesigner:baseProducts>s211</celldesigner:baseProducts>
<celldesigner:listOfReactantLinks>
<celldesigner:reactantLink alias="a250" reactant="s231" targetLineIndex="-1,1"/>
</celldesigner:listOfReactantLinks>
<celldesigner:listOfProductLinks>
<celldesigner:productLink alias="a251" product="s220" targetLineIndex="-1,1"/>
</celldesigner:listOfProductLinks>
<celldesigner:editPoints>0.3333333333333339,6.661338147750939E-16 0.6666666666666661,1.1102230246251565E-15</celldesigner:editPoints>
<celldesigner:listOfModification>
<celldesigner:modification aliases="a252" editPoints="0.3333333333333339,0.0 0.6666666666666679,0.0" modifiers="s232" targetLineIndex="-1,0" type="CATALYSIS"/>
</celldesigner:listOfModification>
</annotation>
<listOfReactants>
<speciesReference species="s210">
<annotation>
<celldesigner:alias>a205</celldesigner:alias>
</annotation>
</speciesReference>
<speciesReference species="s231">
<annotation>
<celldesigner:alias>a250</celldesigner:alias>
</annotation>
</speciesReference>
</listOfReactants>
<listOfProducts>
<speciesReference species="s211">
<annotation>
<celldesigner:alias>a206</celldesigner:alias>
</annotation>
</speciesReference>
<speciesReference species="s220">
<annotation>
<celldesigner:alias>a251</celldesigner:alias>
</annotation>
</speciesReference>
</listOfProducts>
<listOfModifiers>
<modifierSpeciesReference species="s232">
<annotation>
<celldesigner:alias>a252</celldesigner:alias>
</annotation>
</modifierSpeciesReference>
</listOfModifiers>
</reaction>
<reaction id="r100" reversible="false">
<annotation>
<celldesigner:reactionType>STATE_TRANSITION</celldesigner:reactionType>
<celldesigner:baseReactants>s199</celldesigner:baseReactants>
<celldesigner:baseProducts>s208</celldesigner:baseProducts>
<celldesigner:listOfReactantLinks>
<celldesigner:reactantLink alias="a224" reactant="s180" targetLineIndex="-1,1"/>
</celldesigner:listOfReactantLinks>
<celldesigner:editPoints>0.33333333333333337,0.0 0.6666666666666669,-2.220446049250313E-16</celldesigner:editPoints>
<celldesigner:listOfModification>
<celldesigner:modification aliases="a227" editPoints="0.3333333333333339,-1.6930901125533637E-15 0.6666666666666679,-8.049116928532385E-16" modifiers="s224" targetLineIndex="-1,2" type="CATALYSIS"/>
</celldesigner:listOfModification>
</annotation>
<listOfReactants>
<speciesReference species="s199">
<annotation>
<celldesigner:alias>a196</celldesigner:alias>
</annotation>
</speciesReference>
<speciesReference species="s180">
<annotation>
<celldesigner:alias>a224</celldesigner:alias>
</annotation>
</speciesReference>
</listOfReactants>
<listOfProducts>
<speciesReference species="s208">
<annotation>
<celldesigner:alias>a197</celldesigner:alias>
</annotation>
</speciesReference>
</listOfProducts>
<listOfModifiers>
<modifierSpeciesReference species="s224">
<annotation>
<celldesigner:alias>a227</celldesigner:alias>
</annotation>
</modifierSpeciesReference>
</listOfModifiers>
</reaction>
<reaction id="r101" reversible="false">
<annotation>
<celldesigner:reactionType>STATE_TRANSITION</celldesigner:reactionType>
<celldesigner:baseReactants>s208</celldesigner:baseReactants>
<celldesigner:baseProducts>s207</celldesigner:baseProducts>
<celldesigner:listOfReactantLinks>
<celldesigner:reactantLink alias="a225" reactant="s180" targetLineIndex="-1,1"/>
</celldesigner:listOfReactantLinks>
<celldesigner:listOfProductLinks>
<celldesigner:productLink alias="a226" product="s223" targetLineIndex="-1,1"/>
</celldesigner:listOfProductLinks>
<celldesigner:editPoints>0.33333333333333326,-2.220446049250313E-16 0.666666666666667,-6.661338147750939E-16</celldesigner:editPoints>
<celldesigner:listOfModification>
<celldesigner:modification aliases="a229" editPoints="0.3333333333333339,-8.881784197001252E-16 0.666666666666667,-8.881784197001252E-16" modifiers="s226" targetLineIndex="-1,2" type="CATALYSIS"/>
</celldesigner:listOfModification>
</annotation>
<listOfReactants>
<speciesReference species="s208">
<annotation>
<celldesigner:alias>a197</celldesigner:alias>
</annotation>
</speciesReference>
<speciesReference species="s180">
<annotation>
<celldesigner:alias>a225</celldesigner:alias>
</annotation>
</speciesReference>
</listOfReactants>
<listOfProducts>
<speciesReference species="s207">
<annotation>
<celldesigner:alias>a198</celldesigner:alias>
</annotation>
</speciesReference>
<speciesReference species="s223">
<annotation>
<celldesigner:alias>a226</celldesigner:alias>
</annotation>
</speciesReference>
</listOfProducts>
<listOfModifiers>
<modifierSpeciesReference species="s226">
<annotation>
<celldesigner:alias>a229</celldesigner:alias>
</annotation>
</modifierSpeciesReference>
</listOfModifiers>
</reaction>
<reaction id="r102" reversible="false">
<annotation>
<celldesigner:reactionType>KNOWN_TRANSITION_OMITTED</celldesigner:reactionType>
<celldesigner:baseReactants>s211</celldesigner:baseReactants>
<celldesigner:baseProducts>s212</celldesigner:baseProducts>
<celldesigner:editPoints>0.3333333333333335,-8.881784197001252E-16 0.6666666666666665,0.0</celldesigner:editPoints>
</annotation>
<listOfReactants>
<speciesReference species="s211">
<annotation>
<celldesigner:alias>a206</celldesigner:alias>
</annotation>
</speciesReference>
</listOfReactants>
<listOfProducts>
<speciesReference species="s212">
<annotation>
<celldesigner:alias>a207</celldesigner:alias>
</annotation>
</speciesReference>
</listOfProducts>
</reaction>
</listOfReactions>
</model>
</sbml>
