<?xml version="1.0" encoding="UTF-8"?>
<!-- Terms and Conditions -->
<!-- 
Copyright (C)) 2005 Applied Biosystems.  
This file may be copied and redistributed freely, without advance permission, 
provided that this Copyright statement is reproduced with each copy.  
 
LIMITATION OF WARRANTY 
NOTHING IN THIS AGREEMENT WILL BE CONSTRUED AS A REPRESENTATION MADE OR 
WARRANTY GIVEN BY APPLIED BIOSYSTEMS OR ANY THIRD PARTY THAT THE USE OF 
DATA PROVIDED HEREUNDER WILL NOT INFRINGE ANY PATENT, COPYRIGHT, TRADEMARK 
OR OTHER RIGHTS OF ANY THIRD PARTY. DATA IS PROVIDED "AS IS" WITHOUT 
WARRANTY OF ANY KIND WHATSOEVER, EXPRESS OR IMPLIED, INCLUDING IMPLIED 
WARRANTIES OF MERCHANTABILITY OR FITNESS FOR A PARTICULAR PURPOSE. APPLIED 
BIOSYSTEMS MAKES NO WARRANTY THAT ITS DATA DOES NOT CONTAIN ERRORS.
-->

<!-- Created by SBML API 2.0(a17.0) -->
<sbml level="2" version="1" xmlns="http://www.sbml.org/sbml/level2" xmlns:celldesigner="http://www.sbml.org/2001/ns/celldesigner">
<model id="Pyruvate_space_metabolism">
<notes>
<html xmlns="http://www.w3.org/1999/xhtml">
<!--Notes by CellDesigner-->
<body>
<![CDATA[
Not only does pyruvate join the glycolytic pathway to the TCA cycle, but it is also linked to amino acid metabolism by the transamination reaction and to lipid metabolism by its decarboxylation to acetyl-coA.  Another imporatnt feature of the role played by pyruvate is the fact that it is produced in the cytoplasm but both its decarboxylation to acetyl-coA and its carboxylation oxaloacetate take place in the mitochondrial matrix.  Thus, pyruvate provides the link between metabolism in the cytoplasm and the pathways that are restricted to the mitochondrial matrix.
free text=Biochemiscal Pathways - An Atlas of Biochemistry and Molecular Biology Edited by Gerhard Michal
free text=Color Atlas of Biochemistry by Jan Koolman and Klaus-Heinrich Rohm
free text=Human Metabolism by Ramsey Bronk
]]>
</body>
</html>
</notes>
<annotation>
<celldesigner:modelVersion>2.3</celldesigner:modelVersion>
<celldesigner:modelDisplay sizeX="900" sizeY="600"/>
<celldesigner:listOfCompartmentAliases/>
<celldesigner:listOfSpeciesAliases>
<celldesigner:speciesAlias id="a3" species="s3">
<celldesigner:activity>inactive</celldesigner:activity>
<celldesigner:bounds h="35.0" w="142.0" x="160.5" y="58.0"/>
<celldesigner:singleLine width="1.0"/>
<celldesigner:paint color="ffffffff" scheme="Color"/>
</celldesigner:speciesAlias>
<celldesigner:speciesAlias id="a119" species="s129">
<celldesigner:activity>inactive</celldesigner:activity>
<celldesigner:bounds h="35.0" w="142.0" x="611.0" y="58.5"/>
<celldesigner:singleLine width="1.0"/>
<celldesigner:paint color="ffffffff" scheme="Color"/>
</celldesigner:speciesAlias>
<celldesigner:speciesAlias id="a120" species="s130">
<celldesigner:activity>inactive</celldesigner:activity>
<celldesigner:bounds h="35.0" w="142.0" x="393.0" y="224.5"/>
<celldesigner:singleLine width="1.0"/>
<celldesigner:paint color="ff99ff99" scheme="Color"/>
</celldesigner:speciesAlias>
<celldesigner:speciesAlias id="a121" species="s131">
<celldesigner:activity>inactive</celldesigner:activity>
<celldesigner:bounds h="35.0" w="142.0" x="697.0" y="222.5"/>
<celldesigner:singleLine width="1.0"/>
<celldesigner:paint color="ffffffff" scheme="Color"/>
</celldesigner:speciesAlias>
<celldesigner:speciesAlias id="a122" species="s132">
<celldesigner:activity>inactive</celldesigner:activity>
<celldesigner:bounds h="35.0" w="142.0" x="103.0" y="224.5"/>
<celldesigner:singleLine width="1.0"/>
<celldesigner:paint color="ffffffff" scheme="Color"/>
</celldesigner:speciesAlias>
<celldesigner:speciesAlias id="a123" species="s133">
<celldesigner:activity>inactive</celldesigner:activity>
<celldesigner:bounds h="35.0" w="142.0" x="251.0" y="404.5"/>
<celldesigner:singleLine width="1.0"/>
<celldesigner:paint color="ffffffff" scheme="Color"/>
</celldesigner:speciesAlias>
<celldesigner:speciesAlias id="a124" species="s134">
<celldesigner:activity>inactive</celldesigner:activity>
<celldesigner:bounds h="35.0" w="142.0" x="669.0" y="346.5"/>
<celldesigner:singleLine width="1.0"/>
<celldesigner:paint color="ffffffff" scheme="Color"/>
</celldesigner:speciesAlias>
<celldesigner:speciesAlias id="a126" species="s135">
<celldesigner:activity>inactive</celldesigner:activity>
<celldesigner:bounds h="35.0" w="142.0" x="643.0" y="466.5"/>
<celldesigner:singleLine width="1.0"/>
<celldesigner:paint color="ffffffff" scheme="Color"/>
</celldesigner:speciesAlias>
<celldesigner:speciesAlias id="a127" species="s134">
<celldesigner:activity>inactive</celldesigner:activity>
<celldesigner:bounds h="35.0" w="142.0" x="249.0" y="530.5"/>
<celldesigner:singleLine width="1.0"/>
<celldesigner:paint color="ffffffff" scheme="Color"/>
</celldesigner:speciesAlias>
<celldesigner:speciesAlias id="a128" species="s136">
<celldesigner:activity>inactive</celldesigner:activity>
<celldesigner:bounds h="22.0" w="72.0" x="298.0" y="85.0"/>
<celldesigner:singleLine width="1.0"/>
<celldesigner:paint color="ffffffff" scheme="Color"/>
</celldesigner:speciesAlias>
<celldesigner:speciesAlias id="a129" species="s137">
<celldesigner:activity>inactive</celldesigner:activity>
<celldesigner:bounds h="22.0" w="72.0" x="396.0" y="105.0"/>
<celldesigner:singleLine width="1.0"/>
<celldesigner:paint color="ffffffff" scheme="Color"/>
</celldesigner:speciesAlias>
<celldesigner:speciesAlias id="a130" species="s138">
<celldesigner:activity>inactive</celldesigner:activity>
<celldesigner:bounds h="22.0" w="72.0" x="536.0" y="77.0"/>
<celldesigner:singleLine width="1.0"/>
<celldesigner:paint color="ffffffff" scheme="Color"/>
</celldesigner:speciesAlias>
<celldesigner:speciesAlias id="a131" species="s139">
<celldesigner:activity>inactive</celldesigner:activity>
<celldesigner:bounds h="24.0" w="92.0" x="414.0" y="145.0"/>
<celldesigner:singleLine width="1.0"/>
<celldesigner:paint color="ffffffff" scheme="Color"/>
</celldesigner:speciesAlias>
<celldesigner:speciesAlias id="a132" species="s140">
<celldesigner:activity>inactive</celldesigner:activity>
<celldesigner:bounds h="26.0" w="104.0" x="149.0" y="145.0"/>
<celldesigner:singleLine width="1.0"/>
<celldesigner:paint color="ff66ccff" scheme="Color"/>
</celldesigner:speciesAlias>
<celldesigner:speciesAlias id="a133" species="s141">
<celldesigner:activity>inactive</celldesigner:activity>
<celldesigner:bounds h="26.0" w="148.0" x="667.0" y="147.0"/>
<celldesigner:singleLine width="1.0"/>
<celldesigner:paint color="ff66ccff" scheme="Color"/>
</celldesigner:speciesAlias>
<celldesigner:speciesAlias id="a134" species="s142">
<celldesigner:activity>inactive</celldesigner:activity>
<celldesigner:bounds h="22.0" w="72.0" x="194.0" y="195.0"/>
<celldesigner:singleLine width="1.0"/>
<celldesigner:paint color="ffffffff" scheme="Color"/>
</celldesigner:speciesAlias>
<celldesigner:speciesAlias id="a135" species="s143">
<celldesigner:activity>inactive</celldesigner:activity>
<celldesigner:bounds h="32.0" w="124.0" x="270.0" y="188.0"/>
<celldesigner:singleLine width="1.0"/>
<celldesigner:paint color="ffffffff" scheme="Color"/>
</celldesigner:speciesAlias>
<celldesigner:speciesAlias id="a136" species="s144">
<celldesigner:activity>inactive</celldesigner:activity>
<celldesigner:bounds h="26.0" w="90.0" x="275.0" y="271.0"/>
<celldesigner:singleLine width="1.0"/>
<celldesigner:paint color="ff66ccff" scheme="Color"/>
</celldesigner:speciesAlias>
<celldesigner:speciesAlias id="a137" species="s145">
<celldesigner:activity>inactive</celldesigner:activity>
<celldesigner:bounds h="23.0" w="108.0" x="561.0" y="186.0"/>
<celldesigner:singleLine width="1.0"/>
<celldesigner:paint color="ff66ccff" scheme="Color"/>
</celldesigner:speciesAlias>
<celldesigner:speciesAlias id="a138" species="s138">
<celldesigner:activity>inactive</celldesigner:activity>
<celldesigner:bounds h="22.0" w="72.0" x="118.0" y="283.0"/>
<celldesigner:singleLine width="1.0"/>
<celldesigner:paint color="ffffffff" scheme="Color"/>
</celldesigner:speciesAlias>
<celldesigner:speciesAlias id="a139" species="s139">
<celldesigner:activity>inactive</celldesigner:activity>
<celldesigner:bounds h="24.0" w="92.0" x="144.0" y="368.0"/>
<celldesigner:singleLine width="1.0"/>
<celldesigner:paint color="ffffffff" scheme="Color"/>
</celldesigner:speciesAlias>
<celldesigner:speciesAlias id="a141" species="s147">
<celldesigner:activity>inactive</celldesigner:activity>
<celldesigner:bounds h="36.0" w="90.0" x="125.0" y="323.0"/>
<celldesigner:singleLine width="1.0"/>
<celldesigner:paint color="ff66ccff" scheme="Color"/>
</celldesigner:speciesAlias>
<celldesigner:speciesAlias id="a142" species="s158">
<celldesigner:activity>inactive</celldesigner:activity>
<celldesigner:bounds h="30.0" w="104.0" x="440.0" y="287.0"/>
<celldesigner:singleLine width="1.0"/>
<celldesigner:paint color="ffffffff" scheme="Color"/>
</celldesigner:speciesAlias>
<celldesigner:speciesAlias id="a143" species="s152">
<celldesigner:activity>inactive</celldesigner:activity>
<celldesigner:bounds h="22.0" w="72.0" x="398.0" y="361.0"/>
<celldesigner:singleLine width="1.0"/>
<celldesigner:paint color="ffffffff" scheme="Color"/>
</celldesigner:speciesAlias>
<celldesigner:speciesAlias id="a145" species="s157">
<celldesigner:activity>inactive</celldesigner:activity>
<celldesigner:bounds h="28.0" w="108.0" x="548.0" y="255.0"/>
<celldesigner:singleLine width="1.0"/>
<celldesigner:paint color="ffffffff" scheme="Color"/>
</celldesigner:speciesAlias>
<celldesigner:speciesAlias id="a147" species="s159">
<celldesigner:activity>inactive</celldesigner:activity>
<celldesigner:bounds h="28.0" w="94.0" x="718.0" y="312.0"/>
<celldesigner:singleLine width="1.0"/>
<celldesigner:paint color="ffffffff" scheme="Color"/>
</celldesigner:speciesAlias>
<celldesigner:speciesAlias id="a148" species="s160">
<celldesigner:activity>inactive</celldesigner:activity>
<celldesigner:bounds h="34.0" w="99.0" x="665.0" y="263.0"/>
<celldesigner:singleLine width="1.0"/>
<celldesigner:paint color="ff66ccff" scheme="Color"/>
</celldesigner:speciesAlias>
<celldesigner:speciesAlias id="a149" species="s161">
<celldesigner:activity>inactive</celldesigner:activity>
<celldesigner:bounds h="20.0" w="118.0" x="467.0" y="445.0"/>
<celldesigner:singleLine width="1.0"/>
<celldesigner:paint color="ff66ccff" scheme="Color"/>
</celldesigner:speciesAlias>
<celldesigner:speciesAlias id="a150" species="s162">
<celldesigner:activity>inactive</celldesigner:activity>
<celldesigner:bounds h="28.0" w="108.0" x="584.0" y="520.0"/>
<celldesigner:singleLine width="1.0"/>
<celldesigner:paint color="ffffffff" scheme="Color"/>
</celldesigner:speciesAlias>
<celldesigner:speciesAlias id="a151" species="s152">
<celldesigner:activity>inactive</celldesigner:activity>
<celldesigner:bounds h="22.0" w="72.0" x="426.0" y="517.0"/>
<celldesigner:singleLine width="1.0"/>
<celldesigner:paint color="ffffffff" scheme="Color"/>
</celldesigner:speciesAlias>
<celldesigner:speciesAlias id="a152" species="s163">
<celldesigner:activity>inactive</celldesigner:activity>
<celldesigner:bounds h="32.0" w="124.0" x="467.0" y="329.0"/>
<celldesigner:singleLine width="1.0"/>
<celldesigner:paint color="ff66ccff" scheme="Color"/>
</celldesigner:speciesAlias>
<celldesigner:speciesAlias id="a153" species="s164">
<celldesigner:activity>inactive</celldesigner:activity>
<celldesigner:bounds h="28.0" w="88.0" x="493.0" y="547.0"/>
<celldesigner:singleLine width="1.0"/>
<celldesigner:paint color="ff66ccff" scheme="Color"/>
</celldesigner:speciesAlias>
<celldesigner:speciesAlias id="a154" species="s165">
<celldesigner:activity>inactive</celldesigner:activity>
<celldesigner:bounds h="22.0" w="72.0" x="162.0" y="541.0"/>
<celldesigner:singleLine width="1.0"/>
<celldesigner:paint color="ffffffff" scheme="Color"/>
</celldesigner:speciesAlias>
<celldesigner:speciesAlias id="a155" species="s166">
<celldesigner:activity>inactive</celldesigner:activity>
<celldesigner:bounds h="28.0" w="94.0" x="27.0" y="444.0"/>
<celldesigner:singleLine width="1.0"/>
<celldesigner:paint color="ffffffff" scheme="Color"/>
</celldesigner:speciesAlias>
<celldesigner:speciesAlias id="a156" species="s167">
<celldesigner:activity>inactive</celldesigner:activity>
<celldesigner:bounds h="42.0" w="126.0" x="43.0" y="497.0"/>
<celldesigner:singleLine width="1.0"/>
<celldesigner:paint color="ff66ccff" scheme="Color"/>
</celldesigner:speciesAlias>
</celldesigner:listOfSpeciesAliases>
<celldesigner:listOfGroups/>
<celldesigner:listOfProteins>
<celldesigner:protein id="p47" name="Pyruvate Kinase" type="GENERIC"/>
<celldesigner:protein id="p48" name="Lactate Dehydrogenase" type="GENERIC"/>
<celldesigner:protein id="p49" name="Malic enzyme" type="GENERIC"/>
<celldesigner:protein id="p50" name="Aminotransefrase" type="GENERIC"/>
<celldesigner:protein id="p54" name="Pyruvate_br_Dehydrogenase" type="GENERIC"/>
<celldesigner:protein id="p55" name="Malate_br_Dehydrogenase" type="GENERIC"/>
<celldesigner:protein id="p56" name="Citrate Synthetase" type="GENERIC"/>
<celldesigner:protein id="p57" name="Pyruvate Carboxylase" type="GENERIC"/>
<celldesigner:protein id="p58" name="Citrate Lyase" type="GENERIC"/>
<celldesigner:protein id="p59" name="Phosphoenolpyruvate_br_Carboxykinase" type="GENERIC"/>
</celldesigner:listOfProteins>
<celldesigner:listOfBlockDiagrams/>
</annotation>
<listOfCompartments>
<compartment id="default" size="1.0"/>
</listOfCompartments>
<listOfSpecies>
<species compartment="default" id="s3" initialAmount="0.0" name="Phosphoenolpyruvate">
<notes>
<html xmlns="http://www.w3.org/1999/xhtml">
<!--Notes by CellDesigner-->
<body>
Long Name:  Phosphoenolpyruvate
Synonym:  Synonym not specified
Accession:  S04097
</body>
</html>
</notes>
<annotation>
<celldesigner:positionToCompartment>inside</celldesigner:positionToCompartment>
<celldesigner:speciesIdentity>
<celldesigner:class>SIMPLE_MOLECULE</celldesigner:class>
<celldesigner:name>Phosphoenolpyruvate</celldesigner:name>
</celldesigner:speciesIdentity>
</annotation>
</species>
<species compartment="default" id="s129" initialAmount="0.0" name="Lactate">
<notes>
<html xmlns="http://www.w3.org/1999/xhtml">
<!--Notes by CellDesigner-->
<body>
Long Name:  Lactate
Synonym:  Synonym not specified
Accession:  S04117
</body>
</html>
</notes>
<annotation>
<celldesigner:positionToCompartment>inside</celldesigner:positionToCompartment>
<celldesigner:speciesIdentity>
<celldesigner:class>SIMPLE_MOLECULE</celldesigner:class>
<celldesigner:name>Lactate</celldesigner:name>
</celldesigner:speciesIdentity>
</annotation>
</species>
<species compartment="default" id="s130" initialAmount="0.0" name="Pyruvate">
<notes>
<html xmlns="http://www.w3.org/1999/xhtml">
<!--Notes by CellDesigner-->
<body>
Long Name:  Pyruvate
Synonym:  Synonym not specified
Accession:  S04103
</body>
</html>
</notes>
<annotation>
<celldesigner:positionToCompartment>inside</celldesigner:positionToCompartment>
<celldesigner:speciesIdentity>
<celldesigner:class>SIMPLE_MOLECULE</celldesigner:class>
<celldesigner:name>Pyruvate</celldesigner:name>
</celldesigner:speciesIdentity>
</annotation>
</species>
<species compartment="default" id="s131" initialAmount="0.0" name="Alanine">
<notes>
<html xmlns="http://www.w3.org/1999/xhtml">
<!--Notes by CellDesigner-->
<body>
Long Name:  Alanine
Synonym:  Synonym not specified
Accession:  S04113
</body>
</html>
</notes>
<annotation>
<celldesigner:positionToCompartment>inside</celldesigner:positionToCompartment>
<celldesigner:speciesIdentity>
<celldesigner:class>SIMPLE_MOLECULE</celldesigner:class>
<celldesigner:name>Alanine</celldesigner:name>
</celldesigner:speciesIdentity>
</annotation>
</species>
<species compartment="default" id="s132" initialAmount="0.0" name="Malate">
<notes>
<html xmlns="http://www.w3.org/1999/xhtml">
<!--Notes by CellDesigner-->
<body>
Long Name:  Malate
Synonym:  Synonym not specified
Accession:  S04111
</body>
</html>
</notes>
<annotation>
<celldesigner:positionToCompartment>inside</celldesigner:positionToCompartment>
<celldesigner:speciesIdentity>
<celldesigner:class>SIMPLE_MOLECULE</celldesigner:class>
<celldesigner:name>Malate</celldesigner:name>
</celldesigner:speciesIdentity>
</annotation>
</species>
<species compartment="default" id="s133" initialAmount="0.0" name="Oxaloacetate">
<notes>
<html xmlns="http://www.w3.org/1999/xhtml">
<!--Notes by CellDesigner-->
<body>
Long Name:  Oxaloacetate
Synonym:  Synonym not specified
Accession:  S04102
</body>
</html>
</notes>
<annotation>
<celldesigner:positionToCompartment>inside</celldesigner:positionToCompartment>
<celldesigner:speciesIdentity>
<celldesigner:class>SIMPLE_MOLECULE</celldesigner:class>
<celldesigner:name>Oxaloacetate</celldesigner:name>
</celldesigner:speciesIdentity>
</annotation>
</species>
<species compartment="default" id="s134" initialAmount="0.0" name="Acetyl-CoA">
<notes>
<html xmlns="http://www.w3.org/1999/xhtml">
<!--Notes by CellDesigner-->
<body>
Long Name:  Acetyl-CoA
Synonym:  Synonym not specified
Accession:  S04112
</body>
</html>
</notes>
<annotation>
<celldesigner:positionToCompartment>inside</celldesigner:positionToCompartment>
<celldesigner:speciesIdentity>
<celldesigner:class>SIMPLE_MOLECULE</celldesigner:class>
<celldesigner:name>Acetyl-CoA</celldesigner:name>
</celldesigner:speciesIdentity>
</annotation>
</species>
<species compartment="default" id="s135" initialAmount="0.0" name="Citrate">
<notes>
<html xmlns="http://www.w3.org/1999/xhtml">
<!--Notes by CellDesigner-->
<body>
Long Name:  Citrate
Synonym:  Synonym not specified
Accession:  S04110
</body>
</html>
</notes>
<annotation>
<celldesigner:positionToCompartment>inside</celldesigner:positionToCompartment>
<celldesigner:speciesIdentity>
<celldesigner:class>SIMPLE_MOLECULE</celldesigner:class>
<celldesigner:name>Citrate</celldesigner:name>
</celldesigner:speciesIdentity>
</annotation>
</species>
<species compartment="default" id="s136" initialAmount="0.0" name="ATP">
<notes>
<html xmlns="http://www.w3.org/1999/xhtml">
<!--Notes by CellDesigner-->
<body>
Long Name:  ATP
Synonym:  Synonym not specified
Accession:  S04104
</body>
</html>
</notes>
<annotation>
<celldesigner:positionToCompartment>inside</celldesigner:positionToCompartment>
<celldesigner:speciesIdentity>
<celldesigner:class>SIMPLE_MOLECULE</celldesigner:class>
<celldesigner:name>ATP</celldesigner:name>
</celldesigner:speciesIdentity>
</annotation>
</species>
<species compartment="default" id="s137" initialAmount="0.0" name="ADP">
<notes>
<html xmlns="http://www.w3.org/1999/xhtml">
<!--Notes by CellDesigner-->
<body>
Long Name:  ADP
Synonym:  Synonym not specified
Accession:  S04114
</body>
</html>
</notes>
<annotation>
<celldesigner:positionToCompartment>inside</celldesigner:positionToCompartment>
<celldesigner:speciesIdentity>
<celldesigner:class>SIMPLE_MOLECULE</celldesigner:class>
<celldesigner:name>ADP</celldesigner:name>
</celldesigner:speciesIdentity>
</annotation>
</species>
<species compartment="default" id="s138" initialAmount="0.0" name="NAD_super_+">
<notes>
<html xmlns="http://www.w3.org/1999/xhtml">
<!--Notes by CellDesigner-->
<body>
Long Name:  NAD+
Synonym:  Synonym not specified
Accession:  S04101
</body>
</html>
</notes>
<annotation>
<celldesigner:positionToCompartment>inside</celldesigner:positionToCompartment>
<celldesigner:speciesIdentity>
<celldesigner:class>SIMPLE_MOLECULE</celldesigner:class>
<celldesigner:name>NAD_super_+</celldesigner:name>
</celldesigner:speciesIdentity>
</annotation>
</species>
<species compartment="default" id="s139" initialAmount="0.0" name="NADPH + H_super_+">
<notes>
<html xmlns="http://www.w3.org/1999/xhtml">
<!--Notes by CellDesigner-->
<body>
Long Name:  NADPH + H+
Synonym:  Synonym not specified
Accession:  S04100
</body>
</html>
</notes>
<annotation>
<celldesigner:positionToCompartment>inside</celldesigner:positionToCompartment>
<celldesigner:speciesIdentity>
<celldesigner:class>SIMPLE_MOLECULE</celldesigner:class>
<celldesigner:name>NADPH + H_super_+</celldesigner:name>
</celldesigner:speciesIdentity>
</annotation>
</species>
<species compartment="default" id="s140" initialAmount="0.0" name="Pyruvate Kinase">
<notes>
<html xmlns="http://www.w3.org/1999/xhtml">
<!--Notes by CellDesigner-->
<body>
Long Name:  Pyruvate Kinase
Synonym:  PK
Accession:  P03132
</body>
</html>
</notes>
<annotation>
<celldesigner:positionToCompartment>inside</celldesigner:positionToCompartment>
<celldesigner:speciesIdentity>
<celldesigner:class>PROTEIN</celldesigner:class>
<celldesigner:proteinReference>p47</celldesigner:proteinReference>
</celldesigner:speciesIdentity>
<celldesigner:listOfCatalyzedReactions>
<celldesigner:catalyzed reaction="r62"/>
</celldesigner:listOfCatalyzedReactions>
</annotation>
</species>
<species compartment="default" id="s141" initialAmount="0.0" name="Lactate Dehydrogenase">
<notes>
<html xmlns="http://www.w3.org/1999/xhtml">
<!--Notes by CellDesigner-->
<body>
Long Name:  Lactate Dehydrogenase
Synonym:  LDH
Accession:  P03139
</body>
</html>
</notes>
<annotation>
<celldesigner:positionToCompartment>inside</celldesigner:positionToCompartment>
<celldesigner:speciesIdentity>
<celldesigner:class>PROTEIN</celldesigner:class>
<celldesigner:proteinReference>p48</celldesigner:proteinReference>
</celldesigner:speciesIdentity>
<celldesigner:listOfCatalyzedReactions>
<celldesigner:catalyzed reaction="r63"/>
</celldesigner:listOfCatalyzedReactions>
</annotation>
</species>
<species compartment="default" id="s142" initialAmount="0.0" name="NADP_super_+">
<notes>
<html xmlns="http://www.w3.org/1999/xhtml">
<!--Notes by CellDesigner-->
<body>
Long Name:  NADP+
Synonym:  Synonym not specified
Accession:  S04115
</body>
</html>
</notes>
<annotation>
<celldesigner:positionToCompartment>inside</celldesigner:positionToCompartment>
<celldesigner:speciesIdentity>
<celldesigner:class>SIMPLE_MOLECULE</celldesigner:class>
<celldesigner:name>NADP_super_+</celldesigner:name>
</celldesigner:speciesIdentity>
</annotation>
</species>
<species compartment="default" id="s143" initialAmount="0.0" name="NADPH + H_super_+_endsuper_+ CO_sub_2_endsub">
<notes>
<html xmlns="http://www.w3.org/1999/xhtml">
<!--Notes by CellDesigner-->
<body>
Long Name:  NADPH + H++ CO2
Synonym:  Synonym not specified
Accession:  S04108
</body>
</html>
</notes>
<annotation>
<celldesigner:positionToCompartment>inside</celldesigner:positionToCompartment>
<celldesigner:speciesIdentity>
<celldesigner:class>SIMPLE_MOLECULE</celldesigner:class>
<celldesigner:name>NADPH + H_super_+_endsuper_+ CO_sub_2_endsub</celldesigner:name>
</celldesigner:speciesIdentity>
</annotation>
</species>
<species compartment="default" id="s144" initialAmount="0.0" name="Malic enzyme">
<notes>
<html xmlns="http://www.w3.org/1999/xhtml">
<!--Notes by CellDesigner-->
<body>
Long Name:  Malic enzyme
Synonym:  Synonym not specified
Accession:  P03136
</body>
</html>
</notes>
<annotation>
<celldesigner:positionToCompartment>inside</celldesigner:positionToCompartment>
<celldesigner:speciesIdentity>
<celldesigner:class>PROTEIN</celldesigner:class>
<celldesigner:proteinReference>p49</celldesigner:proteinReference>
</celldesigner:speciesIdentity>
<celldesigner:listOfCatalyzedReactions>
<celldesigner:catalyzed reaction="r64"/>
</celldesigner:listOfCatalyzedReactions>
</annotation>
</species>
<species compartment="default" id="s145" initialAmount="0.0" name="Aminotransefrase">
<notes>
<html xmlns="http://www.w3.org/1999/xhtml">
<!--Notes by CellDesigner-->
<body>
Long Name:  Aminotransferase
Synonym:  Synonym not specified
Accession:  P03134
</body>
</html>
</notes>
<annotation>
<celldesigner:positionToCompartment>inside</celldesigner:positionToCompartment>
<celldesigner:speciesIdentity>
<celldesigner:class>PROTEIN</celldesigner:class>
<celldesigner:proteinReference>p50</celldesigner:proteinReference>
</celldesigner:speciesIdentity>
<celldesigner:listOfCatalyzedReactions>
<celldesigner:catalyzed reaction="r73"/>
</celldesigner:listOfCatalyzedReactions>
</annotation>
</species>
<species compartment="default" id="s152" initialAmount="0.0" name="ADP + P_sub_i_endsub">
<notes>
<html xmlns="http://www.w3.org/1999/xhtml">
<!--Notes by CellDesigner-->
<body>
Long Name:  ADP + Pi
Synonym:  Synonym not specified
Accession:  S04106
</body>
</html>
</notes>
<annotation>
<celldesigner:positionToCompartment>inside</celldesigner:positionToCompartment>
<celldesigner:speciesIdentity>
<celldesigner:class>SIMPLE_MOLECULE</celldesigner:class>
<celldesigner:name>ADP + P_sub_i_endsub</celldesigner:name>
</celldesigner:speciesIdentity>
</annotation>
</species>
<species compartment="default" id="s157" initialAmount="0.0" name="NAD_super_+_endsuper_ + CoA-SH">
<notes>
<html xmlns="http://www.w3.org/1999/xhtml">
<!--Notes by CellDesigner-->
<body>
Long Name:  NAD+ + CoA-SH
Synonym:  Synonym not specified
Accession:  S04105
</body>
</html>
</notes>
<annotation>
<celldesigner:positionToCompartment>inside</celldesigner:positionToCompartment>
<celldesigner:speciesIdentity>
<celldesigner:class>SIMPLE_MOLECULE</celldesigner:class>
<celldesigner:name>NAD_super_+_endsuper_ + CoA-SH</celldesigner:name>
</celldesigner:speciesIdentity>
</annotation>
</species>
<species compartment="default" id="s158" initialAmount="0.0" name="ATP + HCO_sub_3_endsub_ _super_-">
<notes>
<html xmlns="http://www.w3.org/1999/xhtml">
<!--Notes by CellDesigner-->
<body>
Long Name:  ATP + HCO3 -
Synonym:  Synonym not specified
Accession:  S04107
</body>
</html>
</notes>
<annotation>
<celldesigner:positionToCompartment>inside</celldesigner:positionToCompartment>
<celldesigner:speciesIdentity>
<celldesigner:class>SIMPLE_MOLECULE</celldesigner:class>
<celldesigner:name>ATP + HCO_sub_3_endsub_ _super_-</celldesigner:name>
</celldesigner:speciesIdentity>
</annotation>
</species>
<species compartment="default" id="s159" initialAmount="0.0" name="NADH + CO_sub_2_endsub">
<notes>
<html xmlns="http://www.w3.org/1999/xhtml">
<!--Notes by CellDesigner-->
<body>
Long Name:  NADH + CO2
Synonym:  Synonym not specified
Accession:  S04116
</body>
</html>
</notes>
<annotation>
<celldesigner:positionToCompartment>inside</celldesigner:positionToCompartment>
<celldesigner:speciesIdentity>
<celldesigner:class>SIMPLE_MOLECULE</celldesigner:class>
<celldesigner:name>NADH + CO_sub_2_endsub</celldesigner:name>
</celldesigner:speciesIdentity>
</annotation>
</species>
<species compartment="default" id="s160" initialAmount="0.0" name="Pyruvate_br_Dehydrogenase">
<notes>
<html xmlns="http://www.w3.org/1999/xhtml">
<!--Notes by CellDesigner-->
<body>
Long Name:  Pyruvate Dehydrogenase
Synonym:  Synonym not specified
Accession:  P03133
</body>
</html>
</notes>
<annotation>
<celldesigner:positionToCompartment>inside</celldesigner:positionToCompartment>
<celldesigner:speciesIdentity>
<celldesigner:class>PROTEIN</celldesigner:class>
<celldesigner:proteinReference>p54</celldesigner:proteinReference>
</celldesigner:speciesIdentity>
<celldesigner:listOfCatalyzedReactions>
<celldesigner:catalyzed reaction="r68"/>
</celldesigner:listOfCatalyzedReactions>
</annotation>
</species>
<species compartment="default" id="s147" initialAmount="0.0" name="Malate_br_Dehydrogenase">
<notes>
<html xmlns="http://www.w3.org/1999/xhtml">
<!--Notes by CellDesigner-->
<body>
Long Name:  Malate Dehydrogenase
Synonym:  Synonym not specified
Accession:  P03138
</body>
</html>
</notes>
<annotation>
<celldesigner:positionToCompartment>inside</celldesigner:positionToCompartment>
<celldesigner:speciesIdentity>
<celldesigner:class>PROTEIN</celldesigner:class>
<celldesigner:proteinReference>p55</celldesigner:proteinReference>
</celldesigner:speciesIdentity>
<celldesigner:listOfCatalyzedReactions>
<celldesigner:catalyzed reaction="r66"/>
</celldesigner:listOfCatalyzedReactions>
</annotation>
</species>
<species compartment="default" id="s161" initialAmount="0.0" name="Citrate Synthetase">
<notes>
<html xmlns="http://www.w3.org/1999/xhtml">
<!--Notes by CellDesigner-->
<body>
Long Name:  Citrate Synthetase
Synonym:  Synonym not specified
Accession:  P03141
</body>
</html>
</notes>
<annotation>
<celldesigner:positionToCompartment>inside</celldesigner:positionToCompartment>
<celldesigner:speciesIdentity>
<celldesigner:class>PROTEIN</celldesigner:class>
<celldesigner:proteinReference>p56</celldesigner:proteinReference>
</celldesigner:speciesIdentity>
<celldesigner:listOfCatalyzedReactions>
<celldesigner:catalyzed reaction="r75"/>
</celldesigner:listOfCatalyzedReactions>
</annotation>
</species>
<species compartment="default" id="s162" initialAmount="0.0" name="ATP + CoA-SH">
<notes>
<html xmlns="http://www.w3.org/1999/xhtml">
<!--Notes by CellDesigner-->
<body>
Long Name:  ATP + CoA-SH
Synonym:  Synonym not specified
Accession:  S04099
</body>
</html>
</notes>
<annotation>
<celldesigner:positionToCompartment>inside</celldesigner:positionToCompartment>
<celldesigner:speciesIdentity>
<celldesigner:class>SIMPLE_MOLECULE</celldesigner:class>
<celldesigner:name>ATP + CoA-SH</celldesigner:name>
</celldesigner:speciesIdentity>
</annotation>
</species>
<species compartment="default" id="s163" initialAmount="0.0" name="Pyruvate Carboxylase">
<notes>
<html xmlns="http://www.w3.org/1999/xhtml">
<!--Notes by CellDesigner-->
<body>
Long Name:  Pyruvate Carboxylase
Synonym:  Synonym not specified
Accession:  P03140
</body>
</html>
</notes>
<annotation>
<celldesigner:positionToCompartment>inside</celldesigner:positionToCompartment>
<celldesigner:speciesIdentity>
<celldesigner:class>PROTEIN</celldesigner:class>
<celldesigner:proteinReference>p57</celldesigner:proteinReference>
</celldesigner:speciesIdentity>
<celldesigner:listOfCatalyzedReactions>
<celldesigner:catalyzed reaction="r67"/>
</celldesigner:listOfCatalyzedReactions>
</annotation>
</species>
<species compartment="default" id="s164" initialAmount="0.0" name="Citrate Lyase">
<notes>
<html xmlns="http://www.w3.org/1999/xhtml">
<!--Notes by CellDesigner-->
<body>
Long Name:  Citrate Lyase
Synonym:  Synonym not specified
Accession:  P03137
</body>
</html>
</notes>
<annotation>
<celldesigner:positionToCompartment>inside</celldesigner:positionToCompartment>
<celldesigner:speciesIdentity>
<celldesigner:class>PROTEIN</celldesigner:class>
<celldesigner:proteinReference>p58</celldesigner:proteinReference>
</celldesigner:speciesIdentity>
<celldesigner:listOfCatalyzedReactions>
<celldesigner:catalyzed reaction="r72"/>
</celldesigner:listOfCatalyzedReactions>
</annotation>
</species>
<species compartment="default" id="s165" initialAmount="0.0" name="GTP">
<notes>
<html xmlns="http://www.w3.org/1999/xhtml">
<!--Notes by CellDesigner-->
<body>
Long Name:  GTP
Synonym:  Synonym not specified
Accession:  S04109
</body>
</html>
</notes>
<annotation>
<celldesigner:positionToCompartment>inside</celldesigner:positionToCompartment>
<celldesigner:speciesIdentity>
<celldesigner:class>SIMPLE_MOLECULE</celldesigner:class>
<celldesigner:name>GTP</celldesigner:name>
</celldesigner:speciesIdentity>
</annotation>
</species>
<species compartment="default" id="s166" initialAmount="0.0" name="GDP + CO_sub_2_endsub">
<notes>
<html xmlns="http://www.w3.org/1999/xhtml">
<!--Notes by CellDesigner-->
<body>
Long Name:  GDP + CO2
Synonym:  Synonym not specified
Accession:  S04098
</body>
</html>
</notes>
<annotation>
<celldesigner:positionToCompartment>inside</celldesigner:positionToCompartment>
<celldesigner:speciesIdentity>
<celldesigner:class>SIMPLE_MOLECULE</celldesigner:class>
<celldesigner:name>GDP + CO_sub_2_endsub</celldesigner:name>
</celldesigner:speciesIdentity>
</annotation>
</species>
<species compartment="default" id="s167" initialAmount="0.0" name="Phosphoenolpyruvate_br_Carboxykinase">
<notes>
<html xmlns="http://www.w3.org/1999/xhtml">
<!--Notes by CellDesigner-->
<body>
Long Name:  Phosphoenolpyruvate Carboxykinase
Synonym:  PEPCK
Accession:  P03135
</body>
</html>
</notes>
<annotation>
<celldesigner:positionToCompartment>inside</celldesigner:positionToCompartment>
<celldesigner:speciesIdentity>
<celldesigner:class>PROTEIN</celldesigner:class>
<celldesigner:proteinReference>p59</celldesigner:proteinReference>
</celldesigner:speciesIdentity>
<celldesigner:listOfCatalyzedReactions>
<celldesigner:catalyzed reaction="r76"/>
</celldesigner:listOfCatalyzedReactions>
</annotation>
</species>
</listOfSpecies>
<listOfReactions>
<reaction id="r62" reversible="false">
<annotation>
<celldesigner:reactionType>STATE_TRANSITION</celldesigner:reactionType>
<celldesigner:baseReactants>s3</celldesigner:baseReactants>
<celldesigner:baseProducts>s130</celldesigner:baseProducts>
<celldesigner:listOfReactantLinks>
<celldesigner:reactantLink alias="a128" reactant="s136" targetLineIndex="-1,1"/>
</celldesigner:listOfReactantLinks>
<celldesigner:listOfProductLinks>
<celldesigner:productLink alias="a129" product="s137" targetLineIndex="-1,1"/>
</celldesigner:listOfProductLinks>
<celldesigner:editPoints>0.33333333333333337,0.0 0.6666666666666666,1.1102230246251565E-16</celldesigner:editPoints>
<celldesigner:listOfModification>
<celldesigner:modification aliases="a132" editPoints="0.33333333333333326,-6.661338147750939E-16 0.6666666666666663,-1.7763568394002505E-15" modifiers="s140" targetLineIndex="-1,1" type="CATALYSIS"/>
</celldesigner:listOfModification>
</annotation>
<listOfReactants>
<speciesReference species="s3">
<annotation>
<celldesigner:alias>a3</celldesigner:alias>
</annotation>
</speciesReference>
<speciesReference species="s136">
<annotation>
<celldesigner:alias>a128</celldesigner:alias>
</annotation>
</speciesReference>
</listOfReactants>
<listOfProducts>
<speciesReference species="s130">
<annotation>
<celldesigner:alias>a120</celldesigner:alias>
</annotation>
</speciesReference>
<speciesReference species="s137">
<annotation>
<celldesigner:alias>a129</celldesigner:alias>
</annotation>
</speciesReference>
</listOfProducts>
<listOfModifiers>
<modifierSpeciesReference species="s140">
<annotation>
<celldesigner:alias>a132</celldesigner:alias>
</annotation>
</modifierSpeciesReference>
</listOfModifiers>
</reaction>
<reaction id="r63" reversible="false">
<annotation>
<celldesigner:reactionType>STATE_TRANSITION</celldesigner:reactionType>
<celldesigner:baseReactants>s129</celldesigner:baseReactants>
<celldesigner:baseProducts>s130</celldesigner:baseProducts>
<celldesigner:listOfReactantLinks>
<celldesigner:reactantLink alias="a130" reactant="s138" targetLineIndex="-1,1"/>
</celldesigner:listOfReactantLinks>
<celldesigner:listOfProductLinks>
<celldesigner:productLink alias="a131" product="s139" targetLineIndex="-1,1"/>
</celldesigner:listOfProductLinks>
<celldesigner:editPoints>0.33333333333333304,-4.440892098500626E-16 0.6666666666666665,-2.220446049250313E-16</celldesigner:editPoints>
<celldesigner:listOfModification>
<celldesigner:modification aliases="a133" editPoints="0.33333333333333304,6.661338147750939E-16 0.666666666666667,1.5543122344752192E-15" modifiers="s141" targetLineIndex="-1,1" type="CATALYSIS"/>
</celldesigner:listOfModification>
</annotation>
<listOfReactants>
<speciesReference species="s129">
<annotation>
<celldesigner:alias>a119</celldesigner:alias>
</annotation>
</speciesReference>
<speciesReference species="s138">
<annotation>
<celldesigner:alias>a130</celldesigner:alias>
</annotation>
</speciesReference>
</listOfReactants>
<listOfProducts>
<speciesReference species="s130">
<annotation>
<celldesigner:alias>a120</celldesigner:alias>
</annotation>
</speciesReference>
<speciesReference species="s139">
<annotation>
<celldesigner:alias>a131</celldesigner:alias>
</annotation>
</speciesReference>
</listOfProducts>
<listOfModifiers>
<modifierSpeciesReference species="s141">
<annotation>
<celldesigner:alias>a133</celldesigner:alias>
</annotation>
</modifierSpeciesReference>
</listOfModifiers>
</reaction>
<reaction id="r64" reversible="false">
<annotation>
<celldesigner:reactionType>STATE_TRANSITION</celldesigner:reactionType>
<celldesigner:baseReactants>s132</celldesigner:baseReactants>
<celldesigner:baseProducts>s130</celldesigner:baseProducts>
<celldesigner:listOfReactantLinks>
<celldesigner:reactantLink alias="a134" reactant="s142" targetLineIndex="-1,0"/>
</celldesigner:listOfReactantLinks>
<celldesigner:listOfProductLinks>
<celldesigner:productLink alias="a135" product="s143" targetLineIndex="-1,0"/>
</celldesigner:listOfProductLinks>
<celldesigner:editPoints>0.33333333333333337,0.0 0.6666666666666667,0.0</celldesigner:editPoints>
<celldesigner:listOfModification>
<celldesigner:modification aliases="a136" editPoints="0.33333333333333304,1.7763568394002505E-15 0.6666666666666652,0.0" modifiers="s144" targetLineIndex="-1,1" type="CATALYSIS"/>
</celldesigner:listOfModification>
</annotation>
<listOfReactants>
<speciesReference species="s132">
<annotation>
<celldesigner:alias>a122</celldesigner:alias>
</annotation>
</speciesReference>
<speciesReference species="s142">
<annotation>
<celldesigner:alias>a134</celldesigner:alias>
</annotation>
</speciesReference>
</listOfReactants>
<listOfProducts>
<speciesReference species="s130">
<annotation>
<celldesigner:alias>a120</celldesigner:alias>
</annotation>
</speciesReference>
<speciesReference species="s143">
<annotation>
<celldesigner:alias>a135</celldesigner:alias>
</annotation>
</speciesReference>
</listOfProducts>
<listOfModifiers>
<modifierSpeciesReference species="s144">
<annotation>
<celldesigner:alias>a136</celldesigner:alias>
</annotation>
</modifierSpeciesReference>
</listOfModifiers>
</reaction>
<reaction id="r65" reversible="false">
<annotation>
<celldesigner:reactionType>STATE_TRANSITION</celldesigner:reactionType>
<celldesigner:baseReactants>s130</celldesigner:baseReactants>
<celldesigner:baseProducts>s131</celldesigner:baseProducts>
<celldesigner:editPoints>0.3333333333333335,5.551115123125783E-16 0.6666666666666672,1.2212453270876722E-15</celldesigner:editPoints>
</annotation>
<listOfReactants>
<speciesReference species="s130">
<annotation>
<celldesigner:alias>a120</celldesigner:alias>
</annotation>
</speciesReference>
</listOfReactants>
<listOfProducts>
<speciesReference species="s131">
<annotation>
<celldesigner:alias>a121</celldesigner:alias>
</annotation>
</speciesReference>
</listOfProducts>
</reaction>
<reaction id="r66" reversible="false">
<annotation>
<celldesigner:reactionType>STATE_TRANSITION</celldesigner:reactionType>
<celldesigner:baseReactants>s132</celldesigner:baseReactants>
<celldesigner:baseProducts>s133</celldesigner:baseProducts>
<celldesigner:listOfReactantLinks>
<celldesigner:reactantLink alias="a138" reactant="s138" targetLineIndex="-1,1"/>
</celldesigner:listOfReactantLinks>
<celldesigner:listOfProductLinks>
<celldesigner:productLink alias="a139" product="s139" targetLineIndex="-1,1"/>
</celldesigner:listOfProductLinks>
<celldesigner:editPoints>0.33333333333333326,-1.1102230246251565E-16 0.6666666666666667,-1.1102230246251565E-16</celldesigner:editPoints>
<celldesigner:listOfModification>
<celldesigner:modification aliases="a141" editPoints="0.3333333333333335,-4.440892098500626E-16 0.6666666666666669,-4.440892098500626E-16" modifiers="s147" targetLineIndex="-1,1" type="CATALYSIS"/>
</celldesigner:listOfModification>
</annotation>
<listOfReactants>
<speciesReference species="s132">
<annotation>
<celldesigner:alias>a122</celldesigner:alias>
</annotation>
</speciesReference>
<speciesReference species="s138">
<annotation>
<celldesigner:alias>a138</celldesigner:alias>
</annotation>
</speciesReference>
</listOfReactants>
<listOfProducts>
<speciesReference species="s133">
<annotation>
<celldesigner:alias>a123</celldesigner:alias>
</annotation>
</speciesReference>
<speciesReference species="s139">
<annotation>
<celldesigner:alias>a139</celldesigner:alias>
</annotation>
</speciesReference>
</listOfProducts>
<listOfModifiers>
<modifierSpeciesReference species="s147">
<annotation>
<celldesigner:alias>a141</celldesigner:alias>
</annotation>
</modifierSpeciesReference>
</listOfModifiers>
</reaction>
<reaction id="r67" reversible="false">
<annotation>
<celldesigner:reactionType>STATE_TRANSITION</celldesigner:reactionType>
<celldesigner:baseReactants>s130</celldesigner:baseReactants>
<celldesigner:baseProducts>s133</celldesigner:baseProducts>
<celldesigner:listOfReactantLinks>
<celldesigner:reactantLink alias="a142" reactant="s158" targetLineIndex="-1,1"/>
</celldesigner:listOfReactantLinks>
<celldesigner:listOfProductLinks>
<celldesigner:productLink alias="a143" product="s152" targetLineIndex="-1,1"/>
</celldesigner:listOfProductLinks>
<celldesigner:editPoints>0.33333333333333326,4.440892098500626E-16 0.6666666666666667,0.0</celldesigner:editPoints>
<celldesigner:listOfModification>
<celldesigner:modification aliases="a152" editPoints="0.3333333333333335,0.0 0.666666666666667,4.440892098500626E-16" modifiers="s163" targetLineIndex="-1,1" type="CATALYSIS"/>
</celldesigner:listOfModification>
</annotation>
<listOfReactants>
<speciesReference species="s130">
<annotation>
<celldesigner:alias>a120</celldesigner:alias>
</annotation>
</speciesReference>
<speciesReference species="s158">
<annotation>
<celldesigner:alias>a142</celldesigner:alias>
</annotation>
</speciesReference>
</listOfReactants>
<listOfProducts>
<speciesReference species="s133">
<annotation>
<celldesigner:alias>a123</celldesigner:alias>
</annotation>
</speciesReference>
<speciesReference species="s152">
<annotation>
<celldesigner:alias>a143</celldesigner:alias>
</annotation>
</speciesReference>
</listOfProducts>
<listOfModifiers>
<modifierSpeciesReference species="s163">
<annotation>
<celldesigner:alias>a152</celldesigner:alias>
</annotation>
</modifierSpeciesReference>
</listOfModifiers>
</reaction>
<reaction id="r68" reversible="false">
<annotation>
<celldesigner:reactionType>STATE_TRANSITION</celldesigner:reactionType>
<celldesigner:baseReactants>s130</celldesigner:baseReactants>
<celldesigner:baseProducts>s134</celldesigner:baseProducts>
<celldesigner:listOfReactantLinks>
<celldesigner:reactantLink alias="a145" reactant="s157" targetLineIndex="-1,1"/>
</celldesigner:listOfReactantLinks>
<celldesigner:listOfProductLinks>
<celldesigner:productLink alias="a147" product="s159" targetLineIndex="-1,1"/>
</celldesigner:listOfProductLinks>
<celldesigner:editPoints>0.33333333333333326,-8.326672684688674E-17 0.6666666666666667,-1.942890293094024E-16</celldesigner:editPoints>
<celldesigner:listOfModification>
<celldesigner:modification aliases="a148" editPoints="0.3333333333333339,-8.881784197001252E-16 0.6666666666666661,-8.881784197001252E-16" modifiers="s160" targetLineIndex="-1,1" type="CATALYSIS"/>
</celldesigner:listOfModification>
</annotation>
<listOfReactants>
<speciesReference species="s130">
<annotation>
<celldesigner:alias>a120</celldesigner:alias>
</annotation>
</speciesReference>
<speciesReference species="s157">
<annotation>
<celldesigner:alias>a145</celldesigner:alias>
</annotation>
</speciesReference>
</listOfReactants>
<listOfProducts>
<speciesReference species="s134">
<annotation>
<celldesigner:alias>a124</celldesigner:alias>
</annotation>
</speciesReference>
<speciesReference species="s159">
<annotation>
<celldesigner:alias>a147</celldesigner:alias>
</annotation>
</speciesReference>
</listOfProducts>
<listOfModifiers>
<modifierSpeciesReference species="s160">
<annotation>
<celldesigner:alias>a148</celldesigner:alias>
</annotation>
</modifierSpeciesReference>
</listOfModifiers>
</reaction>
<reaction id="r70" reversible="false">
<annotation>
<celldesigner:reactionType>STATE_TRANSITION</celldesigner:reactionType>
<celldesigner:baseReactants>s133</celldesigner:baseReactants>
<celldesigner:baseProducts>s134</celldesigner:baseProducts>
<celldesigner:offset x="-26.0" y="2.0"/>
<celldesigner:editPoints>0.3333333333333335,-2.220446049250313E-16 0.6666666666666665,2.220446049250313E-16</celldesigner:editPoints>
</annotation>
<listOfReactants>
<speciesReference species="s133">
<annotation>
<celldesigner:alias>a123</celldesigner:alias>
</annotation>
</speciesReference>
</listOfReactants>
<listOfProducts>
<speciesReference species="s134">
<annotation>
<celldesigner:alias>a127</celldesigner:alias>
</annotation>
</speciesReference>
</listOfProducts>
</reaction>
<reaction id="r72" reversible="false">
<annotation>
<celldesigner:reactionType>HETERODIMER_ASSOCIATION</celldesigner:reactionType>
<celldesigner:baseReactants>s134,s135</celldesigner:baseReactants>
<celldesigner:baseProducts>s133</celldesigner:baseProducts>
<celldesigner:listOfReactantLinks>
<celldesigner:reactantLink alias="a150" reactant="s162" targetLineIndex="1,1"/>
</celldesigner:listOfReactantLinks>
<celldesigner:listOfProductLinks>
<celldesigner:productLink alias="a151" product="s152" targetLineIndex="1,1"/>
</celldesigner:listOfProductLinks>
<celldesigner:editPoints>0.3333333333333335,-8.881784197001252E-16 0.6666666666666667,-8.881784197001252E-16 0.3333333333333335,2.220446049250313E-16 0.666666666666667,6.661338147750939E-16 0.3333333333333339,-2.220446049250313E-16 0.666666666666667,0.0 0.33333333333333337,0.3333333333333335</celldesigner:editPoints>
<celldesigner:listOfModification>
<celldesigner:modification aliases="a153" editPoints="0.33333333333333304,-8.881784197001252E-16 0.6666666666666661,0.0" modifiers="s164" targetLineIndex="1,1" type="CATALYSIS"/>
</celldesigner:listOfModification>
</annotation>
<listOfReactants>
<speciesReference species="s134">
<annotation>
<celldesigner:alias>a127</celldesigner:alias>
</annotation>
</speciesReference>
<speciesReference species="s135">
<annotation>
<celldesigner:alias>a126</celldesigner:alias>
</annotation>
</speciesReference>
<speciesReference species="s162">
<annotation>
<celldesigner:alias>a150</celldesigner:alias>
</annotation>
</speciesReference>
</listOfReactants>
<listOfProducts>
<speciesReference species="s133">
<annotation>
<celldesigner:alias>a123</celldesigner:alias>
</annotation>
</speciesReference>
<speciesReference species="s152">
<annotation>
<celldesigner:alias>a151</celldesigner:alias>
</annotation>
</speciesReference>
</listOfProducts>
<listOfModifiers>
<modifierSpeciesReference species="s164">
<annotation>
<celldesigner:alias>a153</celldesigner:alias>
</annotation>
</modifierSpeciesReference>
</listOfModifiers>
</reaction>
<reaction id="r73" reversible="false">
<annotation>
<celldesigner:reactionType>STATE_TRANSITION</celldesigner:reactionType>
<celldesigner:baseReactants>s131</celldesigner:baseReactants>
<celldesigner:baseProducts>s130</celldesigner:baseProducts>
<celldesigner:editPoints>0.3333333333333335,-3.9968028886505635E-15 0.6666666666666665,-7.882583474838611E-15</celldesigner:editPoints>
<celldesigner:listOfModification>
<celldesigner:modification aliases="a137" editPoints="0.33333333333333304,0.0 0.6666666666666661,-1.7763568394002505E-15" modifiers="s145" targetLineIndex="-1,1" type="CATALYSIS"/>
</celldesigner:listOfModification>
</annotation>
<listOfReactants>
<speciesReference species="s131">
<annotation>
<celldesigner:alias>a121</celldesigner:alias>
</annotation>
</speciesReference>
</listOfReactants>
<listOfProducts>
<speciesReference species="s130">
<annotation>
<celldesigner:alias>a120</celldesigner:alias>
</annotation>
</speciesReference>
</listOfProducts>
<listOfModifiers>
<modifierSpeciesReference species="s145">
<annotation>
<celldesigner:alias>a137</celldesigner:alias>
</annotation>
</modifierSpeciesReference>
</listOfModifiers>
</reaction>
<reaction id="r75" reversible="false">
<annotation>
<celldesigner:reactionType>HETERODIMER_ASSOCIATION</celldesigner:reactionType>
<celldesigner:baseReactants>s133,s134</celldesigner:baseReactants>
<celldesigner:baseProducts>s135</celldesigner:baseProducts>
<celldesigner:offset x="32.0" y="-2.0"/>
<celldesigner:editPoints>0.3333333333333335,2.220446049250313E-16 0.6666666666666667,4.440892098500626E-16 0.3333333333333335,-4.440892098500626E-16 0.6666666666666665,0.0 0.33333333333333304,2.220446049250313E-16 0.666666666666667,-2.220446049250313E-16 0.3333333333333339,0.33333333333333304</celldesigner:editPoints>
<celldesigner:listOfModification>
<celldesigner:modification aliases="a149" editPoints="0.33333333333333304,0.0 0.6666666666666661,0.0" modifiers="s161" targetLineIndex="0,1" type="CATALYSIS"/>
</celldesigner:listOfModification>
</annotation>
<listOfReactants>
<speciesReference species="s133">
<annotation>
<celldesigner:alias>a123</celldesigner:alias>
</annotation>
</speciesReference>
<speciesReference species="s134">
<annotation>
<celldesigner:alias>a124</celldesigner:alias>
</annotation>
</speciesReference>
</listOfReactants>
<listOfProducts>
<speciesReference species="s135">
<annotation>
<celldesigner:alias>a126</celldesigner:alias>
</annotation>
</speciesReference>
</listOfProducts>
<listOfModifiers>
<modifierSpeciesReference species="s161">
<annotation>
<celldesigner:alias>a149</celldesigner:alias>
</annotation>
</modifierSpeciesReference>
</listOfModifiers>
</reaction>
<reaction id="r76" reversible="false">
<annotation>
<celldesigner:reactionType>STATE_TRANSITION</celldesigner:reactionType>
<celldesigner:baseReactants>s134</celldesigner:baseReactants>
<celldesigner:baseProducts>s3</celldesigner:baseProducts>
<celldesigner:listOfReactantLinks>
<celldesigner:reactantLink alias="a154" reactant="s165" targetLineIndex="-1,0"/>
</celldesigner:listOfReactantLinks>
<celldesigner:listOfProductLinks>
<celldesigner:productLink alias="a155" product="s166" targetLineIndex="-1,0"/>
</celldesigner:listOfProductLinks>
<celldesigner:offset x="-38.0" y="22.0"/>
<celldesigner:editPoints>0.467372371509877,-0.3990675935191437 0.8472598604528467,-0.3310548818081906</celldesigner:editPoints>
<celldesigner:listOfModification>
<celldesigner:modification aliases="a156" editPoints="0.3333333333333339,-8.881784197001252E-16 0.6666666666666674,0.0" modifiers="s167" targetLineIndex="-1,0" type="CATALYSIS"/>
</celldesigner:listOfModification>
</annotation>
<listOfReactants>
<speciesReference species="s134">
<annotation>
<celldesigner:alias>a127</celldesigner:alias>
</annotation>
</speciesReference>
<speciesReference species="s165">
<annotation>
<celldesigner:alias>a154</celldesigner:alias>
</annotation>
</speciesReference>
</listOfReactants>
<listOfProducts>
<speciesReference species="s3">
<annotation>
<celldesigner:alias>a3</celldesigner:alias>
</annotation>
</speciesReference>
<speciesReference species="s166">
<annotation>
<celldesigner:alias>a155</celldesigner:alias>
</annotation>
</speciesReference>
</listOfProducts>
<listOfModifiers>
<modifierSpeciesReference species="s167">
<annotation>
<celldesigner:alias>a156</celldesigner:alias>
</annotation>
</modifierSpeciesReference>
</listOfModifiers>
</reaction>
</listOfReactions>
</model>
</sbml>
