<?xml version="1.0" encoding="UTF-8"?>
<!-- Terms and Conditions -->
<!-- 
Copyright (C)) 2005 Applied Biosystems.  
This file may be copied and redistributed freely, without advance permission, 
provided that this Copyright statement is reproduced with each copy.  
 
LIMITATION OF WARRANTY 
NOTHING IN THIS AGREEMENT WILL BE CONSTRUED AS A REPRESENTATION MADE OR 
WARRANTY GIVEN BY APPLIED BIOSYSTEMS OR ANY THIRD PARTY THAT THE USE OF 
DATA PROVIDED HEREUNDER WILL NOT INFRINGE ANY PATENT, COPYRIGHT, TRADEMARK 
OR OTHER RIGHTS OF ANY THIRD PARTY. DATA IS PROVIDED "AS IS" WITHOUT 
WARRANTY OF ANY KIND WHATSOEVER, EXPRESS OR IMPLIED, INCLUDING IMPLIED 
WARRANTIES OF MERCHANTABILITY OR FITNESS FOR A PARTICULAR PURPOSE. APPLIED 
BIOSYSTEMS MAKES NO WARRANTY THAT ITS DATA DOES NOT CONTAIN ERRORS.
-->

<!-- Created by SBML API 2.0(a17.0) -->
<sbml level="2" version="1" xmlns="http://www.sbml.org/sbml/level2" xmlns:celldesigner="http://www.sbml.org/2001/ns/celldesigner">
<model id="Salvage_space_pyrimidine_space_deoxyribonucleotides">
<notes>
<html xmlns="http://www.w3.org/1999/xhtml">
<!--Notes by CellDesigner-->
<body>
<![CDATA[
Pyrimidine deoxyribonucleotides can be synthesize in two ways: de novo biosynthesis and salvaging pathways. In salvaging pathways nucleosides and bases from RNA and DNA breakdown can reenter de novo pyrimidine deoxyribonucleotide biosynthesis.
Website=www.biocyc.org/Ecoli/Pathways/
free text=Voet and Voet  (textbook)  Biochemistry
]]>
</body>
</html>
</notes>
<annotation>
<celldesigner:modelVersion>2.3</celldesigner:modelVersion>
<celldesigner:modelDisplay sizeX="600" sizeY="600"/>
<celldesigner:listOfCompartmentAliases/>
<celldesigner:listOfSpeciesAliases>
<celldesigner:speciesAlias id="a1" species="s1">
<celldesigner:activity>inactive</celldesigner:activity>
<celldesigner:bounds h="27.0" w="87.0" x="297.0" y="16.0"/>
<celldesigner:singleLine width="1.0"/>
<celldesigner:paint color="ffffffff" scheme="Color"/>
</celldesigner:speciesAlias>
<celldesigner:speciesAlias id="a2" species="s2">
<celldesigner:activity>inactive</celldesigner:activity>
<celldesigner:bounds h="20.0" w="29.0" x="275.0" y="53.0"/>
<celldesigner:singleLine width="1.0"/>
<celldesigner:paint color="ffffffff" scheme="Color"/>
</celldesigner:speciesAlias>
<celldesigner:speciesAlias id="a3" species="s3">
<celldesigner:activity>inactive</celldesigner:activity>
<celldesigner:bounds h="22.0" w="33.0" x="274.0" y="107.0"/>
<celldesigner:singleLine width="1.0"/>
<celldesigner:paint color="ffffffff" scheme="Color"/>
</celldesigner:speciesAlias>
<celldesigner:speciesAlias id="a4" species="s4">
<celldesigner:activity>inactive</celldesigner:activity>
<celldesigner:bounds h="29.0" w="91.0" x="298.0" y="151.0"/>
<celldesigner:singleLine width="1.0"/>
<celldesigner:paint color="ffffffff" scheme="Color"/>
</celldesigner:speciesAlias>
<celldesigner:speciesAlias id="a5" species="s5">
<celldesigner:activity>inactive</celldesigner:activity>
<celldesigner:bounds h="24.0" w="27.0" x="426.0" y="142.0"/>
<celldesigner:singleLine width="1.0"/>
<celldesigner:paint color="ffffffff" scheme="Color"/>
</celldesigner:speciesAlias>
<celldesigner:speciesAlias id="a6" species="s6">
<celldesigner:activity>inactive</celldesigner:activity>
<celldesigner:bounds h="24.0" w="33.0" x="493.0" y="153.0"/>
<celldesigner:singleLine width="1.0"/>
<celldesigner:paint color="ffffffff" scheme="Color"/>
</celldesigner:speciesAlias>
<celldesigner:speciesAlias id="a7" species="s7">
<celldesigner:activity>inactive</celldesigner:activity>
<celldesigner:bounds h="22.0" w="72.0" x="504.0" y="197.0"/>
<celldesigner:singleLine width="1.0"/>
<celldesigner:paint color="ffffffff" scheme="Color"/>
</celldesigner:speciesAlias>
<celldesigner:speciesAlias id="a8" species="s8">
<celldesigner:activity>inactive</celldesigner:activity>
<celldesigner:bounds h="21.0" w="30.0" x="212.0" y="131.0"/>
<celldesigner:singleLine width="1.0"/>
<celldesigner:paint color="ffffffff" scheme="Color"/>
</celldesigner:speciesAlias>
<celldesigner:speciesAlias id="a9" species="s9">
<celldesigner:activity>inactive</celldesigner:activity>
<celldesigner:bounds h="19.0" w="47.0" x="143.0" y="155.0"/>
<celldesigner:singleLine width="1.0"/>
<celldesigner:paint color="ffffffff" scheme="Color"/>
</celldesigner:speciesAlias>
<celldesigner:speciesAlias id="a10" species="s10">
<celldesigner:activity>inactive</celldesigner:activity>
<celldesigner:bounds h="36.0" w="107.0" x="60.0" y="199.0"/>
<celldesigner:singleLine width="1.0"/>
<celldesigner:paint color="ffffffff" scheme="Color"/>
</celldesigner:speciesAlias>
<celldesigner:speciesAlias id="a11" species="s11">
<celldesigner:activity>inactive</celldesigner:activity>
<celldesigner:bounds h="17.0" w="60.0" x="25.0" y="255.0"/>
<celldesigner:singleLine width="1.0"/>
<celldesigner:paint color="ffffffff" scheme="Color"/>
</celldesigner:speciesAlias>
<celldesigner:speciesAlias id="a12" species="s8">
<celldesigner:activity>inactive</celldesigner:activity>
<celldesigner:bounds h="20.0" w="34.0" x="44.0" y="336.0"/>
<celldesigner:singleLine width="1.0"/>
<celldesigner:paint color="ffffffff" scheme="Color"/>
</celldesigner:speciesAlias>
<celldesigner:speciesAlias id="a13" species="s12">
<celldesigner:activity>inactive</celldesigner:activity>
<celldesigner:bounds h="25.0" w="78.0" x="74.0" y="376.0"/>
<celldesigner:singleLine width="1.0"/>
<celldesigner:paint color="ffffffff" scheme="Color"/>
</celldesigner:speciesAlias>
<celldesigner:speciesAlias id="a14" species="s5">
<celldesigner:activity>inactive</celldesigner:activity>
<celldesigner:bounds h="17.0" w="39.0" x="53.0" y="400.0"/>
<celldesigner:singleLine width="1.0"/>
<celldesigner:paint color="ffffffff" scheme="Color"/>
</celldesigner:speciesAlias>
<celldesigner:speciesAlias id="a15" species="s6">
<celldesigner:activity>inactive</celldesigner:activity>
<celldesigner:bounds h="22.0" w="37.0" x="49.0" y="473.0"/>
<celldesigner:singleLine width="1.0"/>
<celldesigner:paint color="ffffffff" scheme="Color"/>
</celldesigner:speciesAlias>
<celldesigner:speciesAlias id="a16" species="s13">
<celldesigner:activity>inactive</celldesigner:activity>
<celldesigner:bounds h="22.0" w="72.0" x="79.0" y="504.0"/>
<celldesigner:singleLine width="1.0"/>
<celldesigner:paint color="ffffffff" scheme="Color"/>
</celldesigner:speciesAlias>
<celldesigner:speciesAlias id="a17" species="s14">
<celldesigner:activity>inactive</celldesigner:activity>
<celldesigner:bounds h="25.0" w="116.0" x="417.0" y="85.0"/>
<celldesigner:singleLine width="1.0"/>
<celldesigner:paint color="ff66ccff" scheme="Color"/>
</celldesigner:speciesAlias>
<celldesigner:speciesAlias id="a18" species="s15">
<celldesigner:activity>inactive</celldesigner:activity>
<celldesigner:bounds h="26.0" w="113.0" x="369.0" y="231.0"/>
<celldesigner:singleLine width="1.0"/>
<celldesigner:paint color="ff66ccff" scheme="Color"/>
</celldesigner:speciesAlias>
<celldesigner:speciesAlias id="a19" species="s16">
<celldesigner:activity>inactive</celldesigner:activity>
<celldesigner:bounds h="28.0" w="121.0" x="204.0" y="232.0"/>
<celldesigner:singleLine width="1.0"/>
<celldesigner:paint color="ff66ccff" scheme="Color"/>
</celldesigner:speciesAlias>
<celldesigner:speciesAlias id="a20" species="s17">
<celldesigner:activity>inactive</celldesigner:activity>
<celldesigner:bounds h="27.0" w="148.0" x="214.0" y="293.0"/>
<celldesigner:singleLine width="1.0"/>
<celldesigner:paint color="ff66ccff" scheme="Color"/>
</celldesigner:speciesAlias>
<celldesigner:speciesAlias id="a21" species="s18">
<celldesigner:activity>inactive</celldesigner:activity>
<celldesigner:bounds h="29.0" w="102.0" x="221.0" y="437.0"/>
<celldesigner:singleLine width="1.0"/>
<celldesigner:paint color="ff66ccff" scheme="Color"/>
</celldesigner:speciesAlias>
</celldesigner:listOfSpeciesAliases>
<celldesigner:listOfGroups/>
<celldesigner:listOfProteins>
<celldesigner:protein id="p1" name="Cytidine deaminase" type="GENERIC"/>
<celldesigner:protein id="p2" name="Deoxyuridine kinase" type="GENERIC"/>
<celldesigner:protein id="p3" name="Uracil phosphorylase" type="GENERIC"/>
<celldesigner:protein id="p4" name="Thymidine phosphorylase" type="GENERIC"/>
<celldesigner:protein id="p5" name="Thymidine kinase" type="GENERIC"/>
</celldesigner:listOfProteins>
<celldesigner:listOfBlockDiagrams/>
</annotation>
<listOfCompartments>
<compartment id="default" size="1.0"/>
</listOfCompartments>
<listOfSpecies>
<species compartment="default" id="s1" initialAmount="0.0" name="deoxycytidine">
<notes>
<html xmlns="http://www.w3.org/1999/xhtml">
<!--Notes by CellDesigner-->
<body>
Long Name:  deoxycytidine
Synonym:  Synonym not specified
Accession:  S04128
</body>
</html>
</notes>
<annotation>
<celldesigner:positionToCompartment>inside</celldesigner:positionToCompartment>
<celldesigner:speciesIdentity>
<celldesigner:class>SIMPLE_MOLECULE</celldesigner:class>
<celldesigner:name>deoxycytidine</celldesigner:name>
</celldesigner:speciesIdentity>
</annotation>
</species>
<species compartment="default" id="s2" initialAmount="0.0" name="H_sub_2_endsub_O">
<notes>
<html xmlns="http://www.w3.org/1999/xhtml">
<!--Notes by CellDesigner-->
<body>
Long Name:  H2O
Synonym:  Synonym not specified
Accession:  S04132
</body>
</html>
</notes>
<annotation>
<celldesigner:positionToCompartment>inside</celldesigner:positionToCompartment>
<celldesigner:speciesIdentity>
<celldesigner:class>SIMPLE_MOLECULE</celldesigner:class>
<celldesigner:name>H_sub_2_endsub_O</celldesigner:name>
</celldesigner:speciesIdentity>
</annotation>
</species>
<species compartment="default" id="s3" initialAmount="0.0" name="NH_sub_3">
<notes>
<html xmlns="http://www.w3.org/1999/xhtml">
<!--Notes by CellDesigner-->
<body>
Long Name:  NH3
Synonym:  Synonym not specified
Accession:  S04127
</body>
</html>
</notes>
<annotation>
<celldesigner:positionToCompartment>inside</celldesigner:positionToCompartment>
<celldesigner:speciesIdentity>
<celldesigner:class>SIMPLE_MOLECULE</celldesigner:class>
<celldesigner:name>NH_sub_3</celldesigner:name>
</celldesigner:speciesIdentity>
</annotation>
</species>
<species compartment="default" id="s4" initialAmount="0.0" name="deoxyuridine">
<notes>
<html xmlns="http://www.w3.org/1999/xhtml">
<!--Notes by CellDesigner-->
<body>
Long Name:  deoxyuridine
Synonym:  Synonym not specified
Accession:  S04133
</body>
</html>
</notes>
<annotation>
<celldesigner:positionToCompartment>inside</celldesigner:positionToCompartment>
<celldesigner:speciesIdentity>
<celldesigner:class>SIMPLE_MOLECULE</celldesigner:class>
<celldesigner:name>deoxyuridine</celldesigner:name>
</celldesigner:speciesIdentity>
</annotation>
</species>
<species compartment="default" id="s5" initialAmount="0.0" name="ATP">
<notes>
<html xmlns="http://www.w3.org/1999/xhtml">
<!--Notes by CellDesigner-->
<body>
Long Name:  ATP
Synonym:  Synonym not specified
Accession:  S04130
</body>
</html>
</notes>
<annotation>
<celldesigner:positionToCompartment>inside</celldesigner:positionToCompartment>
<celldesigner:speciesIdentity>
<celldesigner:class>SIMPLE_MOLECULE</celldesigner:class>
<celldesigner:name>ATP</celldesigner:name>
</celldesigner:speciesIdentity>
</annotation>
</species>
<species compartment="default" id="s6" initialAmount="0.0" name="ADP">
<notes>
<html xmlns="http://www.w3.org/1999/xhtml">
<!--Notes by CellDesigner-->
<body>
Long Name:  ADP
Synonym:  Synonym not specified
Accession:  S04138
</body>
</html>
</notes>
<annotation>
<celldesigner:positionToCompartment>inside</celldesigner:positionToCompartment>
<celldesigner:speciesIdentity>
<celldesigner:class>SIMPLE_MOLECULE</celldesigner:class>
<celldesigner:name>ADP</celldesigner:name>
</celldesigner:speciesIdentity>
</annotation>
</species>
<species compartment="default" id="s7" initialAmount="0.0" name="dUMP">
<notes>
<html xmlns="http://www.w3.org/1999/xhtml">
<!--Notes by CellDesigner-->
<body>
Long Name:  dUMP
Synonym:  Synonym not specified
Accession:  S04139
</body>
</html>
</notes>
<annotation>
<celldesigner:positionToCompartment>inside</celldesigner:positionToCompartment>
<celldesigner:speciesIdentity>
<celldesigner:class>SIMPLE_MOLECULE</celldesigner:class>
<celldesigner:name>dUMP</celldesigner:name>
</celldesigner:speciesIdentity>
</annotation>
</species>
<species compartment="default" id="s8" initialAmount="0.0" name="PO_sub_4">
<notes>
<html xmlns="http://www.w3.org/1999/xhtml">
<!--Notes by CellDesigner-->
<body>
Long Name:  PO4
Synonym:  Synonym not specified
Accession:  S04136
</body>
</html>
</notes>
<annotation>
<celldesigner:positionToCompartment>inside</celldesigner:positionToCompartment>
<celldesigner:speciesIdentity>
<celldesigner:class>SIMPLE_MOLECULE</celldesigner:class>
<celldesigner:name>PO_sub_4</celldesigner:name>
</celldesigner:speciesIdentity>
</annotation>
</species>
<species compartment="default" id="s9" initialAmount="0.0" name="uracil">
<notes>
<html xmlns="http://www.w3.org/1999/xhtml">
<!--Notes by CellDesigner-->
<body>
Long Name:  uracil
Synonym:  Synonym not specified
Accession:  S04135
</body>
</html>
</notes>
<annotation>
<celldesigner:positionToCompartment>inside</celldesigner:positionToCompartment>
<celldesigner:speciesIdentity>
<celldesigner:class>SIMPLE_MOLECULE</celldesigner:class>
<celldesigner:name>uracil</celldesigner:name>
</celldesigner:speciesIdentity>
</annotation>
</species>
<species compartment="default" id="s10" initialAmount="0.0" name="deoxyribose-1-_br_phosphate">
<notes>
<html xmlns="http://www.w3.org/1999/xhtml">
<!--Notes by CellDesigner-->
<body>
Long Name:  deoxyribose-1-phosphate
Synonym:  Synonym not specified
Accession:  S04134
</body>
</html>
</notes>
<annotation>
<celldesigner:positionToCompartment>inside</celldesigner:positionToCompartment>
<celldesigner:speciesIdentity>
<celldesigner:class>SIMPLE_MOLECULE</celldesigner:class>
<celldesigner:name>deoxyribose-1-_br_phosphate</celldesigner:name>
</celldesigner:speciesIdentity>
</annotation>
</species>
<species compartment="default" id="s11" initialAmount="0.0" name="thymine">
<notes>
<html xmlns="http://www.w3.org/1999/xhtml">
<!--Notes by CellDesigner-->
<body>
Long Name:  thymine
Synonym:  Synonym not specified
Accession:  S04129
</body>
</html>
</notes>
<annotation>
<celldesigner:positionToCompartment>inside</celldesigner:positionToCompartment>
<celldesigner:speciesIdentity>
<celldesigner:class>SIMPLE_MOLECULE</celldesigner:class>
<celldesigner:name>thymine</celldesigner:name>
</celldesigner:speciesIdentity>
</annotation>
</species>
<species compartment="default" id="s12" initialAmount="0.0" name="thymidine">
<notes>
<html xmlns="http://www.w3.org/1999/xhtml">
<!--Notes by CellDesigner-->
<body>
Long Name:  thymidine
Synonym:  Synonym not specified
Accession:  S04137
</body>
</html>
</notes>
<annotation>
<celldesigner:positionToCompartment>inside</celldesigner:positionToCompartment>
<celldesigner:speciesIdentity>
<celldesigner:class>SIMPLE_MOLECULE</celldesigner:class>
<celldesigner:name>thymidine</celldesigner:name>
</celldesigner:speciesIdentity>
</annotation>
</species>
<species compartment="default" id="s13" initialAmount="0.0" name="dTMP">
<notes>
<html xmlns="http://www.w3.org/1999/xhtml">
<!--Notes by CellDesigner-->
<body>
Long Name:  dTMP
Synonym:  Synonym not specified
Accession:  S04131
</body>
</html>
</notes>
<annotation>
<celldesigner:positionToCompartment>inside</celldesigner:positionToCompartment>
<celldesigner:speciesIdentity>
<celldesigner:class>SIMPLE_MOLECULE</celldesigner:class>
<celldesigner:name>dTMP</celldesigner:name>
</celldesigner:speciesIdentity>
</annotation>
</species>
<species compartment="default" id="s14" initialAmount="0.0" name="Cytidine deaminase">
<notes>
<html xmlns="http://www.w3.org/1999/xhtml">
<!--Notes by CellDesigner-->
<body>
Long Name:  Cytidine deaminase
Synonym:  Synonym not specified
Accession:  P03144
</body>
</html>
</notes>
<annotation>
<celldesigner:positionToCompartment>inside</celldesigner:positionToCompartment>
<celldesigner:speciesIdentity>
<celldesigner:class>PROTEIN</celldesigner:class>
<celldesigner:proteinReference>p1</celldesigner:proteinReference>
</celldesigner:speciesIdentity>
<celldesigner:listOfCatalyzedReactions>
<celldesigner:catalyzed reaction="r1"/>
</celldesigner:listOfCatalyzedReactions>
</annotation>
</species>
<species compartment="default" id="s15" initialAmount="0.0" name="Deoxyuridine kinase">
<notes>
<html xmlns="http://www.w3.org/1999/xhtml">
<!--Notes by CellDesigner-->
<body>
Long Name:  Deoxyuridine kinase
Synonym:  Synonym not specified
Accession:  P03146
</body>
</html>
</notes>
<annotation>
<celldesigner:positionToCompartment>inside</celldesigner:positionToCompartment>
<celldesigner:speciesIdentity>
<celldesigner:class>PROTEIN</celldesigner:class>
<celldesigner:proteinReference>p2</celldesigner:proteinReference>
</celldesigner:speciesIdentity>
<celldesigner:listOfCatalyzedReactions>
<celldesigner:catalyzed reaction="r2"/>
</celldesigner:listOfCatalyzedReactions>
</annotation>
</species>
<species compartment="default" id="s16" initialAmount="0.0" name="Uracil phosphorylase">
<notes>
<html xmlns="http://www.w3.org/1999/xhtml">
<!--Notes by CellDesigner-->
<body>
Long Name:  Uracil phosphorylase
Synonym:  Synonym not specified
Accession:  P03145
</body>
</html>
</notes>
<annotation>
<celldesigner:positionToCompartment>inside</celldesigner:positionToCompartment>
<celldesigner:speciesIdentity>
<celldesigner:class>PROTEIN</celldesigner:class>
<celldesigner:proteinReference>p3</celldesigner:proteinReference>
</celldesigner:speciesIdentity>
<celldesigner:listOfCatalyzedReactions>
<celldesigner:catalyzed reaction="r3"/>
</celldesigner:listOfCatalyzedReactions>
</annotation>
</species>
<species compartment="default" id="s17" initialAmount="0.0" name="Thymidine phosphorylase">
<notes>
<html xmlns="http://www.w3.org/1999/xhtml">
<!--Notes by CellDesigner-->
<body>
Long Name:  Thymidine phosphorylase
Synonym:  Synonym not specified
Accession:  P03148
</body>
</html>
</notes>
<annotation>
<celldesigner:positionToCompartment>inside</celldesigner:positionToCompartment>
<celldesigner:speciesIdentity>
<celldesigner:class>PROTEIN</celldesigner:class>
<celldesigner:proteinReference>p4</celldesigner:proteinReference>
</celldesigner:speciesIdentity>
<celldesigner:listOfCatalyzedReactions>
<celldesigner:catalyzed reaction="r4"/>
</celldesigner:listOfCatalyzedReactions>
</annotation>
</species>
<species compartment="default" id="s18" initialAmount="0.0" name="Thymidine kinase">
<notes>
<html xmlns="http://www.w3.org/1999/xhtml">
<!--Notes by CellDesigner-->
<body>
Long Name:  Thymidine kinase
Synonym:  Synonym not specified
Accession:  P03147
</body>
</html>
</notes>
<annotation>
<celldesigner:positionToCompartment>inside</celldesigner:positionToCompartment>
<celldesigner:speciesIdentity>
<celldesigner:class>PROTEIN</celldesigner:class>
<celldesigner:proteinReference>p5</celldesigner:proteinReference>
</celldesigner:speciesIdentity>
<celldesigner:listOfCatalyzedReactions>
<celldesigner:catalyzed reaction="r5"/>
</celldesigner:listOfCatalyzedReactions>
</annotation>
</species>
</listOfSpecies>
<listOfReactions>
<reaction id="r1" reversible="false">
<annotation>
<celldesigner:reactionType>STATE_TRANSITION</celldesigner:reactionType>
<celldesigner:baseReactants>s1</celldesigner:baseReactants>
<celldesigner:baseProducts>s4</celldesigner:baseProducts>
<celldesigner:listOfReactantLinks>
<celldesigner:reactantLink alias="a2" reactant="s2" targetLineIndex="-1,0"/>
</celldesigner:listOfReactantLinks>
<celldesigner:listOfProductLinks>
<celldesigner:productLink alias="a3" product="s3" targetLineIndex="-1,1"/>
</celldesigner:listOfProductLinks>
<celldesigner:editPoints>0.3333333333333333,4.440892098500626E-16 0.6666666666666667,4.440892098500626E-16</celldesigner:editPoints>
<celldesigner:listOfModification>
<celldesigner:modification aliases="a17" editPoints="0.33333333333333304,0.0 0.666666666666667,0.0" modifiers="s14" targetLineIndex="-1,1" type="CATALYSIS"/>
</celldesigner:listOfModification>
</annotation>
<listOfReactants>
<speciesReference species="s1">
<annotation>
<celldesigner:alias>a1</celldesigner:alias>
</annotation>
</speciesReference>
<speciesReference species="s2">
<annotation>
<celldesigner:alias>a2</celldesigner:alias>
</annotation>
</speciesReference>
</listOfReactants>
<listOfProducts>
<speciesReference species="s4">
<annotation>
<celldesigner:alias>a4</celldesigner:alias>
</annotation>
</speciesReference>
<speciesReference species="s3">
<annotation>
<celldesigner:alias>a3</celldesigner:alias>
</annotation>
</speciesReference>
</listOfProducts>
<listOfModifiers>
<modifierSpeciesReference species="s14">
<annotation>
<celldesigner:alias>a17</celldesigner:alias>
</annotation>
</modifierSpeciesReference>
</listOfModifiers>
</reaction>
<reaction id="r2" reversible="false">
<annotation>
<celldesigner:reactionType>STATE_TRANSITION</celldesigner:reactionType>
<celldesigner:baseReactants>s4</celldesigner:baseReactants>
<celldesigner:baseProducts>s7</celldesigner:baseProducts>
<celldesigner:listOfReactantLinks>
<celldesigner:reactantLink alias="a5" reactant="s5" targetLineIndex="-1,1"/>
</celldesigner:listOfReactantLinks>
<celldesigner:listOfProductLinks>
<celldesigner:productLink alias="a6" product="s6" targetLineIndex="-1,1"/>
</celldesigner:listOfProductLinks>
<celldesigner:editPoints>0.3333333333333335,-4.579669976578771E-16 0.6666666666666665,-1.249000902703301E-16</celldesigner:editPoints>
<celldesigner:listOfModification>
<celldesigner:modification aliases="a18" editPoints="0.3333333333333348,0.0 0.6666666666666679,0.0" modifiers="s15" targetLineIndex="-1,1" type="CATALYSIS"/>
</celldesigner:listOfModification>
</annotation>
<listOfReactants>
<speciesReference species="s4">
<annotation>
<celldesigner:alias>a4</celldesigner:alias>
</annotation>
</speciesReference>
<speciesReference species="s5">
<annotation>
<celldesigner:alias>a5</celldesigner:alias>
</annotation>
</speciesReference>
</listOfReactants>
<listOfProducts>
<speciesReference species="s7">
<annotation>
<celldesigner:alias>a7</celldesigner:alias>
</annotation>
</speciesReference>
<speciesReference species="s6">
<annotation>
<celldesigner:alias>a6</celldesigner:alias>
</annotation>
</speciesReference>
</listOfProducts>
<listOfModifiers>
<modifierSpeciesReference species="s15">
<annotation>
<celldesigner:alias>a18</celldesigner:alias>
</annotation>
</modifierSpeciesReference>
</listOfModifiers>
</reaction>
<reaction id="r3" reversible="false">
<annotation>
<celldesigner:reactionType>STATE_TRANSITION</celldesigner:reactionType>
<celldesigner:baseReactants>s4</celldesigner:baseReactants>
<celldesigner:baseProducts>s10</celldesigner:baseProducts>
<celldesigner:listOfReactantLinks>
<celldesigner:reactantLink alias="a8" reactant="s8" targetLineIndex="-1,1"/>
</celldesigner:listOfReactantLinks>
<celldesigner:listOfProductLinks>
<celldesigner:productLink alias="a9" product="s9" targetLineIndex="-1,1"/>
</celldesigner:listOfProductLinks>
<celldesigner:editPoints>0.33333333333333326,-2.220446049250313E-16 0.6666666666666665,-2.220446049250313E-16</celldesigner:editPoints>
<celldesigner:listOfModification>
<celldesigner:modification aliases="a19" editPoints="0.3333333333333339,-4.996003610813204E-16 0.666666666666667,-5.551115123125783E-17" modifiers="s16" targetLineIndex="-1,1" type="CATALYSIS"/>
</celldesigner:listOfModification>
</annotation>
<listOfReactants>
<speciesReference species="s4">
<annotation>
<celldesigner:alias>a4</celldesigner:alias>
</annotation>
</speciesReference>
<speciesReference species="s8">
<annotation>
<celldesigner:alias>a8</celldesigner:alias>
</annotation>
</speciesReference>
</listOfReactants>
<listOfProducts>
<speciesReference species="s10">
<annotation>
<celldesigner:alias>a10</celldesigner:alias>
</annotation>
</speciesReference>
<speciesReference species="s9">
<annotation>
<celldesigner:alias>a9</celldesigner:alias>
</annotation>
</speciesReference>
</listOfProducts>
<listOfModifiers>
<modifierSpeciesReference species="s16">
<annotation>
<celldesigner:alias>a19</celldesigner:alias>
</annotation>
</modifierSpeciesReference>
</listOfModifiers>
</reaction>
<reaction id="r4" reversible="false">
<annotation>
<celldesigner:reactionType>STATE_TRANSITION</celldesigner:reactionType>
<celldesigner:baseReactants>s10</celldesigner:baseReactants>
<celldesigner:baseProducts>s12</celldesigner:baseProducts>
<celldesigner:listOfReactantLinks>
<celldesigner:reactantLink alias="a11" reactant="s11" targetLineIndex="-1,0"/>
</celldesigner:listOfReactantLinks>
<celldesigner:listOfProductLinks>
<celldesigner:productLink alias="a12" product="s8" targetLineIndex="-1,1"/>
</celldesigner:listOfProductLinks>
<celldesigner:editPoints>0.33333333333333304,0.0 0.666666666666667,-4.440892098500626E-16</celldesigner:editPoints>
<celldesigner:listOfModification>
<celldesigner:modification aliases="a20" editPoints="0.3333333333333335,8.881784197001252E-16 0.6666666666666667,4.440892098500626E-16" modifiers="s17" targetLineIndex="-1,1" type="CATALYSIS"/>
</celldesigner:listOfModification>
</annotation>
<listOfReactants>
<speciesReference species="s10">
<annotation>
<celldesigner:alias>a10</celldesigner:alias>
</annotation>
</speciesReference>
<speciesReference species="s11">
<annotation>
<celldesigner:alias>a11</celldesigner:alias>
</annotation>
</speciesReference>
</listOfReactants>
<listOfProducts>
<speciesReference species="s12">
<annotation>
<celldesigner:alias>a13</celldesigner:alias>
</annotation>
</speciesReference>
<speciesReference species="s8">
<annotation>
<celldesigner:alias>a12</celldesigner:alias>
</annotation>
</speciesReference>
</listOfProducts>
<listOfModifiers>
<modifierSpeciesReference species="s17">
<annotation>
<celldesigner:alias>a20</celldesigner:alias>
</annotation>
</modifierSpeciesReference>
</listOfModifiers>
</reaction>
<reaction id="r5" reversible="false">
<annotation>
<celldesigner:reactionType>STATE_TRANSITION</celldesigner:reactionType>
<celldesigner:baseReactants>s12</celldesigner:baseReactants>
<celldesigner:baseProducts>s13</celldesigner:baseProducts>
<celldesigner:listOfReactantLinks>
<celldesigner:reactantLink alias="a14" reactant="s5" targetLineIndex="-1,0"/>
</celldesigner:listOfReactantLinks>
<celldesigner:listOfProductLinks>
<celldesigner:productLink alias="a15" product="s6" targetLineIndex="-1,1"/>
</celldesigner:listOfProductLinks>
<celldesigner:offset x="1.0" y="-1.0"/>
<celldesigner:editPoints>0.33333333333333304,-2.220446049250313E-16 0.6666666666666661,0.0</celldesigner:editPoints>
<celldesigner:listOfModification>
<celldesigner:modification aliases="a21" editPoints="0.3333333333333335,0.0 0.6666666666666664,0.0" modifiers="s18" targetLineIndex="-1,1" type="CATALYSIS"/>
</celldesigner:listOfModification>
</annotation>
<listOfReactants>
<speciesReference species="s12">
<annotation>
<celldesigner:alias>a13</celldesigner:alias>
</annotation>
</speciesReference>
<speciesReference species="s5">
<annotation>
<celldesigner:alias>a14</celldesigner:alias>
</annotation>
</speciesReference>
</listOfReactants>
<listOfProducts>
<speciesReference species="s13">
<annotation>
<celldesigner:alias>a16</celldesigner:alias>
</annotation>
</speciesReference>
<speciesReference species="s6">
<annotation>
<celldesigner:alias>a15</celldesigner:alias>
</annotation>
</speciesReference>
</listOfProducts>
<listOfModifiers>
<modifierSpeciesReference species="s18">
<annotation>
<celldesigner:alias>a21</celldesigner:alias>
</annotation>
</modifierSpeciesReference>
</listOfModifiers>
</reaction>
</listOfReactions>
</model>
</sbml>
