<?xml version="1.0" encoding="UTF-8"?>
<!-- Created by SBML API 2.0(a17.0) -->
<sbml xmlns="http://www.sbml.org/sbml/level2" xmlns:celldesigner="http://www.sbml.org/2001/ns/celldesigner" level="2" version="1">
<model id="Synaptic_vesicle_trafficking">
<notes>
<html xmlns="http://www.w3.org/1999/xhtml">
<!--Notes by CellDesigner-->
<body>
<![CDATA[
Synaptic vesicle trafficking at the presynaptic active zone is a key process regulating synatpci transmission.  The increase of Ca++ concentration triggers the docking of synatptic vesicle to the presynatpci membrane.  Vesicle proteins, such as synaptotagmin and synaptobrevin, interact with syntaxin and SNAP25 on the presynaptic membrane to for the SNARE complex.  The vesicle membrane then fuses with the presynptic membrane, which results in neurotransmitter release to the synatpci cleft.  Subsequently, the SNARE complex is disassembled, and the vesicle is recycled.
Medline=16707259
Medline=12154365
Medline=12600315
Medline=15217342
]]>
</body>
</html>
</notes>
<annotation>
<celldesigner:modelVersion>2.5</celldesigner:modelVersion>
<celldesigner:modelDisplay sizeX="2000" sizeY="1000"/>
<celldesigner:listOfIncludedSpecies>
<celldesigner:species id="s21" initialAmount="0.0" name="Synaptotagmin">
<celldesigner:notes>
<html xmlns="http://www.w3.org/1999/xhtml">
<!--Notes by CellDesigner-->
<body>
Long Name:  Synaptotagmin
Synonym:  p65
Accession:  P05769
</body>
</html>
</celldesigner:notes>
<celldesigner:annotation>
<celldesigner:complexSpecies>s20</celldesigner:complexSpecies>
<celldesigner:speciesIdentity>
<celldesigner:class>PROTEIN</celldesigner:class>
<celldesigner:proteinReference>pr3</celldesigner:proteinReference>
</celldesigner:speciesIdentity>
</celldesigner:annotation>
</celldesigner:species>
<celldesigner:species id="s22" initialAmount="0.0" name="Synaptobrevin">
<celldesigner:notes>
<html xmlns="http://www.w3.org/1999/xhtml">
<!--Notes by CellDesigner-->
<body>
Long Name:  Synaptobrevin
Synonym:  Vesicle-associated membrane protein,VAMP
Accession:  P05779
</body>
</html>
</celldesigner:notes>
<celldesigner:annotation>
<celldesigner:complexSpecies>s20</celldesigner:complexSpecies>
<celldesigner:speciesIdentity>
<celldesigner:class>PROTEIN</celldesigner:class>
<celldesigner:proteinReference>pr4</celldesigner:proteinReference>
</celldesigner:speciesIdentity>
</celldesigner:annotation>
</celldesigner:species>
<celldesigner:species id="s23" initialAmount="0.0" name="Syntaxin 1/2">
<celldesigner:notes>
<html xmlns="http://www.w3.org/1999/xhtml">
<!--Notes by CellDesigner-->
<body>
Long Name:  Syntaxin 1/2
Synonym:  Stx1/2
Accession:  P05772
</body>
</html>
</celldesigner:notes>
<celldesigner:annotation>
<celldesigner:complexSpecies>s20</celldesigner:complexSpecies>
<celldesigner:speciesIdentity>
<celldesigner:class>PROTEIN</celldesigner:class>
<celldesigner:proteinReference>pr2</celldesigner:proteinReference>
</celldesigner:speciesIdentity>
</celldesigner:annotation>
</celldesigner:species>
<celldesigner:species id="s24" initialAmount="0.0" name="SNAP-25">
<celldesigner:notes>
<html xmlns="http://www.w3.org/1999/xhtml">
<!--Notes by CellDesigner-->
<body>
Long Name:  Synaptosomal-associated protein, 25KD
Synonym:  Synonym not specified
Accession:  P05778
</body>
</html>
</celldesigner:notes>
<celldesigner:annotation>
<celldesigner:complexSpecies>s20</celldesigner:complexSpecies>
<celldesigner:speciesIdentity>
<celldesigner:class>PROTEIN</celldesigner:class>
<celldesigner:proteinReference>pr1</celldesigner:proteinReference>
</celldesigner:speciesIdentity>
</celldesigner:annotation>
</celldesigner:species>
<celldesigner:species id="s42" initialAmount="0.0" name="Rab3A">
<celldesigner:notes>
<html xmlns="http://www.w3.org/1999/xhtml">
<!--Notes by CellDesigner-->
<body>
Long Name:  Rab3A
Synonym:  Synonym not specified
Accession:  P05780
</body>
</html>
</celldesigner:notes>
<celldesigner:annotation>
<celldesigner:complexSpecies>s51</celldesigner:complexSpecies>
<celldesigner:speciesIdentity>
<celldesigner:class>PROTEIN</celldesigner:class>
<celldesigner:proteinReference>pr8</celldesigner:proteinReference>
</celldesigner:speciesIdentity>
</celldesigner:annotation>
</celldesigner:species>
<celldesigner:species id="s52" initialAmount="0.0" name="Synaptobrevin">
<celldesigner:notes>
<html xmlns="http://www.w3.org/1999/xhtml">
<!--Notes by CellDesigner-->
<body>
Long Name:  Synaptobrevin
Synonym:  Vesicle-associated membrane protein,VAMP
Accession:  P05779
</body>
</html>
</celldesigner:notes>
<celldesigner:annotation>
<celldesigner:complexSpecies>s51</celldesigner:complexSpecies>
<celldesigner:speciesIdentity>
<celldesigner:class>PROTEIN</celldesigner:class>
<celldesigner:proteinReference>pr4</celldesigner:proteinReference>
</celldesigner:speciesIdentity>
</celldesigner:annotation>
</celldesigner:species>
<celldesigner:species id="s53" initialAmount="0.0" name="Syntaxin 1/2">
<celldesigner:notes>
<html xmlns="http://www.w3.org/1999/xhtml">
<!--Notes by CellDesigner-->
<body>
Long Name:  Syntaxin 1/2
Synonym:  Stx1/2
Accession:  P05772
</body>
</html>
</celldesigner:notes>
<celldesigner:annotation>
<celldesigner:complexSpecies>s51</celldesigner:complexSpecies>
<celldesigner:speciesIdentity>
<celldesigner:class>PROTEIN</celldesigner:class>
<celldesigner:proteinReference>pr2</celldesigner:proteinReference>
</celldesigner:speciesIdentity>
</celldesigner:annotation>
</celldesigner:species>
<celldesigner:species id="s54" initialAmount="0.0" name="SNAP-25">
<celldesigner:notes>
<html xmlns="http://www.w3.org/1999/xhtml">
<!--Notes by CellDesigner-->
<body>
Long Name:  Synaptosomal-associated protein, 25KD
Synonym:  Synonym not specified
Accession:  P05778
</body>
</html>
</celldesigner:notes>
<celldesigner:annotation>
<celldesigner:complexSpecies>s51</celldesigner:complexSpecies>
<celldesigner:speciesIdentity>
<celldesigner:class>PROTEIN</celldesigner:class>
<celldesigner:proteinReference>pr1</celldesigner:proteinReference>
</celldesigner:speciesIdentity>
</celldesigner:annotation>
</celldesigner:species>
<celldesigner:species id="s56" initialAmount="0.0" name="Synaptotagmin">
<celldesigner:notes>
<html xmlns="http://www.w3.org/1999/xhtml">
<!--Notes by CellDesigner-->
<body>
Long Name:  Synaptotagmin
Synonym:  p65
Accession:  P05769
</body>
</html>
</celldesigner:notes>
<celldesigner:annotation>
<celldesigner:complexSpecies>s51</celldesigner:complexSpecies>
<celldesigner:speciesIdentity>
<celldesigner:class>PROTEIN</celldesigner:class>
<celldesigner:proteinReference>pr3</celldesigner:proteinReference>
</celldesigner:speciesIdentity>
</celldesigner:annotation>
</celldesigner:species>
<celldesigner:species id="s71" initialAmount="0.0" name="Ca_super_2_plus_">
<celldesigner:notes>
<html xmlns="http://www.w3.org/1999/xhtml">
<!--Notes by CellDesigner-->
<body>
Long Name:  Ca2+
Synonym:  Synonym not specified
Accession:  U05907
</body>
</html>
</celldesigner:notes>
<celldesigner:annotation>
<celldesigner:complexSpecies>s51</celldesigner:complexSpecies>
<celldesigner:speciesIdentity>
<celldesigner:class>ION</celldesigner:class>
<celldesigner:name>Ca_super_2_plus_</celldesigner:name>
</celldesigner:speciesIdentity>
</celldesigner:annotation>
</celldesigner:species>
<celldesigner:species id="s94" initialAmount="0.0" name="Munc18">
<celldesigner:notes>
<html xmlns="http://www.w3.org/1999/xhtml">
<!--Notes by CellDesigner-->
<body>
Long Name:  Munc18
Synonym:  STXBP1,Syntaxin-binding protein 1
Accession:  P05770
</body>
</html>
</celldesigner:notes>
<celldesigner:annotation>
<celldesigner:complexSpecies>s51</celldesigner:complexSpecies>
<celldesigner:speciesIdentity>
<celldesigner:class>PROTEIN</celldesigner:class>
<celldesigner:proteinReference>pr6</celldesigner:proteinReference>
</celldesigner:speciesIdentity>
</celldesigner:annotation>
</celldesigner:species>
<celldesigner:species id="s96" initialAmount="0.0" name="RIM1_alpha__slash_2_alpha_">
<celldesigner:notes>
<html xmlns="http://www.w3.org/1999/xhtml">
<!--Notes by CellDesigner-->
<body>
Long Name:  Rab3A-interacting protein 1alpha/2alpha
Synonym:  Synonym not specified
Accession:  P05776
</body>
</html>
</celldesigner:notes>
<celldesigner:annotation>
<celldesigner:complexSpecies>s51</celldesigner:complexSpecies>
<celldesigner:speciesIdentity>
<celldesigner:class>PROTEIN</celldesigner:class>
<celldesigner:proteinReference>pr7</celldesigner:proteinReference>
</celldesigner:speciesIdentity>
</celldesigner:annotation>
</celldesigner:species>
<celldesigner:species id="s100" initialAmount="0.0" name="Munc13">
<celldesigner:notes>
<html xmlns="http://www.w3.org/1999/xhtml">
<!--Notes by CellDesigner-->
<body>
Long Name:  Munc13
Synonym:  UNC13
Accession:  P05773
</body>
</html>
</celldesigner:notes>
<celldesigner:annotation>
<celldesigner:complexSpecies>s51</celldesigner:complexSpecies>
<celldesigner:speciesIdentity>
<celldesigner:class>PROTEIN</celldesigner:class>
<celldesigner:proteinReference>pr12</celldesigner:proteinReference>
</celldesigner:speciesIdentity>
</celldesigner:annotation>
</celldesigner:species>
</celldesigner:listOfIncludedSpecies>
<celldesigner:listOfCompartmentAliases>
<celldesigner:compartmentAlias compartment="c1" id="ca1">
<celldesigner:class>SQUARE_CLOSEUP_SOUTH</celldesigner:class>
<celldesigner:point x="983.0" y="838.0"/>
<celldesigner:doubleLine innerWidth="1.0" outerWidth="2.0" thickness="12.0"/>
<celldesigner:paint color="ffcccc00" scheme="Color"/>
</celldesigner:compartmentAlias>
<celldesigner:compartmentAlias compartment="c2" id="ca2">
<celldesigner:class>OVAL</celldesigner:class>
<celldesigner:bounds h="278.0" w="303.0" x="153.0" y="442.0"/>
<celldesigner:doubleLine innerWidth="1.0" outerWidth="2.0" thickness="12.0"/>
<celldesigner:paint color="ffcccc00" scheme="Color"/>
</celldesigner:compartmentAlias>
<celldesigner:compartmentAlias compartment="c2" id="ca3">
<celldesigner:class>OVAL</celldesigner:class>
<celldesigner:bounds h="322.0" w="367.0" x="728.0" y="503.0"/>
<celldesigner:doubleLine innerWidth="1.0" outerWidth="2.0" thickness="12.0"/>
<celldesigner:paint color="ffcccc00" scheme="Color"/>
</celldesigner:compartmentAlias>
<celldesigner:compartmentAlias compartment="c2" id="ca4">
<celldesigner:class>OVAL</celldesigner:class>
<celldesigner:bounds h="351.0" w="404.0" x="1531.0" y="476.0"/>
<celldesigner:doubleLine innerWidth="1.0" outerWidth="2.0" thickness="12.0"/>
<celldesigner:paint color="ffcccc00" scheme="Color"/>
</celldesigner:compartmentAlias>
<celldesigner:compartmentAlias compartment="c3" id="ca5">
<celldesigner:class>OVAL</celldesigner:class>
<celldesigner:bounds h="317.0" w="341.0" x="1071.0" y="6.0"/>
<celldesigner:doubleLine innerWidth="1.0" outerWidth="2.0" thickness="12.0"/>
<celldesigner:paint color="ffcccc00" scheme="Color"/>
</celldesigner:compartmentAlias>
</celldesigner:listOfCompartmentAliases>
<celldesigner:listOfComplexSpeciesAliases>
<celldesigner:complexSpeciesAlias compartmentAlias="ca3" id="csa1" species="s20">
<celldesigner:activity>inactive</celldesigner:activity>
<celldesigner:bounds h="147.0" w="347.0" x="734.0" y="724.0"/>
<celldesigner:view state="usual"/>
<celldesigner:usualView>
<celldesigner:innerPosition x="6.0" y="221.0"/>
<celldesigner:boxSize height="147.0" width="347.0"/>
<celldesigner:singleLine width="2.0"/>
<celldesigner:paint color="fff7f7f7" scheme="Color"/>
</celldesigner:usualView>
<celldesigner:briefView>
<celldesigner:innerPosition x="0.0" y="0.0"/>
<celldesigner:boxSize height="60.0" width="80.0"/>
<celldesigner:singleLine width="2.0"/>
<celldesigner:paint color="fff7f7f7" scheme="Color"/>
</celldesigner:briefView>
</celldesigner:complexSpeciesAlias>
<celldesigner:complexSpeciesAlias compartmentAlias="ca4" id="csa2" species="s44">
<celldesigner:activity>inactive</celldesigner:activity>
<celldesigner:bounds h="147.0" w="325.0" x="1577.5" y="722.0"/>
<celldesigner:view state="usual"/>
<celldesigner:usualView>
<celldesigner:innerPosition x="46.5" y="246.0"/>
<celldesigner:boxSize height="147.0" width="325.0"/>
<celldesigner:singleLine width="2.0"/>
<celldesigner:paint color="fff7f7f7" scheme="Color"/>
</celldesigner:usualView>
<celldesigner:briefView>
<celldesigner:innerPosition x="0.0" y="0.0"/>
<celldesigner:boxSize height="60.0" width="80.0"/>
<celldesigner:singleLine width="2.0"/>
<celldesigner:paint color="fff7f7f7" scheme="Color"/>
</celldesigner:briefView>
</celldesigner:complexSpeciesAlias>
<celldesigner:complexSpeciesAlias compartmentAlias="ca4" id="csa3" species="s51">
<celldesigner:activity>inactive</celldesigner:activity>
<celldesigner:bounds h="160.0" w="428.0" x="1524.0" y="712.0"/>
<celldesigner:view state="usual"/>
<celldesigner:usualView>
<celldesigner:innerPosition x="-7.0" y="236.0"/>
<celldesigner:boxSize height="160.0" width="428.0"/>
<celldesigner:singleLine width="2.0"/>
<celldesigner:paint color="fff7f7f7" scheme="Color"/>
</celldesigner:usualView>
<celldesigner:briefView>
<celldesigner:innerPosition x="0.0" y="0.0"/>
<celldesigner:boxSize height="60.0" width="80.0"/>
<celldesigner:singleLine width="2.0"/>
<celldesigner:paint color="fff7f7f7" scheme="Color"/>
</celldesigner:briefView>
</celldesigner:complexSpeciesAlias>
</celldesigner:listOfComplexSpeciesAliases>
<celldesigner:listOfSpeciesAliases>
<celldesigner:speciesAlias compartmentAlias="ca1" id="sa1" species="s26">
<celldesigner:activity>inactive</celldesigner:activity>
<celldesigner:bounds h="31.0" w="74.0" x="97.0" y="796.0"/>
<celldesigner:view state="usual"/>
<celldesigner:usualView>
<celldesigner:innerPosition x="-886.0" y="-42.0"/>
<celldesigner:boxSize height="31.0" width="74.0"/>
<celldesigner:singleLine width="1.0"/>
<celldesigner:paint color="ff6666ff" scheme="Color"/>
</celldesigner:usualView>
<celldesigner:briefView>
<celldesigner:innerPosition x="0.0" y="0.0"/>
<celldesigner:boxSize height="60.0" width="80.0"/>
<celldesigner:singleLine width="1.0"/>
<celldesigner:paint color="3fff0000" scheme="Color"/>
</celldesigner:briefView>
</celldesigner:speciesAlias>
<celldesigner:speciesAlias compartmentAlias="ca1" id="sa2" species="s2">
<celldesigner:activity>inactive</celldesigner:activity>
<celldesigner:bounds h="78.0" w="28.0" x="200.0" y="782.0"/>
<celldesigner:view state="usual"/>
<celldesigner:usualView>
<celldesigner:innerPosition x="-783.0" y="-56.0"/>
<celldesigner:boxSize height="78.0" width="28.0"/>
<celldesigner:singleLine width="1.0"/>
<celldesigner:paint color="ffccffcc" scheme="Color"/>
</celldesigner:usualView>
<celldesigner:briefView>
<celldesigner:innerPosition x="0.0" y="0.0"/>
<celldesigner:boxSize height="60.0" width="80.0"/>
<celldesigner:singleLine width="1.0"/>
<celldesigner:paint color="3fff0000" scheme="Color"/>
</celldesigner:briefView>
</celldesigner:speciesAlias>
<celldesigner:speciesAlias compartmentAlias="ca2" id="sa3" species="s3">
<celldesigner:activity>inactive</celldesigner:activity>
<celldesigner:bounds h="24.0" w="117.0" x="393.0" y="608.0"/>
<celldesigner:view state="usual"/>
<celldesigner:usualView>
<celldesigner:innerPosition x="240.0" y="166.0"/>
<celldesigner:boxSize height="24.0" width="117.0"/>
<celldesigner:singleLine width="1.0"/>
<celldesigner:paint color="ffff6666" scheme="Color"/>
</celldesigner:usualView>
<celldesigner:briefView>
<celldesigner:innerPosition x="0.0" y="0.0"/>
<celldesigner:boxSize height="60.0" width="80.0"/>
<celldesigner:singleLine width="1.0"/>
<celldesigner:paint color="3fff0000" scheme="Color"/>
</celldesigner:briefView>
</celldesigner:speciesAlias>
<celldesigner:speciesAlias compartmentAlias="ca2" id="sa4" species="s4">
<celldesigner:activity>inactive</celldesigner:activity>
<celldesigner:bounds h="28.0" w="113.0" x="377.0" y="646.0"/>
<celldesigner:view state="usual"/>
<celldesigner:usualView>
<celldesigner:innerPosition x="224.0" y="204.0"/>
<celldesigner:boxSize height="28.0" width="113.0"/>
<celldesigner:singleLine width="1.0"/>
<celldesigner:paint color="ffffff33" scheme="Color"/>
</celldesigner:usualView>
<celldesigner:briefView>
<celldesigner:innerPosition x="0.0" y="0.0"/>
<celldesigner:boxSize height="60.0" width="80.0"/>
<celldesigner:singleLine width="1.0"/>
<celldesigner:paint color="3fff0000" scheme="Color"/>
</celldesigner:briefView>
</celldesigner:speciesAlias>
<celldesigner:speciesAlias compartmentAlias="ca2" id="sa7" species="s4">
<celldesigner:activity>inactive</celldesigner:activity>
<celldesigner:bounds h="28.0" w="113.0" x="126.5" y="649.5"/>
<celldesigner:view state="usual"/>
<celldesigner:usualView>
<celldesigner:innerPosition x="-26.5" y="207.5"/>
<celldesigner:boxSize height="28.0" width="113.0"/>
<celldesigner:singleLine width="1.0"/>
<celldesigner:paint color="ffffff33" scheme="Color"/>
</celldesigner:usualView>
<celldesigner:briefView>
<celldesigner:innerPosition x="0.0" y="0.0"/>
<celldesigner:boxSize height="60.0" width="80.0"/>
<celldesigner:singleLine width="1.0"/>
<celldesigner:paint color="3fff0000" scheme="Color"/>
</celldesigner:briefView>
</celldesigner:speciesAlias>
<celldesigner:speciesAlias compartmentAlias="ca2" id="sa8" species="s3">
<celldesigner:activity>inactive</celldesigner:activity>
<celldesigner:bounds h="24.0" w="117.0" x="104.5" y="610.5"/>
<celldesigner:view state="usual"/>
<celldesigner:usualView>
<celldesigner:innerPosition x="-48.5" y="168.5"/>
<celldesigner:boxSize height="24.0" width="117.0"/>
<celldesigner:singleLine width="1.0"/>
<celldesigner:paint color="ffff6666" scheme="Color"/>
</celldesigner:usualView>
<celldesigner:briefView>
<celldesigner:innerPosition x="0.0" y="0.0"/>
<celldesigner:boxSize height="60.0" width="80.0"/>
<celldesigner:singleLine width="1.0"/>
<celldesigner:paint color="3fff0000" scheme="Color"/>
</celldesigner:briefView>
</celldesigner:speciesAlias>
<celldesigner:speciesAlias compartmentAlias="ca1" id="sa9" species="s2">
<celldesigner:activity>inactive</celldesigner:activity>
<celldesigner:bounds h="78.0" w="28.0" x="378.0" y="780.5"/>
<celldesigner:view state="usual"/>
<celldesigner:usualView>
<celldesigner:innerPosition x="-605.0" y="-57.5"/>
<celldesigner:boxSize height="78.0" width="28.0"/>
<celldesigner:singleLine width="1.0"/>
<celldesigner:paint color="ffccffcc" scheme="Color"/>
</celldesigner:usualView>
<celldesigner:briefView>
<celldesigner:innerPosition x="0.0" y="0.0"/>
<celldesigner:boxSize height="60.0" width="80.0"/>
<celldesigner:singleLine width="1.0"/>
<celldesigner:paint color="3fff0000" scheme="Color"/>
</celldesigner:briefView>
</celldesigner:speciesAlias>
<celldesigner:speciesAlias compartmentAlias="ca1" id="sa10" species="s25">
<celldesigner:activity>inactive</celldesigner:activity>
<celldesigner:bounds h="35.0" w="75.0" x="434.0" y="790.0"/>
<celldesigner:view state="usual"/>
<celldesigner:usualView>
<celldesigner:innerPosition x="-549.0" y="-48.0"/>
<celldesigner:boxSize height="35.0" width="75.0"/>
<celldesigner:singleLine width="1.0"/>
<celldesigner:paint color="ff6666ff" scheme="Color"/>
</celldesigner:usualView>
<celldesigner:briefView>
<celldesigner:innerPosition x="0.0" y="0.0"/>
<celldesigner:boxSize height="60.0" width="80.0"/>
<celldesigner:singleLine width="1.0"/>
<celldesigner:paint color="3fff0000" scheme="Color"/>
</celldesigner:briefView>
</celldesigner:speciesAlias>
<celldesigner:speciesAlias compartmentAlias="ca2" id="sa11" species="s11">
<celldesigner:activity>inactive</celldesigner:activity>
<celldesigner:bounds h="31.0" w="97.0" x="380.0" y="465.0"/>
<celldesigner:view state="usual"/>
<celldesigner:usualView>
<celldesigner:innerPosition x="227.0" y="23.0"/>
<celldesigner:boxSize height="31.0" width="97.0"/>
<celldesigner:singleLine width="1.0"/>
<celldesigner:paint color="ffccccff" scheme="Color"/>
</celldesigner:usualView>
<celldesigner:briefView>
<celldesigner:innerPosition x="0.0" y="0.0"/>
<celldesigner:boxSize height="60.0" width="80.0"/>
<celldesigner:singleLine width="1.0"/>
<celldesigner:paint color="3fff0000" scheme="Color"/>
</celldesigner:briefView>
</celldesigner:speciesAlias>
<celldesigner:speciesAlias compartmentAlias="ca3" id="sa12" species="s11">
<celldesigner:activity>inactive</celldesigner:activity>
<celldesigner:bounds h="31.0" w="97.0" x="991.75" y="520.0"/>
<celldesigner:view state="usual"/>
<celldesigner:usualView>
<celldesigner:innerPosition x="263.75" y="17.0"/>
<celldesigner:boxSize height="31.0" width="97.0"/>
<celldesigner:singleLine width="1.0"/>
<celldesigner:paint color="ffccccff" scheme="Color"/>
</celldesigner:usualView>
<celldesigner:briefView>
<celldesigner:innerPosition x="0.0" y="0.0"/>
<celldesigner:boxSize height="60.0" width="80.0"/>
<celldesigner:singleLine width="1.0"/>
<celldesigner:paint color="3fff0000" scheme="Color"/>
</celldesigner:briefView>
</celldesigner:speciesAlias>
<celldesigner:speciesAlias complexSpeciesAlias="csa1" id="sa13" species="s21">
<celldesigner:activity>inactive</celldesigner:activity>
<celldesigner:bounds h="24.0" w="117.0" x="751.25" y="737.5"/>
<celldesigner:view state="usual"/>
<celldesigner:usualView>
<celldesigner:innerPosition x="17.25" y="13.5"/>
<celldesigner:boxSize height="24.0" width="117.0"/>
<celldesigner:singleLine width="1.0"/>
<celldesigner:paint color="ffff6666" scheme="Color"/>
</celldesigner:usualView>
<celldesigner:briefView>
<celldesigner:innerPosition x="0.0" y="0.0"/>
<celldesigner:boxSize height="60.0" width="80.0"/>
<celldesigner:singleLine width="1.0"/>
<celldesigner:paint color="3fff0000" scheme="Color"/>
</celldesigner:briefView>
</celldesigner:speciesAlias>
<celldesigner:speciesAlias complexSpeciesAlias="csa1" id="sa14" species="s22">
<celldesigner:activity>inactive</celldesigner:activity>
<celldesigner:bounds h="28.0" w="113.0" x="773.25" y="762.5"/>
<celldesigner:view state="usual"/>
<celldesigner:usualView>
<celldesigner:innerPosition x="39.25" y="38.5"/>
<celldesigner:boxSize height="28.0" width="113.0"/>
<celldesigner:singleLine width="1.0"/>
<celldesigner:paint color="ffffff33" scheme="Color"/>
</celldesigner:usualView>
<celldesigner:briefView>
<celldesigner:innerPosition x="0.0" y="0.0"/>
<celldesigner:boxSize height="60.0" width="80.0"/>
<celldesigner:singleLine width="1.0"/>
<celldesigner:paint color="3fff0000" scheme="Color"/>
</celldesigner:briefView>
</celldesigner:speciesAlias>
<celldesigner:speciesAlias complexSpeciesAlias="csa1" id="sa15" species="s22">
<celldesigner:activity>inactive</celldesigner:activity>
<celldesigner:bounds h="28.0" w="113.0" x="933.75" y="760.0"/>
<celldesigner:view state="usual"/>
<celldesigner:usualView>
<celldesigner:innerPosition x="199.75" y="36.0"/>
<celldesigner:boxSize height="28.0" width="113.0"/>
<celldesigner:singleLine width="1.0"/>
<celldesigner:paint color="ffffff33" scheme="Color"/>
</celldesigner:usualView>
<celldesigner:briefView>
<celldesigner:innerPosition x="0.0" y="0.0"/>
<celldesigner:boxSize height="60.0" width="80.0"/>
<celldesigner:singleLine width="1.0"/>
<celldesigner:paint color="3fff0000" scheme="Color"/>
</celldesigner:briefView>
</celldesigner:speciesAlias>
<celldesigner:speciesAlias complexSpeciesAlias="csa1" id="sa16" species="s21">
<celldesigner:activity>inactive</celldesigner:activity>
<celldesigner:bounds h="24.0" w="117.0" x="952.75" y="734.0"/>
<celldesigner:view state="usual"/>
<celldesigner:usualView>
<celldesigner:innerPosition x="218.75" y="10.0"/>
<celldesigner:boxSize height="24.0" width="117.0"/>
<celldesigner:singleLine width="1.0"/>
<celldesigner:paint color="ffff6666" scheme="Color"/>
</celldesigner:usualView>
<celldesigner:briefView>
<celldesigner:innerPosition x="0.0" y="0.0"/>
<celldesigner:boxSize height="60.0" width="80.0"/>
<celldesigner:singleLine width="1.0"/>
<celldesigner:paint color="3fff0000" scheme="Color"/>
</celldesigner:briefView>
</celldesigner:speciesAlias>
<celldesigner:speciesAlias complexSpeciesAlias="csa1" id="sa17" species="s23">
<celldesigner:activity>inactive</celldesigner:activity>
<celldesigner:bounds h="78.0" w="28.0" x="911.75" y="776.5"/>
<celldesigner:view state="usual"/>
<celldesigner:usualView>
<celldesigner:innerPosition x="177.75" y="52.5"/>
<celldesigner:boxSize height="78.0" width="28.0"/>
<celldesigner:singleLine width="1.0"/>
<celldesigner:paint color="ffccffcc" scheme="Color"/>
</celldesigner:usualView>
<celldesigner:briefView>
<celldesigner:innerPosition x="0.0" y="0.0"/>
<celldesigner:boxSize height="60.0" width="80.0"/>
<celldesigner:singleLine width="1.0"/>
<celldesigner:paint color="3fff0000" scheme="Color"/>
</celldesigner:briefView>
</celldesigner:speciesAlias>
<celldesigner:speciesAlias complexSpeciesAlias="csa1" id="sa18" species="s23">
<celldesigner:activity>inactive</celldesigner:activity>
<celldesigner:bounds h="78.0" w="28.0" x="881.75" y="778.0"/>
<celldesigner:view state="usual"/>
<celldesigner:usualView>
<celldesigner:innerPosition x="147.75" y="54.0"/>
<celldesigner:boxSize height="78.0" width="28.0"/>
<celldesigner:singleLine width="1.0"/>
<celldesigner:paint color="ffccffcc" scheme="Color"/>
</celldesigner:usualView>
<celldesigner:briefView>
<celldesigner:innerPosition x="0.0" y="0.0"/>
<celldesigner:boxSize height="60.0" width="80.0"/>
<celldesigner:singleLine width="1.0"/>
<celldesigner:paint color="3fff0000" scheme="Color"/>
</celldesigner:briefView>
</celldesigner:speciesAlias>
<celldesigner:speciesAlias complexSpeciesAlias="csa1" id="sa30" species="s24">
<celldesigner:activity>inactive</celldesigner:activity>
<celldesigner:bounds h="37.0" w="83.0" x="947.0" y="788.0"/>
<celldesigner:view state="usual"/>
<celldesigner:usualView>
<celldesigner:innerPosition x="213.0" y="64.0"/>
<celldesigner:boxSize height="37.0" width="83.0"/>
<celldesigner:singleLine width="1.0"/>
<celldesigner:paint color="ff6666ff" scheme="Color"/>
</celldesigner:usualView>
<celldesigner:briefView>
<celldesigner:innerPosition x="0.0" y="0.0"/>
<celldesigner:boxSize height="60.0" width="80.0"/>
<celldesigner:singleLine width="1.0"/>
<celldesigner:paint color="3fff0000" scheme="Color"/>
</celldesigner:briefView>
</celldesigner:speciesAlias>
<celldesigner:speciesAlias complexSpeciesAlias="csa1" id="sa31" species="s24">
<celldesigner:activity>inactive</celldesigner:activity>
<celldesigner:bounds h="37.0" w="88.0" x="789.0" y="789.0"/>
<celldesigner:view state="usual"/>
<celldesigner:usualView>
<celldesigner:innerPosition x="55.0" y="65.0"/>
<celldesigner:boxSize height="37.0" width="88.0"/>
<celldesigner:singleLine width="1.0"/>
<celldesigner:paint color="ff6666ff" scheme="Color"/>
</celldesigner:usualView>
<celldesigner:briefView>
<celldesigner:innerPosition x="0.0" y="0.0"/>
<celldesigner:boxSize height="60.0" width="80.0"/>
<celldesigner:singleLine width="1.0"/>
<celldesigner:paint color="3fff0000" scheme="Color"/>
</celldesigner:briefView>
</celldesigner:speciesAlias>
<celldesigner:speciesAlias compartmentAlias="ca4" id="sa34" species="s11">
<celldesigner:activity>inactive</celldesigner:activity>
<celldesigner:bounds h="31.0" w="97.0" x="1836.25" y="495.0"/>
<celldesigner:view state="usual"/>
<celldesigner:usualView>
<celldesigner:innerPosition x="305.25" y="19.0"/>
<celldesigner:boxSize height="31.0" width="97.0"/>
<celldesigner:singleLine width="1.0"/>
<celldesigner:paint color="ffccccff" scheme="Color"/>
</celldesigner:usualView>
<celldesigner:briefView>
<celldesigner:innerPosition x="0.0" y="0.0"/>
<celldesigner:boxSize height="60.0" width="80.0"/>
<celldesigner:singleLine width="1.0"/>
<celldesigner:paint color="3fff0000" scheme="Color"/>
</celldesigner:briefView>
</celldesigner:speciesAlias>
<celldesigner:speciesAlias complexSpeciesAlias="csa3" id="sa35" species="s56">
<celldesigner:activity>inactive</celldesigner:activity>
<celldesigner:bounds h="24.0" w="117.0" x="1580.75" y="735.5"/>
<celldesigner:view state="usual"/>
<celldesigner:usualView>
<celldesigner:innerPosition x="56.75" y="23.5"/>
<celldesigner:boxSize height="24.0" width="117.0"/>
<celldesigner:singleLine width="1.0"/>
<celldesigner:paint color="ffff6666" scheme="Color"/>
</celldesigner:usualView>
<celldesigner:briefView>
<celldesigner:innerPosition x="0.0" y="0.0"/>
<celldesigner:boxSize height="60.0" width="80.0"/>
<celldesigner:singleLine width="1.0"/>
<celldesigner:paint color="3fff0000" scheme="Color"/>
</celldesigner:briefView>
</celldesigner:speciesAlias>
<celldesigner:speciesAlias complexSpeciesAlias="csa3" id="sa36" species="s52">
<celldesigner:activity>inactive</celldesigner:activity>
<celldesigner:bounds h="28.0" w="113.0" x="1602.75" y="760.5"/>
<celldesigner:view state="usual"/>
<celldesigner:usualView>
<celldesigner:innerPosition x="78.75" y="48.5"/>
<celldesigner:boxSize height="28.0" width="113.0"/>
<celldesigner:singleLine width="1.0"/>
<celldesigner:paint color="ffffff33" scheme="Color"/>
</celldesigner:usualView>
<celldesigner:briefView>
<celldesigner:innerPosition x="0.0" y="0.0"/>
<celldesigner:boxSize height="60.0" width="80.0"/>
<celldesigner:singleLine width="1.0"/>
<celldesigner:paint color="3fff0000" scheme="Color"/>
</celldesigner:briefView>
</celldesigner:speciesAlias>
<celldesigner:speciesAlias complexSpeciesAlias="csa3" id="sa37" species="s52">
<celldesigner:activity>inactive</celldesigner:activity>
<celldesigner:bounds h="28.0" w="113.0" x="1763.25" y="758.0"/>
<celldesigner:view state="usual"/>
<celldesigner:usualView>
<celldesigner:innerPosition x="239.25" y="46.0"/>
<celldesigner:boxSize height="28.0" width="113.0"/>
<celldesigner:singleLine width="1.0"/>
<celldesigner:paint color="ffffff33" scheme="Color"/>
</celldesigner:usualView>
<celldesigner:briefView>
<celldesigner:innerPosition x="0.0" y="0.0"/>
<celldesigner:boxSize height="60.0" width="80.0"/>
<celldesigner:singleLine width="1.0"/>
<celldesigner:paint color="3fff0000" scheme="Color"/>
</celldesigner:briefView>
</celldesigner:speciesAlias>
<celldesigner:speciesAlias complexSpeciesAlias="csa3" id="sa38" species="s56">
<celldesigner:activity>inactive</celldesigner:activity>
<celldesigner:bounds h="24.0" w="117.0" x="1782.25" y="732.0"/>
<celldesigner:view state="usual"/>
<celldesigner:usualView>
<celldesigner:innerPosition x="258.25" y="20.0"/>
<celldesigner:boxSize height="24.0" width="117.0"/>
<celldesigner:singleLine width="1.0"/>
<celldesigner:paint color="ffff6666" scheme="Color"/>
</celldesigner:usualView>
<celldesigner:briefView>
<celldesigner:innerPosition x="0.0" y="0.0"/>
<celldesigner:boxSize height="60.0" width="80.0"/>
<celldesigner:singleLine width="1.0"/>
<celldesigner:paint color="3fff0000" scheme="Color"/>
</celldesigner:briefView>
</celldesigner:speciesAlias>
<celldesigner:speciesAlias complexSpeciesAlias="csa3" id="sa39" species="s53">
<celldesigner:activity>inactive</celldesigner:activity>
<celldesigner:bounds h="78.0" w="28.0" x="1747.25" y="777.5"/>
<celldesigner:view state="usual"/>
<celldesigner:usualView>
<celldesigner:innerPosition x="223.25" y="65.5"/>
<celldesigner:boxSize height="78.0" width="28.0"/>
<celldesigner:singleLine width="1.0"/>
<celldesigner:paint color="ffccffcc" scheme="Color"/>
</celldesigner:usualView>
<celldesigner:briefView>
<celldesigner:innerPosition x="0.0" y="0.0"/>
<celldesigner:boxSize height="60.0" width="80.0"/>
<celldesigner:singleLine width="1.0"/>
<celldesigner:paint color="3fff0000" scheme="Color"/>
</celldesigner:briefView>
</celldesigner:speciesAlias>
<celldesigner:speciesAlias complexSpeciesAlias="csa3" id="sa40" species="s53">
<celldesigner:activity>inactive</celldesigner:activity>
<celldesigner:bounds h="78.0" w="28.0" x="1707.25" y="778.0"/>
<celldesigner:view state="usual"/>
<celldesigner:usualView>
<celldesigner:innerPosition x="183.25" y="66.0"/>
<celldesigner:boxSize height="78.0" width="28.0"/>
<celldesigner:singleLine width="1.0"/>
<celldesigner:paint color="ffccffcc" scheme="Color"/>
</celldesigner:usualView>
<celldesigner:briefView>
<celldesigner:innerPosition x="0.0" y="0.0"/>
<celldesigner:boxSize height="60.0" width="80.0"/>
<celldesigner:singleLine width="1.0"/>
<celldesigner:paint color="3fff0000" scheme="Color"/>
</celldesigner:briefView>
</celldesigner:speciesAlias>
<celldesigner:speciesAlias complexSpeciesAlias="csa3" id="sa41" species="s54">
<celldesigner:activity>inactive</celldesigner:activity>
<celldesigner:bounds h="37.0" w="83.0" x="1776.5" y="786.0"/>
<celldesigner:view state="usual"/>
<celldesigner:usualView>
<celldesigner:innerPosition x="252.5" y="74.0"/>
<celldesigner:boxSize height="37.0" width="83.0"/>
<celldesigner:singleLine width="1.0"/>
<celldesigner:paint color="ff6666ff" scheme="Color"/>
</celldesigner:usualView>
<celldesigner:briefView>
<celldesigner:innerPosition x="0.0" y="0.0"/>
<celldesigner:boxSize height="60.0" width="80.0"/>
<celldesigner:singleLine width="1.0"/>
<celldesigner:paint color="3fff0000" scheme="Color"/>
</celldesigner:briefView>
</celldesigner:speciesAlias>
<celldesigner:speciesAlias complexSpeciesAlias="csa3" id="sa42" species="s54">
<celldesigner:activity>inactive</celldesigner:activity>
<celldesigner:bounds h="37.0" w="88.0" x="1618.5" y="787.0"/>
<celldesigner:view state="usual"/>
<celldesigner:usualView>
<celldesigner:innerPosition x="94.5" y="75.0"/>
<celldesigner:boxSize height="37.0" width="88.0"/>
<celldesigner:singleLine width="1.0"/>
<celldesigner:paint color="ff6666ff" scheme="Color"/>
</celldesigner:usualView>
<celldesigner:briefView>
<celldesigner:innerPosition x="0.0" y="0.0"/>
<celldesigner:boxSize height="60.0" width="80.0"/>
<celldesigner:singleLine width="1.0"/>
<celldesigner:paint color="3fff0000" scheme="Color"/>
</celldesigner:briefView>
</celldesigner:speciesAlias>
<celldesigner:speciesAlias complexSpeciesAlias="csa3" id="sa43" species="s94">
<celldesigner:activity>inactive</celldesigner:activity>
<celldesigner:bounds h="30.0" w="56.0" x="1771.0" y="827.0"/>
<celldesigner:view state="usual"/>
<celldesigner:usualView>
<celldesigner:innerPosition x="247.0" y="115.0"/>
<celldesigner:boxSize height="30.0" width="56.0"/>
<celldesigner:singleLine width="1.0"/>
<celldesigner:paint color="ffcc0033" scheme="Color"/>
</celldesigner:usualView>
<celldesigner:briefView>
<celldesigner:innerPosition x="0.0" y="0.0"/>
<celldesigner:boxSize height="60.0" width="80.0"/>
<celldesigner:singleLine width="1.0"/>
<celldesigner:paint color="3fff0000" scheme="Color"/>
</celldesigner:briefView>
</celldesigner:speciesAlias>
<celldesigner:speciesAlias complexSpeciesAlias="csa3" id="sa44" species="s96">
<celldesigner:activity>inactive</celldesigner:activity>
<celldesigner:bounds h="30.0" w="88.0" x="1859.0" y="793.0"/>
<celldesigner:view state="usual"/>
<celldesigner:usualView>
<celldesigner:innerPosition x="335.0" y="81.0"/>
<celldesigner:boxSize height="30.0" width="88.0"/>
<celldesigner:singleLine width="1.0"/>
<celldesigner:paint color="ff00ff00" scheme="Color"/>
</celldesigner:usualView>
<celldesigner:briefView>
<celldesigner:innerPosition x="0.0" y="0.0"/>
<celldesigner:boxSize height="60.0" width="80.0"/>
<celldesigner:singleLine width="1.0"/>
<celldesigner:paint color="3fff0000" scheme="Color"/>
</celldesigner:briefView>
</celldesigner:speciesAlias>
<celldesigner:speciesAlias complexSpeciesAlias="csa3" id="sa45" species="s42">
<celldesigner:activity>inactive</celldesigner:activity>
<celldesigner:bounds h="55.0" w="34.0" x="1905.0" y="740.0"/>
<celldesigner:view state="usual"/>
<celldesigner:usualView>
<celldesigner:innerPosition x="381.0" y="28.0"/>
<celldesigner:boxSize height="55.0" width="34.0"/>
<celldesigner:singleLine width="1.0"/>
<celldesigner:paint color="ff00ffff" scheme="Color"/>
</celldesigner:usualView>
<celldesigner:briefView>
<celldesigner:innerPosition x="0.0" y="0.0"/>
<celldesigner:boxSize height="60.0" width="80.0"/>
<celldesigner:singleLine width="1.0"/>
<celldesigner:paint color="3fff0000" scheme="Color"/>
</celldesigner:briefView>
</celldesigner:speciesAlias>
<celldesigner:speciesAlias complexSpeciesAlias="csa3" id="sa46" species="s94">
<celldesigner:activity>inactive</celldesigner:activity>
<celldesigner:bounds h="30.0" w="56.0" x="1653.0" y="826.5"/>
<celldesigner:view state="usual"/>
<celldesigner:usualView>
<celldesigner:innerPosition x="129.0" y="114.5"/>
<celldesigner:boxSize height="30.0" width="56.0"/>
<celldesigner:singleLine width="1.0"/>
<celldesigner:paint color="ffcc0033" scheme="Color"/>
</celldesigner:usualView>
<celldesigner:briefView>
<celldesigner:innerPosition x="0.0" y="0.0"/>
<celldesigner:boxSize height="60.0" width="80.0"/>
<celldesigner:singleLine width="1.0"/>
<celldesigner:paint color="3fff0000" scheme="Color"/>
</celldesigner:briefView>
</celldesigner:speciesAlias>
<celldesigner:speciesAlias complexSpeciesAlias="csa3" id="sa47" species="s42">
<celldesigner:activity>inactive</celldesigner:activity>
<celldesigner:bounds h="48.0" w="32.0" x="1543.5" y="747.5"/>
<celldesigner:view state="usual"/>
<celldesigner:usualView>
<celldesigner:innerPosition x="19.5" y="35.5"/>
<celldesigner:boxSize height="48.0" width="32.0"/>
<celldesigner:singleLine width="1.0"/>
<celldesigner:paint color="ff00ffff" scheme="Color"/>
</celldesigner:usualView>
<celldesigner:briefView>
<celldesigner:innerPosition x="0.0" y="0.0"/>
<celldesigner:boxSize height="60.0" width="80.0"/>
<celldesigner:singleLine width="1.0"/>
<celldesigner:paint color="3fff0000" scheme="Color"/>
</celldesigner:briefView>
</celldesigner:speciesAlias>
<celldesigner:speciesAlias complexSpeciesAlias="csa3" id="sa48" species="s96">
<celldesigner:activity>inactive</celldesigner:activity>
<celldesigner:bounds h="30.0" w="88.0" x="1530.0" y="797.5"/>
<celldesigner:view state="usual"/>
<celldesigner:usualView>
<celldesigner:innerPosition x="6.0" y="85.5"/>
<celldesigner:boxSize height="30.0" width="88.0"/>
<celldesigner:singleLine width="1.0"/>
<celldesigner:paint color="ff00ff00" scheme="Color"/>
</celldesigner:usualView>
<celldesigner:briefView>
<celldesigner:innerPosition x="0.0" y="0.0"/>
<celldesigner:boxSize height="60.0" width="80.0"/>
<celldesigner:singleLine width="1.0"/>
<celldesigner:paint color="3fff0000" scheme="Color"/>
</celldesigner:briefView>
</celldesigner:speciesAlias>
<celldesigner:speciesAlias compartmentAlias="ca4" id="sa49" species="s57">
<celldesigner:activity>inactive</celldesigner:activity>
<celldesigner:bounds h="37.0" w="120.0" x="1681.0" y="612.5"/>
<celldesigner:view state="usual"/>
<celldesigner:usualView>
<celldesigner:innerPosition x="150.0" y="136.5"/>
<celldesigner:boxSize height="37.0" width="120.0"/>
<celldesigner:singleLine width="1.0"/>
<celldesigner:paint color="ffccff66" scheme="Color"/>
</celldesigner:usualView>
<celldesigner:briefView>
<celldesigner:innerPosition x="0.0" y="0.0"/>
<celldesigner:boxSize height="60.0" width="80.0"/>
<celldesigner:singleLine width="1.0"/>
<celldesigner:paint color="3fff0000" scheme="Color"/>
</celldesigner:briefView>
</celldesigner:speciesAlias>
<celldesigner:speciesAlias compartmentAlias="ca3" id="sa51" species="s57">
<celldesigner:activity>inactive</celldesigner:activity>
<celldesigner:bounds h="36.0" w="122.0" x="847.0" y="582.0"/>
<celldesigner:view state="usual"/>
<celldesigner:usualView>
<celldesigner:innerPosition x="119.0" y="79.0"/>
<celldesigner:boxSize height="36.0" width="122.0"/>
<celldesigner:singleLine width="1.0"/>
<celldesigner:paint color="ffccff66" scheme="Color"/>
</celldesigner:usualView>
<celldesigner:briefView>
<celldesigner:innerPosition x="0.0" y="0.0"/>
<celldesigner:boxSize height="60.0" width="80.0"/>
<celldesigner:singleLine width="1.0"/>
<celldesigner:paint color="3fff0000" scheme="Color"/>
</celldesigner:briefView>
</celldesigner:speciesAlias>
<celldesigner:speciesAlias id="sa53" species="s60">
<celldesigner:activity>inactive</celldesigner:activity>
<celldesigner:bounds h="37.0" w="120.0" x="1681.0" y="939.0"/>
<celldesigner:view state="usual"/>
<celldesigner:usualView>
<celldesigner:innerPosition x="0.0" y="0.0"/>
<celldesigner:boxSize height="37.0" width="120.0"/>
<celldesigner:singleLine width="1.0"/>
<celldesigner:paint color="ffccff66" scheme="Color"/>
</celldesigner:usualView>
<celldesigner:briefView>
<celldesigner:innerPosition x="0.0" y="0.0"/>
<celldesigner:boxSize height="60.0" width="80.0"/>
<celldesigner:singleLine width="1.0"/>
<celldesigner:paint color="3fff0000" scheme="Color"/>
</celldesigner:briefView>
</celldesigner:speciesAlias>
<celldesigner:speciesAlias compartmentAlias="ca3" id="sa54" species="s68">
<celldesigner:activity>inactive</celldesigner:activity>
<celldesigner:bounds h="48.0" w="32.0" x="700.0" y="686.5"/>
<celldesigner:view state="usual"/>
<celldesigner:usualView>
<celldesigner:innerPosition x="-28.0" y="183.5"/>
<celldesigner:boxSize height="48.0" width="32.0"/>
<celldesigner:singleLine width="1.0"/>
<celldesigner:paint color="ff00ffff" scheme="Color"/>
</celldesigner:usualView>
<celldesigner:briefView>
<celldesigner:innerPosition x="0.0" y="0.0"/>
<celldesigner:boxSize height="60.0" width="80.0"/>
<celldesigner:singleLine width="1.0"/>
<celldesigner:paint color="3fff0000" scheme="Color"/>
</celldesigner:briefView>
</celldesigner:speciesAlias>
<celldesigner:speciesAlias compartmentAlias="ca3" id="sa55" species="s68">
<celldesigner:activity>inactive</celldesigner:activity>
<celldesigner:bounds h="48.0" w="32.0" x="1091.0" y="678.5"/>
<celldesigner:view state="usual"/>
<celldesigner:usualView>
<celldesigner:innerPosition x="363.0" y="175.5"/>
<celldesigner:boxSize height="48.0" width="32.0"/>
<celldesigner:singleLine width="1.0"/>
<celldesigner:paint color="ff00ffff" scheme="Color"/>
</celldesigner:usualView>
<celldesigner:briefView>
<celldesigner:innerPosition x="0.0" y="0.0"/>
<celldesigner:boxSize height="60.0" width="80.0"/>
<celldesigner:singleLine width="1.0"/>
<celldesigner:paint color="3fff0000" scheme="Color"/>
</celldesigner:briefView>
</celldesigner:speciesAlias>
<celldesigner:speciesAlias compartmentAlias="ca1" id="sa56" species="s97">
<celldesigner:activity>inactive</celldesigner:activity>
<celldesigner:bounds h="30.0" w="88.0" x="1230.0" y="666.5"/>
<celldesigner:view state="usual"/>
<celldesigner:usualView>
<celldesigner:innerPosition x="247.0" y="-171.5"/>
<celldesigner:boxSize height="30.0" width="88.0"/>
<celldesigner:singleLine width="1.0"/>
<celldesigner:paint color="ff00ff00" scheme="Color"/>
</celldesigner:usualView>
<celldesigner:briefView>
<celldesigner:innerPosition x="0.0" y="0.0"/>
<celldesigner:boxSize height="60.0" width="80.0"/>
<celldesigner:singleLine width="1.0"/>
<celldesigner:paint color="3fff0000" scheme="Color"/>
</celldesigner:briefView>
</celldesigner:speciesAlias>
<celldesigner:speciesAlias compartmentAlias="ca1" id="sa57" species="s95">
<celldesigner:activity>inactive</celldesigner:activity>
<celldesigner:bounds h="30.0" w="56.0" x="1156.0" y="686.5"/>
<celldesigner:view state="usual"/>
<celldesigner:usualView>
<celldesigner:innerPosition x="173.0" y="-151.5"/>
<celldesigner:boxSize height="30.0" width="56.0"/>
<celldesigner:singleLine width="1.0"/>
<celldesigner:paint color="ffcc0033" scheme="Color"/>
</celldesigner:usualView>
<celldesigner:briefView>
<celldesigner:innerPosition x="0.0" y="0.0"/>
<celldesigner:boxSize height="60.0" width="80.0"/>
<celldesigner:singleLine width="1.0"/>
<celldesigner:paint color="3fff0000" scheme="Color"/>
</celldesigner:briefView>
</celldesigner:speciesAlias>
<celldesigner:speciesAlias compartmentAlias="ca1" id="sa58" species="s61">
<celldesigner:activity>inactive</celldesigner:activity>
<celldesigner:bounds h="48.0" w="32.0" x="457.0" y="527.5"/>
<celldesigner:view state="usual"/>
<celldesigner:usualView>
<celldesigner:innerPosition x="-526.0" y="-310.5"/>
<celldesigner:boxSize height="48.0" width="32.0"/>
<celldesigner:singleLine width="1.0"/>
<celldesigner:paint color="ff00ffff" scheme="Color"/>
</celldesigner:usualView>
<celldesigner:briefView>
<celldesigner:innerPosition x="0.0" y="0.0"/>
<celldesigner:boxSize height="60.0" width="80.0"/>
<celldesigner:singleLine width="1.0"/>
<celldesigner:paint color="3fff0000" scheme="Color"/>
</celldesigner:briefView>
</celldesigner:speciesAlias>
<celldesigner:speciesAlias compartmentAlias="ca1" id="sa59" species="s61">
<celldesigner:activity>inactive</celldesigner:activity>
<celldesigner:bounds h="48.0" w="32.0" x="121.0" y="538.5"/>
<celldesigner:view state="usual"/>
<celldesigner:usualView>
<celldesigner:innerPosition x="-862.0" y="-299.5"/>
<celldesigner:boxSize height="48.0" width="32.0"/>
<celldesigner:singleLine width="1.0"/>
<celldesigner:paint color="ff00ffff" scheme="Color"/>
</celldesigner:usualView>
<celldesigner:briefView>
<celldesigner:innerPosition x="0.0" y="0.0"/>
<celldesigner:boxSize height="60.0" width="80.0"/>
<celldesigner:singleLine width="1.0"/>
<celldesigner:paint color="3fff0000" scheme="Color"/>
</celldesigner:briefView>
</celldesigner:speciesAlias>
<celldesigner:speciesAlias compartmentAlias="ca2" id="sa60" species="s57">
<celldesigner:activity>inactive</celldesigner:activity>
<celldesigner:bounds h="36.0" w="122.0" x="247.0" y="544.5"/>
<celldesigner:view state="usual"/>
<celldesigner:usualView>
<celldesigner:innerPosition x="94.0" y="102.5"/>
<celldesigner:boxSize height="36.0" width="122.0"/>
<celldesigner:singleLine width="1.0"/>
<celldesigner:paint color="ffccff66" scheme="Color"/>
</celldesigner:usualView>
<celldesigner:briefView>
<celldesigner:innerPosition x="0.0" y="0.0"/>
<celldesigner:boxSize height="60.0" width="80.0"/>
<celldesigner:singleLine width="1.0"/>
<celldesigner:paint color="3fff0000" scheme="Color"/>
</celldesigner:briefView>
</celldesigner:speciesAlias>
<celldesigner:speciesAlias compartmentAlias="ca1" id="sa61" species="s69">
<celldesigner:activity>inactive</celldesigner:activity>
<celldesigner:bounds h="30.0" w="58.0" x="1351.5" y="700.5"/>
<celldesigner:view state="usual"/>
<celldesigner:usualView>
<celldesigner:innerPosition x="368.5" y="-137.5"/>
<celldesigner:boxSize height="30.0" width="58.0"/>
<celldesigner:singleLine width="1.0"/>
<celldesigner:paint color="ff9999ff" scheme="Color"/>
</celldesigner:usualView>
<celldesigner:briefView>
<celldesigner:innerPosition x="0.0" y="0.0"/>
<celldesigner:boxSize height="60.0" width="80.0"/>
<celldesigner:singleLine width="1.0"/>
<celldesigner:paint color="3fff0000" scheme="Color"/>
</celldesigner:briefView>
</celldesigner:speciesAlias>
<celldesigner:speciesAlias complexSpeciesAlias="csa3" id="sa62" species="s71">
<celldesigner:activity>inactive</celldesigner:activity>
<celldesigner:bounds h="30.0" w="58.0" x="1772.0" y="712.5"/>
<celldesigner:view state="usual"/>
<celldesigner:usualView>
<celldesigner:innerPosition x="248.0" y="0.5"/>
<celldesigner:boxSize height="30.0" width="58.0"/>
<celldesigner:singleLine width="1.0"/>
<celldesigner:paint color="ff9999ff" scheme="Color"/>
</celldesigner:usualView>
<celldesigner:briefView>
<celldesigner:innerPosition x="0.0" y="0.0"/>
<celldesigner:boxSize height="60.0" width="80.0"/>
<celldesigner:singleLine width="1.0"/>
<celldesigner:paint color="3fff0000" scheme="Color"/>
</celldesigner:briefView>
</celldesigner:speciesAlias>
<celldesigner:speciesAlias complexSpeciesAlias="csa3" id="sa63" species="s71">
<celldesigner:activity>inactive</celldesigner:activity>
<celldesigner:bounds h="30.0" w="58.0" x="1566.0" y="715.5"/>
<celldesigner:view state="usual"/>
<celldesigner:usualView>
<celldesigner:innerPosition x="42.0" y="3.5"/>
<celldesigner:boxSize height="30.0" width="58.0"/>
<celldesigner:singleLine width="1.0"/>
<celldesigner:paint color="ff9999ff" scheme="Color"/>
</celldesigner:usualView>
<celldesigner:briefView>
<celldesigner:innerPosition x="0.0" y="0.0"/>
<celldesigner:boxSize height="60.0" width="80.0"/>
<celldesigner:singleLine width="1.0"/>
<celldesigner:paint color="3fff0000" scheme="Color"/>
</celldesigner:briefView>
</celldesigner:speciesAlias>
<celldesigner:speciesAlias compartmentAlias="ca2" id="sa64" species="s72">
<celldesigner:activity>inactive</celldesigner:activity>
<celldesigner:bounds h="26.0" w="62.0" x="194.0" y="449.0"/>
<celldesigner:view state="usual"/>
<celldesigner:usualView>
<celldesigner:innerPosition x="41.0" y="7.0"/>
<celldesigner:boxSize height="26.0" width="62.0"/>
<celldesigner:singleLine width="1.0"/>
<celldesigner:paint color="fff69824" scheme="Color"/>
</celldesigner:usualView>
<celldesigner:briefView>
<celldesigner:innerPosition x="0.0" y="0.0"/>
<celldesigner:boxSize height="60.0" width="80.0"/>
<celldesigner:singleLine width="1.0"/>
<celldesigner:paint color="3fff0000" scheme="Color"/>
</celldesigner:briefView>
</celldesigner:speciesAlias>
<celldesigner:speciesAlias compartmentAlias="ca3" id="sa65" species="s72">
<celldesigner:activity>inactive</celldesigner:activity>
<celldesigner:bounds h="26.0" w="62.0" x="806.0" y="504.5"/>
<celldesigner:view state="usual"/>
<celldesigner:usualView>
<celldesigner:innerPosition x="78.0" y="1.5"/>
<celldesigner:boxSize height="26.0" width="62.0"/>
<celldesigner:singleLine width="1.0"/>
<celldesigner:paint color="fff69824" scheme="Color"/>
</celldesigner:usualView>
<celldesigner:briefView>
<celldesigner:innerPosition x="0.0" y="0.0"/>
<celldesigner:boxSize height="60.0" width="80.0"/>
<celldesigner:singleLine width="1.0"/>
<celldesigner:paint color="3fff0000" scheme="Color"/>
</celldesigner:briefView>
</celldesigner:speciesAlias>
<celldesigner:speciesAlias compartmentAlias="ca4" id="sa66" species="s72">
<celldesigner:activity>inactive</celldesigner:activity>
<celldesigner:bounds h="26.0" w="62.0" x="1585.0" y="499.5"/>
<celldesigner:view state="usual"/>
<celldesigner:usualView>
<celldesigner:innerPosition x="54.0" y="23.5"/>
<celldesigner:boxSize height="26.0" width="62.0"/>
<celldesigner:singleLine width="1.0"/>
<celldesigner:paint color="fff69824" scheme="Color"/>
</celldesigner:usualView>
<celldesigner:briefView>
<celldesigner:innerPosition x="0.0" y="0.0"/>
<celldesigner:boxSize height="60.0" width="80.0"/>
<celldesigner:singleLine width="1.0"/>
<celldesigner:paint color="3fff0000" scheme="Color"/>
</celldesigner:briefView>
</celldesigner:speciesAlias>
<celldesigner:speciesAlias compartmentAlias="ca5" id="sa68" species="s75">
<celldesigner:activity>inactive</celldesigner:activity>
<celldesigner:bounds h="26.0" w="62.0" x="1127.75" y="19.25"/>
<celldesigner:view state="usual"/>
<celldesigner:usualView>
<celldesigner:innerPosition x="56.75" y="13.25"/>
<celldesigner:boxSize height="26.0" width="62.0"/>
<celldesigner:singleLine width="1.0"/>
<celldesigner:paint color="fff69824" scheme="Color"/>
</celldesigner:usualView>
<celldesigner:briefView>
<celldesigner:innerPosition x="0.0" y="0.0"/>
<celldesigner:boxSize height="60.0" width="80.0"/>
<celldesigner:singleLine width="1.0"/>
<celldesigner:paint color="3fff0000" scheme="Color"/>
</celldesigner:briefView>
</celldesigner:speciesAlias>
<celldesigner:speciesAlias compartmentAlias="ca1" id="sa69" species="s61">
<celldesigner:activity>inactive</celldesigner:activity>
<celldesigner:bounds h="48.0" w="32.0" x="1038.75" y="149.75"/>
<celldesigner:view state="usual"/>
<celldesigner:usualView>
<celldesigner:innerPosition x="55.75" y="-688.25"/>
<celldesigner:boxSize height="48.0" width="32.0"/>
<celldesigner:singleLine width="1.0"/>
<celldesigner:paint color="ff00ffff" scheme="Color"/>
</celldesigner:usualView>
<celldesigner:briefView>
<celldesigner:innerPosition x="0.0" y="0.0"/>
<celldesigner:boxSize height="60.0" width="80.0"/>
<celldesigner:singleLine width="1.0"/>
<celldesigner:paint color="3fff0000" scheme="Color"/>
</celldesigner:briefView>
</celldesigner:speciesAlias>
<celldesigner:speciesAlias compartmentAlias="ca5" id="sa71" species="s83">
<celldesigner:activity>inactive</celldesigner:activity>
<celldesigner:bounds h="24.0" w="117.0" x="1054.25" y="218.75"/>
<celldesigner:view state="usual"/>
<celldesigner:usualView>
<celldesigner:innerPosition x="-16.75" y="212.75"/>
<celldesigner:boxSize height="24.0" width="117.0"/>
<celldesigner:singleLine width="1.0"/>
<celldesigner:paint color="ffff6666" scheme="Color"/>
</celldesigner:usualView>
<celldesigner:briefView>
<celldesigner:innerPosition x="0.0" y="0.0"/>
<celldesigner:boxSize height="60.0" width="80.0"/>
<celldesigner:singleLine width="1.0"/>
<celldesigner:paint color="3fff0000" scheme="Color"/>
</celldesigner:briefView>
</celldesigner:speciesAlias>
<celldesigner:speciesAlias compartmentAlias="ca5" id="sa72" species="s84">
<celldesigner:activity>inactive</celldesigner:activity>
<celldesigner:bounds h="28.0" w="113.0" x="1076.25" y="257.75"/>
<celldesigner:view state="usual"/>
<celldesigner:usualView>
<celldesigner:innerPosition x="5.25" y="251.75"/>
<celldesigner:boxSize height="28.0" width="113.0"/>
<celldesigner:singleLine width="1.0"/>
<celldesigner:paint color="ffffff33" scheme="Color"/>
</celldesigner:usualView>
<celldesigner:briefView>
<celldesigner:innerPosition x="0.0" y="0.0"/>
<celldesigner:boxSize height="60.0" width="80.0"/>
<celldesigner:singleLine width="1.0"/>
<celldesigner:paint color="3fff0000" scheme="Color"/>
</celldesigner:briefView>
</celldesigner:speciesAlias>
<celldesigner:speciesAlias compartmentAlias="ca5" id="sa73" species="s79">
<celldesigner:activity>inactive</celldesigner:activity>
<celldesigner:bounds h="31.0" w="97.0" x="1329.75" y="73.25"/>
<celldesigner:view state="usual"/>
<celldesigner:usualView>
<celldesigner:innerPosition x="258.75" y="67.25"/>
<celldesigner:boxSize height="31.0" width="97.0"/>
<celldesigner:singleLine width="1.0"/>
<celldesigner:paint color="ffccccff" scheme="Color"/>
</celldesigner:usualView>
<celldesigner:briefView>
<celldesigner:innerPosition x="0.0" y="0.0"/>
<celldesigner:boxSize height="60.0" width="80.0"/>
<celldesigner:singleLine width="1.0"/>
<celldesigner:paint color="3fff0000" scheme="Color"/>
</celldesigner:briefView>
</celldesigner:speciesAlias>
<celldesigner:speciesAlias compartmentAlias="ca5" id="sa74" species="s84">
<celldesigner:activity>inactive</celldesigner:activity>
<celldesigner:bounds h="28.0" w="113.0" x="1326.75" y="254.25"/>
<celldesigner:view state="usual"/>
<celldesigner:usualView>
<celldesigner:innerPosition x="255.75" y="248.25"/>
<celldesigner:boxSize height="28.0" width="113.0"/>
<celldesigner:singleLine width="1.0"/>
<celldesigner:paint color="ffffff33" scheme="Color"/>
</celldesigner:usualView>
<celldesigner:briefView>
<celldesigner:innerPosition x="0.0" y="0.0"/>
<celldesigner:boxSize height="60.0" width="80.0"/>
<celldesigner:singleLine width="1.0"/>
<celldesigner:paint color="3fff0000" scheme="Color"/>
</celldesigner:briefView>
</celldesigner:speciesAlias>
<celldesigner:speciesAlias compartmentAlias="ca5" id="sa75" species="s83">
<celldesigner:activity>inactive</celldesigner:activity>
<celldesigner:bounds h="24.0" w="117.0" x="1342.75" y="216.25"/>
<celldesigner:view state="usual"/>
<celldesigner:usualView>
<celldesigner:innerPosition x="271.75" y="210.25"/>
<celldesigner:boxSize height="24.0" width="117.0"/>
<celldesigner:singleLine width="1.0"/>
<celldesigner:paint color="ffff6666" scheme="Color"/>
</celldesigner:usualView>
<celldesigner:briefView>
<celldesigner:innerPosition x="0.0" y="0.0"/>
<celldesigner:boxSize height="60.0" width="80.0"/>
<celldesigner:singleLine width="1.0"/>
<celldesigner:paint color="3fff0000" scheme="Color"/>
</celldesigner:briefView>
</celldesigner:speciesAlias>
<celldesigner:speciesAlias compartmentAlias="ca1" id="sa76" species="s61">
<celldesigner:activity>inactive</celldesigner:activity>
<celldesigner:bounds h="48.0" w="32.0" x="1414.75" y="143.75"/>
<celldesigner:view state="usual"/>
<celldesigner:usualView>
<celldesigner:innerPosition x="431.75" y="-694.25"/>
<celldesigner:boxSize height="48.0" width="32.0"/>
<celldesigner:singleLine width="1.0"/>
<celldesigner:paint color="ff00ffff" scheme="Color"/>
</celldesigner:usualView>
<celldesigner:briefView>
<celldesigner:innerPosition x="0.0" y="0.0"/>
<celldesigner:boxSize height="60.0" width="80.0"/>
<celldesigner:singleLine width="1.0"/>
<celldesigner:paint color="3fff0000" scheme="Color"/>
</celldesigner:briefView>
</celldesigner:speciesAlias>
<celldesigner:speciesAlias compartmentAlias="ca1" id="sa77" species="s87">
<celldesigner:activity>inactive</celldesigner:activity>
<celldesigner:bounds h="45.0" w="189.0" x="1718.0" y="331.0"/>
<celldesigner:view state="usual"/>
<celldesigner:usualView>
<celldesigner:innerPosition x="735.0" y="-507.0"/>
<celldesigner:boxSize height="45.0" width="189.0"/>
<celldesigner:singleLine width="1.0"/>
<celldesigner:paint color="ffffffff" scheme="Color"/>
</celldesigner:usualView>
<celldesigner:briefView>
<celldesigner:innerPosition x="0.0" y="0.0"/>
<celldesigner:boxSize height="60.0" width="80.0"/>
<celldesigner:singleLine width="1.0"/>
<celldesigner:paint color="3fff0000" scheme="Color"/>
</celldesigner:briefView>
</celldesigner:speciesAlias>
<celldesigner:speciesAlias compartmentAlias="ca1" id="sa78" species="s25">
<celldesigner:activity>inactive</celldesigner:activity>
<celldesigner:bounds h="37.0" w="88.0" x="1374.0" y="788.0"/>
<celldesigner:view state="usual"/>
<celldesigner:usualView>
<celldesigner:innerPosition x="391.0" y="-50.0"/>
<celldesigner:boxSize height="37.0" width="88.0"/>
<celldesigner:singleLine width="1.0"/>
<celldesigner:paint color="ff6666ff" scheme="Color"/>
</celldesigner:usualView>
<celldesigner:briefView>
<celldesigner:innerPosition x="0.0" y="0.0"/>
<celldesigner:boxSize height="60.0" width="80.0"/>
<celldesigner:singleLine width="1.0"/>
<celldesigner:paint color="3fff0000" scheme="Color"/>
</celldesigner:briefView>
</celldesigner:speciesAlias>
<celldesigner:speciesAlias compartmentAlias="ca1" id="sa79" species="s2">
<celldesigner:activity>inactive</celldesigner:activity>
<celldesigner:bounds h="78.0" w="28.0" x="1473.0" y="779.5"/>
<celldesigner:view state="usual"/>
<celldesigner:usualView>
<celldesigner:innerPosition x="490.0" y="-58.5"/>
<celldesigner:boxSize height="78.0" width="28.0"/>
<celldesigner:singleLine width="1.0"/>
<celldesigner:paint color="ffccffcc" scheme="Color"/>
</celldesigner:usualView>
<celldesigner:briefView>
<celldesigner:innerPosition x="0.0" y="0.0"/>
<celldesigner:boxSize height="60.0" width="80.0"/>
<celldesigner:singleLine width="1.0"/>
<celldesigner:paint color="3fff0000" scheme="Color"/>
</celldesigner:briefView>
</celldesigner:speciesAlias>
<celldesigner:speciesAlias compartmentAlias="ca1" id="sa80" species="s90">
<celldesigner:activity>inactive</celldesigner:activity>
<celldesigner:bounds h="40.0" w="80.0" x="1602.0" y="314.0"/>
<celldesigner:view state="usual"/>
<celldesigner:usualView>
<celldesigner:innerPosition x="619.0" y="-524.0"/>
<celldesigner:boxSize height="40.0" width="80.0"/>
<celldesigner:singleLine width="1.0"/>
<celldesigner:paint color="ffccffcc" scheme="Color"/>
</celldesigner:usualView>
<celldesigner:briefView>
<celldesigner:innerPosition x="0.0" y="0.0"/>
<celldesigner:boxSize height="60.0" width="80.0"/>
<celldesigner:singleLine width="1.0"/>
<celldesigner:paint color="3fff0000" scheme="Color"/>
</celldesigner:briefView>
</celldesigner:speciesAlias>
<celldesigner:speciesAlias compartmentAlias="ca1" id="sa81" species="s91">
<celldesigner:activity>inactive</celldesigner:activity>
<celldesigner:bounds h="40.0" w="80.0" x="1609.0" y="383.0"/>
<celldesigner:view state="usual"/>
<celldesigner:usualView>
<celldesigner:innerPosition x="626.0" y="-455.0"/>
<celldesigner:boxSize height="40.0" width="80.0"/>
<celldesigner:singleLine width="1.0"/>
<celldesigner:paint color="ffccffcc" scheme="Color"/>
</celldesigner:usualView>
<celldesigner:briefView>
<celldesigner:innerPosition x="0.0" y="0.0"/>
<celldesigner:boxSize height="60.0" width="80.0"/>
<celldesigner:singleLine width="1.0"/>
<celldesigner:paint color="3fff0000" scheme="Color"/>
</celldesigner:briefView>
</celldesigner:speciesAlias>
<celldesigner:speciesAlias compartmentAlias="ca1" id="sa82" species="s92">
<celldesigner:activity>inactive</celldesigner:activity>
<celldesigner:bounds h="87.0" w="244.0" x="574.0" y="197.0"/>
<celldesigner:view state="usual"/>
<celldesigner:usualView>
<celldesigner:innerPosition x="-409.0" y="-641.0"/>
<celldesigner:boxSize height="87.0" width="244.0"/>
<celldesigner:singleLine width="1.0"/>
<celldesigner:paint color="ffffffff" scheme="Color"/>
</celldesigner:usualView>
<celldesigner:briefView>
<celldesigner:innerPosition x="0.0" y="0.0"/>
<celldesigner:boxSize height="60.0" width="80.0"/>
<celldesigner:singleLine width="1.0"/>
<celldesigner:paint color="3fff0000" scheme="Color"/>
</celldesigner:briefView>
</celldesigner:speciesAlias>
<celldesigner:speciesAlias complexSpeciesAlias="csa3" id="sa84" species="s100">
<celldesigner:activity>inactive</celldesigner:activity>
<celldesigner:bounds h="29.0" w="64.0" x="1883.0" y="821.0"/>
<celldesigner:view state="usual"/>
<celldesigner:usualView>
<celldesigner:innerPosition x="359.0" y="109.0"/>
<celldesigner:boxSize height="29.0" width="64.0"/>
<celldesigner:singleLine width="1.0"/>
<celldesigner:paint color="ffab3ef7" scheme="Color"/>
</celldesigner:usualView>
<celldesigner:briefView>
<celldesigner:innerPosition x="0.0" y="0.0"/>
<celldesigner:boxSize height="60.0" width="80.0"/>
<celldesigner:singleLine width="1.0"/>
<celldesigner:paint color="3fff0000" scheme="Color"/>
</celldesigner:briefView>
</celldesigner:speciesAlias>
<celldesigner:speciesAlias complexSpeciesAlias="csa3" id="sa85" species="s100">
<celldesigner:activity>inactive</celldesigner:activity>
<celldesigner:bounds h="29.0" w="64.0" x="1550.0" y="825.0"/>
<celldesigner:view state="usual"/>
<celldesigner:usualView>
<celldesigner:innerPosition x="26.0" y="113.0"/>
<celldesigner:boxSize height="29.0" width="64.0"/>
<celldesigner:singleLine width="1.0"/>
<celldesigner:paint color="ffab3ef7" scheme="Color"/>
</celldesigner:usualView>
<celldesigner:briefView>
<celldesigner:innerPosition x="0.0" y="0.0"/>
<celldesigner:boxSize height="60.0" width="80.0"/>
<celldesigner:singleLine width="1.0"/>
<celldesigner:paint color="3fff0000" scheme="Color"/>
</celldesigner:briefView>
</celldesigner:speciesAlias>
<celldesigner:speciesAlias compartmentAlias="ca1" id="sa86" species="s101">
<celldesigner:activity>inactive</celldesigner:activity>
<celldesigner:bounds h="30.0" w="80.0" x="533.0" y="783.0"/>
<celldesigner:view state="usual"/>
<celldesigner:usualView>
<celldesigner:innerPosition x="-450.0" y="-55.0"/>
<celldesigner:boxSize height="30.0" width="80.0"/>
<celldesigner:singleLine width="1.0"/>
<celldesigner:paint color="ffffffff" scheme="Color"/>
</celldesigner:usualView>
<celldesigner:briefView>
<celldesigner:innerPosition x="0.0" y="0.0"/>
<celldesigner:boxSize height="60.0" width="80.0"/>
<celldesigner:singleLine width="1.0"/>
<celldesigner:paint color="3fff0000" scheme="Color"/>
</celldesigner:briefView>
</celldesigner:speciesAlias>
<celldesigner:speciesAlias compartmentAlias="ca1" id="sa87" species="s102">
<celldesigner:activity>inactive</celldesigner:activity>
<celldesigner:bounds h="30.0" w="80.0" x="1210.0" y="765.0"/>
<celldesigner:view state="usual"/>
<celldesigner:usualView>
<celldesigner:innerPosition x="227.0" y="-73.0"/>
<celldesigner:boxSize height="30.0" width="80.0"/>
<celldesigner:singleLine width="1.0"/>
<celldesigner:paint color="ffffffff" scheme="Color"/>
</celldesigner:usualView>
<celldesigner:briefView>
<celldesigner:innerPosition x="0.0" y="0.0"/>
<celldesigner:boxSize height="60.0" width="80.0"/>
<celldesigner:singleLine width="1.0"/>
<celldesigner:paint color="3fff0000" scheme="Color"/>
</celldesigner:briefView>
</celldesigner:speciesAlias>
<celldesigner:speciesAlias compartmentAlias="ca1" id="sa88" species="s93">
<celldesigner:activity>inactive</celldesigner:activity>
<celldesigner:bounds h="29.0" w="64.0" x="1336.0" y="660.5"/>
<celldesigner:view state="usual"/>
<celldesigner:usualView>
<celldesigner:innerPosition x="353.0" y="-177.5"/>
<celldesigner:boxSize height="29.0" width="64.0"/>
<celldesigner:singleLine width="1.0"/>
<celldesigner:paint color="ffab3ef7" scheme="Color"/>
</celldesigner:usualView>
<celldesigner:briefView>
<celldesigner:innerPosition x="0.0" y="0.0"/>
<celldesigner:boxSize height="60.0" width="80.0"/>
<celldesigner:singleLine width="1.0"/>
<celldesigner:paint color="3fff0000" scheme="Color"/>
</celldesigner:briefView>
</celldesigner:speciesAlias>
</celldesigner:listOfSpeciesAliases>
<celldesigner:listOfGroups/>
<celldesigner:listOfProteins>
<celldesigner:protein id="pr1" name="SNAP-25" type="GENERIC"/>
<celldesigner:protein id="pr2" name="Syntaxin 1/2" type="GENERIC"/>
<celldesigner:protein id="pr3" name="Synaptotagmin" type="GENERIC"/>
<celldesigner:protein id="pr4" name="Synaptobrevin" type="GENERIC"/>
<celldesigner:protein id="pr5" name="Synaptophysin" type="GENERIC"/>
<celldesigner:protein id="pr8" name="Rab3A" type="GENERIC"/>
<celldesigner:protein id="pr9" name="Synapsin" type="GENERIC"/>
<celldesigner:protein id="pr10" name="NSF" type="GENERIC"/>
<celldesigner:protein id="pr11" name="SNAP" type="GENERIC"/>
<celldesigner:protein id="pr12" name="Munc13" type="GENERIC"/>
<celldesigner:protein id="pr6" name="Munc18" type="GENERIC"/>
<celldesigner:protein id="pr7" name="RIM1_alpha__slash_2_alpha_" type="GENERIC"/>
</celldesigner:listOfProteins>
<celldesigner:listOfGenes/>
<celldesigner:listOfRNAs/>
<celldesigner:listOfAntisenseRNAs/>
<celldesigner:listOfBlockDiagrams/>
</annotation>
<listOfCompartments>
<compartment id="default"/>
<compartment id="c1" name="Presynaptic" outside="default">
<annotation>
<celldesigner:name >Presynaptic</celldesigner:name>
</annotation>
</compartment>
<compartment id="c2" name="Synaptic vesicle" outside="c1">
<annotation>
<celldesigner:name >Synaptic vesicle</celldesigner:name>
</annotation>
</compartment>
<compartment id="c3" name="synaptic vesicle" outside="c1">
<annotation>
<celldesigner:name >synaptic vesicle</celldesigner:name>
</annotation>
</compartment>
</listOfCompartments>
<listOfSpecies>
<species compartment="c1" id="s2" initialAmount="0.0" name="Syntaxin 1/2">
<notes>
<html xmlns="http://www.w3.org/1999/xhtml">
<!--Notes by CellDesigner-->
<body>
Long Name:  Syntaxin 1/2
Synonym:  Stx1/2
Accession:  P05772
</body>
</html>
</notes>
<annotation>
<celldesigner:positionToCompartment >transmembrane</celldesigner:positionToCompartment>
<celldesigner:speciesIdentity >
<celldesigner:class>PROTEIN</celldesigner:class>
<celldesigner:proteinReference>pr2</celldesigner:proteinReference>
</celldesigner:speciesIdentity>
</annotation>
</species>
<species compartment="c2" id="s3" initialAmount="0.0" name="Synaptotagmin">
<notes>
<html xmlns="http://www.w3.org/1999/xhtml">
<!--Notes by CellDesigner-->
<body>
Long Name:  Synaptotagmin
Synonym:  p65
Accession:  P05769
</body>
</html>
</notes>
<annotation>
<celldesigner:positionToCompartment >transmembrane</celldesigner:positionToCompartment>
<celldesigner:speciesIdentity >
<celldesigner:class>PROTEIN</celldesigner:class>
<celldesigner:proteinReference>pr3</celldesigner:proteinReference>
</celldesigner:speciesIdentity>
</annotation>
</species>
<species compartment="c2" id="s4" initialAmount="0.0" name="Synaptobrevin">
<notes>
<html xmlns="http://www.w3.org/1999/xhtml">
<!--Notes by CellDesigner-->
<body>
Long Name:  Synaptobrevin
Synonym:  Vesicle-associated membrane protein,VAMP
Accession:  P05779
</body>
</html>
</notes>
<annotation>
<celldesigner:positionToCompartment >transmembrane</celldesigner:positionToCompartment>
<celldesigner:speciesIdentity >
<celldesigner:class>PROTEIN</celldesigner:class>
<celldesigner:proteinReference>pr4</celldesigner:proteinReference>
</celldesigner:speciesIdentity>
</annotation>
</species>
<species compartment="c2" id="s11" initialAmount="0.0" name="Synaptophysin">
<notes>
<html xmlns="http://www.w3.org/1999/xhtml">
<!--Notes by CellDesigner-->
<body>
Long Name:  Synaptophysin
Synonym:  Synonym not specified
Accession:  P05777
</body>
</html>
</notes>
<annotation>
<celldesigner:positionToCompartment >transmembrane</celldesigner:positionToCompartment>
<celldesigner:speciesIdentity >
<celldesigner:class>PROTEIN</celldesigner:class>
<celldesigner:proteinReference>pr5</celldesigner:proteinReference>
</celldesigner:speciesIdentity>
</annotation>
</species>
<species compartment="c2" id="s20" initialAmount="0.0" name="SNARE complex">
<notes>
<html xmlns="http://www.w3.org/1999/xhtml">
<!--Notes by CellDesigner-->
<body>
Long Name:  SNARE complex
Synonym:  Synonym not specified
Accession:  U05903
</body>
</html>
</notes>
<annotation>
<celldesigner:positionToCompartment >transmembrane</celldesigner:positionToCompartment>
<celldesigner:speciesIdentity >
<celldesigner:class>COMPLEX</celldesigner:class>
<celldesigner:name>SNARE complex</celldesigner:name>
</celldesigner:speciesIdentity>
</annotation>
</species>
<species compartment="c1" id="s25" initialAmount="0.0" name="SNAP-25">
<notes>
<html xmlns="http://www.w3.org/1999/xhtml">
<!--Notes by CellDesigner-->
<body>
Long Name:  Synaptosomal-associated protein, 25KD
Synonym:  Synonym not specified
Accession:  P05778
</body>
</html>
</notes>
<annotation>
<celldesigner:positionToCompartment >inside</celldesigner:positionToCompartment>
<celldesigner:speciesIdentity >
<celldesigner:class>PROTEIN</celldesigner:class>
<celldesigner:proteinReference>pr1</celldesigner:proteinReference>
</celldesigner:speciesIdentity>
</annotation>
</species>
<species compartment="c1" id="s26" initialAmount="0.0" name="SNAP-25">
<notes>
<html xmlns="http://www.w3.org/1999/xhtml">
<!--Notes by CellDesigner-->
<body>
Long Name:  Synaptosomal-associated protein, 25KD
Synonym:  Synonym not specified
Accession:  P05778
</body>
</html>
</notes>
<annotation>
<celldesigner:positionToCompartment >innerSurface</celldesigner:positionToCompartment>
<celldesigner:speciesIdentity >
<celldesigner:class>PROTEIN</celldesigner:class>
<celldesigner:proteinReference>pr1</celldesigner:proteinReference>
</celldesigner:speciesIdentity>
</annotation>
</species>
<species compartment="c2" id="s44" initialAmount="0.0" name="SNARE complex">
<notes>
<html xmlns="http://www.w3.org/1999/xhtml">
<!--Notes by CellDesigner-->
<body>
Long Name:  SNARE complex
Synonym:  Synonym not specified
Accession:  U05904
</body>
</html>
</notes>
<annotation>
<celldesigner:positionToCompartment >transmembrane</celldesigner:positionToCompartment>
<celldesigner:speciesIdentity >
<celldesigner:class>COMPLEX</celldesigner:class>
<celldesigner:name>SNARE complex</celldesigner:name>
</celldesigner:speciesIdentity>
</annotation>
</species>
<species compartment="c2" id="s51" initialAmount="0.0" name="synaptic vesicle fusion complex">
<notes>
<html xmlns="http://www.w3.org/1999/xhtml">
<!--Notes by CellDesigner-->
<body>
Long Name:  synaptic vesicle fusion complex
Synonym:  Synonym not specified
Accession:  U05905
</body>
</html>
</notes>
<annotation>
<celldesigner:positionToCompartment >transmembrane</celldesigner:positionToCompartment>
<celldesigner:speciesIdentity >
<celldesigner:class>COMPLEX</celldesigner:class>
<celldesigner:name>synaptic vesicle fusion complex</celldesigner:name>
</celldesigner:speciesIdentity>
</annotation>
</species>
<species compartment="c2" id="s57" initialAmount="0.0" name="neurotransmitter">
<notes>
<html xmlns="http://www.w3.org/1999/xhtml">
<!--Notes by CellDesigner-->
<body>
Long Name:  neurotransmitter
Synonym:  Synonym not specified
Accession:  S05860
</body>
</html>
</notes>
<annotation>
<celldesigner:positionToCompartment >inside</celldesigner:positionToCompartment>
<celldesigner:speciesIdentity >
<celldesigner:class>SIMPLE_MOLECULE</celldesigner:class>
<celldesigner:name>neurotransmitter</celldesigner:name>
</celldesigner:speciesIdentity>
</annotation>
</species>
<species compartment="default" id="s60" initialAmount="0.0" name="neurotransmitter">
<notes>
<html xmlns="http://www.w3.org/1999/xhtml">
<!--Notes by CellDesigner-->
<body>
Long Name:  neurotransmitter
Synonym:  Synonym not specified
Accession:  S05860
</body>
</html>
</notes>
<annotation>
<celldesigner:positionToCompartment >inside</celldesigner:positionToCompartment>
<celldesigner:speciesIdentity >
<celldesigner:class>SIMPLE_MOLECULE</celldesigner:class>
<celldesigner:name>neurotransmitter</celldesigner:name>
</celldesigner:speciesIdentity>
</annotation>
</species>
<species compartment="c1" id="s61" initialAmount="0.0" name="Rab3A">
<notes>
<html xmlns="http://www.w3.org/1999/xhtml">
<!--Notes by CellDesigner-->
<body>
Long Name:  Rab3A
Synonym:  Synonym not specified
Accession:  P05780
</body>
</html>
</notes>
<annotation>
<celldesigner:positionToCompartment >inside</celldesigner:positionToCompartment>
<celldesigner:speciesIdentity >
<celldesigner:class>PROTEIN</celldesigner:class>
<celldesigner:proteinReference>pr8</celldesigner:proteinReference>
</celldesigner:speciesIdentity>
</annotation>
</species>
<species compartment="c2" id="s68" initialAmount="0.0" name="Rab3A">
<notes>
<html xmlns="http://www.w3.org/1999/xhtml">
<!--Notes by CellDesigner-->
<body>
Long Name:  Rab3A
Synonym:  Synonym not specified
Accession:  P05780
</body>
</html>
</notes>
<annotation>
<celldesigner:positionToCompartment >outerSurface</celldesigner:positionToCompartment>
<celldesigner:speciesIdentity >
<celldesigner:class>PROTEIN</celldesigner:class>
<celldesigner:proteinReference>pr8</celldesigner:proteinReference>
</celldesigner:speciesIdentity>
</annotation>
</species>
<species compartment="c1" id="s69" initialAmount="0.0" name="Ca_super_2_plus_">
<notes>
<html xmlns="http://www.w3.org/1999/xhtml">
<!--Notes by CellDesigner-->
<body>
Long Name:  Ca2+
Synonym:  Synonym not specified
Accession:  U05907
</body>
</html>
</notes>
<annotation>
<celldesigner:positionToCompartment >inside</celldesigner:positionToCompartment>
<celldesigner:speciesIdentity >
<celldesigner:class>ION</celldesigner:class>
<celldesigner:name>Ca_super_2_plus_</celldesigner:name>
</celldesigner:speciesIdentity>
</annotation>
</species>
<species compartment="c2" id="s72" initialAmount="0.0" name="Synapsin">
<notes>
<html xmlns="http://www.w3.org/1999/xhtml">
<!--Notes by CellDesigner-->
<body>
Long Name:  Synapsin
Synonym:  Syn1,Brain protein 4.1
Accession:  P05775
</body>
</html>
</notes>
<annotation>
<celldesigner:positionToCompartment >transmembrane</celldesigner:positionToCompartment>
<celldesigner:speciesIdentity >
<celldesigner:class>PROTEIN</celldesigner:class>
<celldesigner:proteinReference>pr9</celldesigner:proteinReference>
</celldesigner:speciesIdentity>
</annotation>
</species>
<species compartment="c3" id="s75" initialAmount="0.0" name="Synapsin">
<notes>
<html xmlns="http://www.w3.org/1999/xhtml">
<!--Notes by CellDesigner-->
<body>
Long Name:  Synapsin
Synonym:  Syn1,Brain protein 4.1
Accession:  P05775
</body>
</html>
</notes>
<annotation>
<celldesigner:positionToCompartment >transmembrane</celldesigner:positionToCompartment>
<celldesigner:speciesIdentity >
<celldesigner:class>PROTEIN</celldesigner:class>
<celldesigner:proteinReference>pr9</celldesigner:proteinReference>
</celldesigner:speciesIdentity>
</annotation>
</species>
<species compartment="c3" id="s79" initialAmount="0.0" name="Synaptophysin">
<notes>
<html xmlns="http://www.w3.org/1999/xhtml">
<!--Notes by CellDesigner-->
<body>
Long Name:  Synaptophysin
Synonym:  Synonym not specified
Accession:  P05777
</body>
</html>
</notes>
<annotation>
<celldesigner:positionToCompartment >transmembrane</celldesigner:positionToCompartment>
<celldesigner:speciesIdentity >
<celldesigner:class>PROTEIN</celldesigner:class>
<celldesigner:proteinReference>pr5</celldesigner:proteinReference>
</celldesigner:speciesIdentity>
</annotation>
</species>
<species compartment="c3" id="s83" initialAmount="0.0" name="Synaptotagmin">
<notes>
<html xmlns="http://www.w3.org/1999/xhtml">
<!--Notes by CellDesigner-->
<body>
Long Name:  Synaptotagmin
Synonym:  p65
Accession:  P05769
</body>
</html>
</notes>
<annotation>
<celldesigner:positionToCompartment >transmembrane</celldesigner:positionToCompartment>
<celldesigner:speciesIdentity >
<celldesigner:class>PROTEIN</celldesigner:class>
<celldesigner:proteinReference>pr3</celldesigner:proteinReference>
</celldesigner:speciesIdentity>
</annotation>
</species>
<species compartment="c3" id="s84" initialAmount="0.0" name="Synaptobrevin">
<notes>
<html xmlns="http://www.w3.org/1999/xhtml">
<!--Notes by CellDesigner-->
<body>
Long Name:  Synaptobrevin
Synonym:  Vesicle-associated membrane protein,VAMP
Accession:  P05779
</body>
</html>
</notes>
<annotation>
<celldesigner:positionToCompartment >transmembrane</celldesigner:positionToCompartment>
<celldesigner:speciesIdentity >
<celldesigner:class>PROTEIN</celldesigner:class>
<celldesigner:proteinReference>pr4</celldesigner:proteinReference>
</celldesigner:speciesIdentity>
</annotation>
</species>
<species compartment="c1" id="s87" initialAmount="0.0" name="SNARE complex dissembly">
<notes>
<html xmlns="http://www.w3.org/1999/xhtml">
<!--Notes by CellDesigner-->
<body>
Long Name:  SNARE complex dissembly
Synonym:  Synonym not specified
Accession:  U05906
</body>
</html>
</notes>
<annotation>
<celldesigner:positionToCompartment >inside</celldesigner:positionToCompartment>
<celldesigner:speciesIdentity >
<celldesigner:class>PHENOTYPE</celldesigner:class>
<celldesigner:name>SNARE complex dissembly</celldesigner:name>
</celldesigner:speciesIdentity>
</annotation>
</species>
<species compartment="c1" id="s90" initialAmount="0.0" name="NSF">
<notes>
<html xmlns="http://www.w3.org/1999/xhtml">
<!--Notes by CellDesigner-->
<body>
Long Name:  N-ethylmaleimide-sensitive factor
Synonym:  Synonym not specified
Accession:  P05774
</body>
</html>
</notes>
<annotation>
<celldesigner:positionToCompartment >inside</celldesigner:positionToCompartment>
<celldesigner:speciesIdentity >
<celldesigner:class>PROTEIN</celldesigner:class>
<celldesigner:proteinReference>pr10</celldesigner:proteinReference>
</celldesigner:speciesIdentity>
<celldesigner:listOfCatalyzedReactions >
<celldesigner:catalyzed reaction="re5"/>
</celldesigner:listOfCatalyzedReactions>
</annotation>
</species>
<species compartment="c1" id="s91" initialAmount="0.0" name="SNAP">
<notes>
<html xmlns="http://www.w3.org/1999/xhtml">
<!--Notes by CellDesigner-->
<body>
Long Name:  SNAP
Synonym:  Synonym not specified
Accession:  P05771
</body>
</html>
</notes>
<annotation>
<celldesigner:positionToCompartment >inside</celldesigner:positionToCompartment>
<celldesigner:speciesIdentity >
<celldesigner:class>PROTEIN</celldesigner:class>
<celldesigner:proteinReference>pr11</celldesigner:proteinReference>
</celldesigner:speciesIdentity>
<celldesigner:listOfCatalyzedReactions >
<celldesigner:catalyzed reaction="re5"/>
</celldesigner:listOfCatalyzedReactions>
</annotation>
</species>
<species compartment="c1" id="s92" initialAmount="0.0" name="Transmitter update_br_and_br_vesicle docking">
<notes>
<html xmlns="http://www.w3.org/1999/xhtml">
<!--Notes by CellDesigner-->
<body>
Long Name:  Transmitter update and vesicle docking
Synonym:  Synonym not specified
Accession:  U05908
</body>
</html>
</notes>
<annotation>
<celldesigner:positionToCompartment >inside</celldesigner:positionToCompartment>
<celldesigner:speciesIdentity >
<celldesigner:class>PHENOTYPE</celldesigner:class>
<celldesigner:name>Transmitter update_br_and_br_vesicle docking</celldesigner:name>
</celldesigner:speciesIdentity>
</annotation>
</species>
<species compartment="c1" id="s93" initialAmount="0.0" name="Munc13">
<notes>
<html xmlns="http://www.w3.org/1999/xhtml">
<!--Notes by CellDesigner-->
<body>
Long Name:  Munc13
Synonym:  UNC13
Accession:  P05773
</body>
</html>
</notes>
<annotation>
<celldesigner:positionToCompartment >inside</celldesigner:positionToCompartment>
<celldesigner:speciesIdentity >
<celldesigner:class>PROTEIN</celldesigner:class>
<celldesigner:proteinReference>pr12</celldesigner:proteinReference>
</celldesigner:speciesIdentity>
</annotation>
</species>
<species compartment="c1" id="s95" initialAmount="0.0" name="Munc18">
<notes>
<html xmlns="http://www.w3.org/1999/xhtml">
<!--Notes by CellDesigner-->
<body>
Long Name:  Munc18
Synonym:  STXBP1,Syntaxin-binding protein 1
Accession:  P05770
</body>
</html>
</notes>
<annotation>
<celldesigner:positionToCompartment >inside</celldesigner:positionToCompartment>
<celldesigner:speciesIdentity >
<celldesigner:class>PROTEIN</celldesigner:class>
<celldesigner:proteinReference>pr6</celldesigner:proteinReference>
</celldesigner:speciesIdentity>
</annotation>
</species>
<species compartment="c1" id="s97" initialAmount="0.0" name="RIM1_alpha__slash_2_alpha_">
<notes>
<html xmlns="http://www.w3.org/1999/xhtml">
<!--Notes by CellDesigner-->
<body>
Long Name:  Rab3A-interacting protein 1alpha/2alpha
Synonym:  Synonym not specified
Accession:  P05776
</body>
</html>
</notes>
<annotation>
<celldesigner:positionToCompartment >inside</celldesigner:positionToCompartment>
<celldesigner:speciesIdentity >
<celldesigner:class>PROTEIN</celldesigner:class>
<celldesigner:proteinReference>pr7</celldesigner:proteinReference>
</celldesigner:speciesIdentity>
</annotation>
</species>
<species compartment="c1" id="s101" initialAmount="0.0" name="Priming">
<notes>
<html xmlns="http://www.w3.org/1999/xhtml">
<!--Notes by CellDesigner-->
<body>
Long Name:  Priming
Synonym:  Synonym not specified
Accession:  U05909
</body>
</html>
</notes>
<annotation>
<celldesigner:positionToCompartment >inside</celldesigner:positionToCompartment>
<celldesigner:speciesIdentity >
<celldesigner:class>PHENOTYPE</celldesigner:class>
<celldesigner:name>Priming</celldesigner:name>
</celldesigner:speciesIdentity>
</annotation>
</species>
<species compartment="c1" id="s102" initialAmount="0.0" name="Fusion">
<notes>
<html xmlns="http://www.w3.org/1999/xhtml">
<!--Notes by CellDesigner-->
<body>
Long Name:  Fusion
Synonym:  Synonym not specified
Accession:  U05910
</body>
</html>
</notes>
<annotation>
<celldesigner:positionToCompartment >inside</celldesigner:positionToCompartment>
<celldesigner:speciesIdentity >
<celldesigner:class>PHENOTYPE</celldesigner:class>
<celldesigner:name>Fusion</celldesigner:name>
</celldesigner:speciesIdentity>
</annotation>
</species>
</listOfSpecies>
<listOfReactions>
<reaction id="re2" reversible="false">
<annotation>
<celldesigner:reactionType >TRANSPORT</celldesigner:reactionType>
<celldesigner:baseReactants >
<celldesigner:baseReactant alias="sa49" species="s57">
<celldesigner:linkAnchor position="S"/>
</celldesigner:baseReactant>
</celldesigner:baseReactants>
<celldesigner:baseProducts >
<celldesigner:baseProduct alias="sa53" species="s60">
<celldesigner:linkAnchor position="N"/>
</celldesigner:baseProduct>
</celldesigner:baseProducts>
<celldesigner:connectScheme connectPolicy="direct" >
<celldesigner:listOfLineDirection>
<celldesigner:lineDirection index="0" value="unknown"/>
</celldesigner:listOfLineDirection>
</celldesigner:connectScheme>
<celldesigner:line color="ff000000" width="1.0" />
</annotation>
<listOfReactants>
<speciesReference species="s57">
<annotation>
<celldesigner:alias >sa49</celldesigner:alias>
</annotation>
</speciesReference>
</listOfReactants>
<listOfProducts>
<speciesReference species="s60">
<annotation>
<celldesigner:alias >sa53</celldesigner:alias>
</annotation>
</speciesReference>
</listOfProducts>
</reaction>
<reaction id="re3" reversible="false">
<annotation>
<celldesigner:reactionType >STATE_TRANSITION</celldesigner:reactionType>
<celldesigner:baseReactants >
<celldesigner:baseReactant alias="csa1" species="s20">
<celldesigner:linkAnchor position="ENE"/>
</celldesigner:baseReactant>
</celldesigner:baseReactants>
<celldesigner:baseProducts >
<celldesigner:baseProduct alias="csa3" species="s51">
<celldesigner:linkAnchor position="WNW"/>
</celldesigner:baseProduct>
</celldesigner:baseProducts>
<celldesigner:listOfReactantLinks >
<celldesigner:reactantLink alias="sa55" reactant="s68" targetLineIndex="-1,1">
<celldesigner:linkAnchor position="SSE"/>
<celldesigner:line color="ff000000" width="1.0"/>
</celldesigner:reactantLink>
<celldesigner:reactantLink alias="sa56" reactant="s97" targetLineIndex="-1,1">
<celldesigner:linkAnchor position="SSE"/>
<celldesigner:line color="ff000000" width="1.0"/>
</celldesigner:reactantLink>
<celldesigner:reactantLink alias="sa57" reactant="s95" targetLineIndex="-1,1">
<celldesigner:linkAnchor position="SSE"/>
<celldesigner:line color="ff000000" width="1.0"/>
</celldesigner:reactantLink>
<celldesigner:reactantLink alias="sa61" reactant="s69" targetLineIndex="-1,1">
<celldesigner:linkAnchor position="S"/>
<celldesigner:line color="ff000000" width="1.0"/>
</celldesigner:reactantLink>
<celldesigner:reactantLink alias="sa88" reactant="s93" targetLineIndex="-1,1">
<celldesigner:linkAnchor position="SSW"/>
<celldesigner:line color="ff000000" width="1.0"/>
</celldesigner:reactantLink>
</celldesigner:listOfReactantLinks>
<celldesigner:connectScheme connectPolicy="direct" >
<celldesigner:listOfLineDirection>
<celldesigner:lineDirection index="0" value="unknown"/>
<celldesigner:lineDirection index="1" value="unknown"/>
</celldesigner:listOfLineDirection>
</celldesigner:connectScheme>
<celldesigner:editPoints >0.37455876022422663,3.0230719629154024E-5</celldesigner:editPoints>
<celldesigner:line color="ff000000" width="1.0" />
</annotation>
<listOfReactants>
<speciesReference species="s20">
<annotation>
<celldesigner:alias >csa1</celldesigner:alias>
</annotation>
</speciesReference>
<speciesReference species="s68">
<annotation>
<celldesigner:alias >sa55</celldesigner:alias>
</annotation>
</speciesReference>
<speciesReference species="s97">
<annotation>
<celldesigner:alias >sa56</celldesigner:alias>
</annotation>
</speciesReference>
<speciesReference species="s95">
<annotation>
<celldesigner:alias >sa57</celldesigner:alias>
</annotation>
</speciesReference>
<speciesReference species="s69">
<annotation>
<celldesigner:alias >sa61</celldesigner:alias>
</annotation>
</speciesReference>
<speciesReference species="s93">
<annotation>
<celldesigner:alias >sa88</celldesigner:alias>
</annotation>
</speciesReference>
</listOfReactants>
<listOfProducts>
<speciesReference species="s51">
<annotation>
<celldesigner:alias >csa3</celldesigner:alias>
</annotation>
</speciesReference>
</listOfProducts>
</reaction>
<reaction id="re4" reversible="false">
<annotation>
<celldesigner:reactionType >HETERODIMER_ASSOCIATION</celldesigner:reactionType>
<celldesigner:baseReactants >
<celldesigner:baseReactant alias="sa10" species="s25">
<celldesigner:linkAnchor position="N"/>
</celldesigner:baseReactant>
<celldesigner:baseReactant alias="sa4" species="s4">
<celldesigner:linkAnchor position="SSE"/>
</celldesigner:baseReactant>
</celldesigner:baseReactants>
<celldesigner:baseProducts >
<celldesigner:baseProduct alias="csa1" species="s20">
<celldesigner:linkAnchor position="W"/>
</celldesigner:baseProduct>
</celldesigner:baseProducts>
<celldesigner:listOfReactantLinks >
<celldesigner:reactantLink alias="sa9" reactant="s2" targetLineIndex="1,0">
<celldesigner:linkAnchor position="NE"/>
<celldesigner:line color="ff000000" width="1.0"/>
</celldesigner:reactantLink>
<celldesigner:reactantLink alias="sa3" reactant="s3" targetLineIndex="2,0">
<celldesigner:linkAnchor position="SE"/>
<celldesigner:line color="ff000000" width="1.0"/>
</celldesigner:reactantLink>
</celldesigner:listOfReactantLinks>
<celldesigner:connectScheme connectPolicy="direct" >
<celldesigner:listOfLineDirection>
<celldesigner:lineDirection arm="0" index="0" value="unknown"/>
<celldesigner:lineDirection arm="1" index="0" value="unknown"/>
<celldesigner:lineDirection arm="2" index="0" value="unknown"/>
</celldesigner:listOfLineDirection>
</celldesigner:connectScheme>
<celldesigner:editPoints num0="0" num1="0" num2="0" >0.2178389240995502,0.2368758695316121</celldesigner:editPoints>
<celldesigner:line color="ff000000" width="1.0" />
</annotation>
<listOfReactants>
<speciesReference species="s25">
<annotation>
<celldesigner:alias >sa10</celldesigner:alias>
</annotation>
</speciesReference>
<speciesReference species="s4">
<annotation>
<celldesigner:alias >sa4</celldesigner:alias>
</annotation>
</speciesReference>
<speciesReference species="s2">
<annotation>
<celldesigner:alias >sa9</celldesigner:alias>
</annotation>
</speciesReference>
<speciesReference species="s3">
<annotation>
<celldesigner:alias >sa3</celldesigner:alias>
</annotation>
</speciesReference>
</listOfReactants>
<listOfProducts>
<speciesReference species="s20">
<annotation>
<celldesigner:alias >csa1</celldesigner:alias>
</annotation>
</speciesReference>
</listOfProducts>
</reaction>
<reaction id="re5" reversible="false">
<annotation>
<celldesigner:reactionType >DISSOCIATION</celldesigner:reactionType>
<celldesigner:baseReactants >
<celldesigner:baseReactant alias="csa3" species="s51">
<celldesigner:linkAnchor position="NW"/>
</celldesigner:baseReactant>
</celldesigner:baseReactants>
<celldesigner:baseProducts >
<celldesigner:baseProduct alias="sa74" species="s84">
<celldesigner:linkAnchor position="SE"/>
</celldesigner:baseProduct>
<celldesigner:baseProduct alias="sa75" species="s83">
<celldesigner:linkAnchor position="SE"/>
</celldesigner:baseProduct>
</celldesigner:baseProducts>
<celldesigner:listOfProductLinks >
<celldesigner:productLink alias="sa56" product="s97" targetLineIndex="0,1">
<celldesigner:linkAnchor position="N"/>
<celldesigner:line color="ff000000" width="1.0"/>
</celldesigner:productLink>
<celldesigner:productLink alias="sa57" product="s95" targetLineIndex="0,1">
<celldesigner:linkAnchor position="N"/>
<celldesigner:line color="ff000000" width="1.0"/>
</celldesigner:productLink>
<celldesigner:productLink alias="sa55" product="s68" targetLineIndex="0,1">
<celldesigner:linkAnchor position="N"/>
<celldesigner:line color="ff000000" width="1.0"/>
</celldesigner:productLink>
<celldesigner:productLink alias="sa78" product="s25" targetLineIndex="0,1">
<celldesigner:linkAnchor position="N"/>
<celldesigner:line color="ff000000" width="1.0"/>
</celldesigner:productLink>
<celldesigner:productLink alias="sa79" product="s2" targetLineIndex="0,1">
<celldesigner:linkAnchor position="N"/>
<celldesigner:line color="ff000000" width="1.0"/>
</celldesigner:productLink>
<celldesigner:productLink alias="sa88" product="s93" targetLineIndex="0,1">
<celldesigner:linkAnchor position="N"/>
<celldesigner:line color="ff000000" width="1.0"/>
</celldesigner:productLink>
</celldesigner:listOfProductLinks>
<celldesigner:connectScheme connectPolicy="direct" >
<celldesigner:listOfLineDirection>
<celldesigner:lineDirection arm="0" index="0" value="unknown"/>
<celldesigner:lineDirection arm="0" index="1" value="unknown"/>
<celldesigner:lineDirection arm="1" index="0" value="unknown"/>
<celldesigner:lineDirection arm="2" index="0" value="unknown"/>
</celldesigner:listOfLineDirection>
</celldesigner:connectScheme>
<celldesigner:editPoints num0="1" num1="0" num2="0" >0.4267560934004211,-0.00973535248766888 -0.36017254154759115,1.2086747115486496</celldesigner:editPoints>
<celldesigner:line color="ff000000" width="1.0" />
<celldesigner:listOfModification >
<celldesigner:modification aliases="sa80" modifiers="s90" targetLineIndex="0,0" type="CATALYSIS">
<celldesigner:connectScheme connectPolicy="direct">
<celldesigner:listOfLineDirection>
<celldesigner:lineDirection index="0" value="unknown"/>
</celldesigner:listOfLineDirection>
</celldesigner:connectScheme>
<celldesigner:linkTarget alias="sa80" species="s90">
<celldesigner:linkAnchor position="W"/>
</celldesigner:linkTarget>
<celldesigner:line color="ff000000" width="1.0"/>
</celldesigner:modification>
<celldesigner:modification aliases="sa81" modifiers="s91" targetLineIndex="0,0" type="CATALYSIS">
<celldesigner:connectScheme connectPolicy="direct">
<celldesigner:listOfLineDirection>
<celldesigner:lineDirection index="0" value="unknown"/>
</celldesigner:listOfLineDirection>
</celldesigner:connectScheme>
<celldesigner:linkTarget alias="sa81" species="s91">
<celldesigner:linkAnchor position="W"/>
</celldesigner:linkTarget>
<celldesigner:line color="ff000000" width="1.0"/>
</celldesigner:modification>
</celldesigner:listOfModification>
</annotation>
<listOfReactants>
<speciesReference species="s51">
<annotation>
<celldesigner:alias >csa3</celldesigner:alias>
</annotation>
</speciesReference>
</listOfReactants>
<listOfProducts>
<speciesReference species="s84">
<annotation>
<celldesigner:alias >sa74</celldesigner:alias>
</annotation>
</speciesReference>
<speciesReference species="s83">
<annotation>
<celldesigner:alias >sa75</celldesigner:alias>
</annotation>
</speciesReference>
<speciesReference species="s97">
<annotation>
<celldesigner:alias >sa56</celldesigner:alias>
</annotation>
</speciesReference>
<speciesReference species="s95">
<annotation>
<celldesigner:alias >sa57</celldesigner:alias>
</annotation>
</speciesReference>
<speciesReference species="s68">
<annotation>
<celldesigner:alias >sa55</celldesigner:alias>
</annotation>
</speciesReference>
<speciesReference species="s25">
<annotation>
<celldesigner:alias >sa78</celldesigner:alias>
</annotation>
</speciesReference>
<speciesReference species="s2">
<annotation>
<celldesigner:alias >sa79</celldesigner:alias>
</annotation>
</speciesReference>
<speciesReference species="s93">
<annotation>
<celldesigner:alias >sa88</celldesigner:alias>
</annotation>
</speciesReference>
</listOfProducts>
<listOfModifiers>
<modifierSpeciesReference species="s90">
<annotation>
<celldesigner:alias >sa80</celldesigner:alias>
</annotation>
</modifierSpeciesReference>
<modifierSpeciesReference species="s91">
<annotation>
<celldesigner:alias >sa81</celldesigner:alias>
</annotation>
</modifierSpeciesReference>
</listOfModifiers>
</reaction>
</listOfReactions>
</model>
</sbml>
