<?xml version="1.0" encoding="UTF-8"?>
<!-- Terms and Conditions -->
<!-- 
Copyright (C)) 2005 Applied Biosystems.  
This file may be copied and redistributed freely, without advance permission, 
provided that this Copyright statement is reproduced with each copy.  
 
LIMITATION OF WARRANTY 
NOTHING IN THIS AGREEMENT WILL BE CONSTRUED AS A REPRESENTATION MADE OR 
WARRANTY GIVEN BY APPLIED BIOSYSTEMS OR ANY THIRD PARTY THAT THE USE OF 
DATA PROVIDED HEREUNDER WILL NOT INFRINGE ANY PATENT, COPYRIGHT, TRADEMARK 
OR OTHER RIGHTS OF ANY THIRD PARTY. DATA IS PROVIDED "AS IS" WITHOUT 
WARRANTY OF ANY KIND WHATSOEVER, EXPRESS OR IMPLIED, INCLUDING IMPLIED 
WARRANTIES OF MERCHANTABILITY OR FITNESS FOR A PARTICULAR PURPOSE. APPLIED 
BIOSYSTEMS MAKES NO WARRANTY THAT ITS DATA DOES NOT CONTAIN ERRORS.
-->

<!-- Created by SBML API 2.0(a17.0) -->
<sbml level="2" version="1" xmlns="http://www.sbml.org/sbml/level2" xmlns:celldesigner="http://www.sbml.org/2001/ns/celldesigner">
<model id="Thiamine_space_metabolism">
<notes>
<html xmlns="http://www.w3.org/1999/xhtml">
<!--Notes by CellDesigner-->
<body>
<![CDATA[
Boversion of vitamin B1, thiamin, into its coenzyme merely requires the addition of pyrophosphate to the thiamine, at the expense of ATP, by a pyrophosphate transferase.

Website=KEGG - Kyoto Encyclopedia of Genes and Genomes http://www.genome.jp/kegg/
free text=Biochemiscal Pathways - An Atlas of Biochemistry and Molecular Biology Edited by Gerhard Michal
free text=Color Atlas of Biochemistry by Jan Koolman and Klaus-Heinrich Rohm
free text=Human Metabolism by Ramsey Bronk
]]>
</body>
</html>
</notes>
<annotation>
<celldesigner:modelVersion>2.3</celldesigner:modelVersion>
<celldesigner:modelDisplay sizeX="2000" sizeY="1000"/>
<celldesigner:listOfCompartmentAliases>
<celldesigner:compartmentAlias compartment="c8" id="ca8">
<celldesigner:class>SQUARE</celldesigner:class>
<celldesigner:bounds h="99.0" w="431.0" x="41.0" y="160.0"/>
<celldesigner:doubleLine innerWidth="1.0" outerWidth="2.0" thickness="12.0"/>
<celldesigner:paint color="ffffffff" scheme="Color"/>
</celldesigner:compartmentAlias>
<celldesigner:compartmentAlias compartment="c9" id="ca9">
<celldesigner:class>SQUARE</celldesigner:class>
<celldesigner:bounds h="332.0" w="366.0" x="73.0" y="299.0"/>
<celldesigner:doubleLine innerWidth="1.0" outerWidth="2.0" thickness="12.0"/>
<celldesigner:paint color="ffffffff" scheme="Color"/>
</celldesigner:compartmentAlias>
</celldesigner:listOfCompartmentAliases>
<celldesigner:listOfSpeciesAliases>
<celldesigner:speciesAlias compartmentAlias="ca8" id="a265" species="s264">
<celldesigner:activity>inactive</celldesigner:activity>
<celldesigner:bounds h="56.0" w="185.0" x="459.0" y="182.0"/>
<celldesigner:singleLine width="1.0"/>
<celldesigner:paint color="ffffffff" scheme="Color"/>
</celldesigner:speciesAlias>
<celldesigner:speciesAlias id="a266" species="s265">
<celldesigner:activity>inactive</celldesigner:activity>
<celldesigner:bounds h="56.0" w="185.0" x="686.5" y="183.0"/>
<celldesigner:singleLine width="1.0"/>
<celldesigner:paint color="ffffffff" scheme="Color"/>
</celldesigner:speciesAlias>
<celldesigner:speciesAlias id="a267" species="s266">
<celldesigner:activity>inactive</celldesigner:activity>
<celldesigner:bounds h="60.0" w="204.0" x="930.5" y="183.0"/>
<celldesigner:singleLine width="1.0"/>
<celldesigner:paint color="ffffffff" scheme="Color"/>
</celldesigner:speciesAlias>
<celldesigner:speciesAlias id="a268" species="s268">
<celldesigner:activity>inactive</celldesigner:activity>
<celldesigner:bounds h="67.0" w="227.0" x="1189.0" y="179.0"/>
<celldesigner:singleLine width="1.0"/>
<celldesigner:paint color="ffffffff" scheme="Color"/>
</celldesigner:speciesAlias>
<celldesigner:speciesAlias id="a269" species="s289">
<celldesigner:activity>inactive</celldesigner:activity>
<celldesigner:bounds h="56.0" w="185.0" x="462.5" y="445.0"/>
<celldesigner:singleLine width="1.0"/>
<celldesigner:paint color="ffffffff" scheme="Color"/>
</celldesigner:speciesAlias>
<celldesigner:speciesAlias id="a270" species="s271">
<celldesigner:activity>inactive</celldesigner:activity>
<celldesigner:bounds h="56.0" w="185.0" x="826.5" y="445.0"/>
<celldesigner:singleLine width="1.0"/>
<celldesigner:paint color="ffffffff" scheme="Color"/>
</celldesigner:speciesAlias>
<celldesigner:speciesAlias id="a271" species="s272">
<celldesigner:activity>inactive</celldesigner:activity>
<celldesigner:bounds h="56.0" w="185.0" x="1147.5" y="444.0"/>
<celldesigner:singleLine width="1.0"/>
<celldesigner:paint color="ffffffff" scheme="Color"/>
</celldesigner:speciesAlias>
<celldesigner:speciesAlias id="a272" species="s273">
<celldesigner:activity>inactive</celldesigner:activity>
<celldesigner:bounds h="56.0" w="185.0" x="1466.5" y="442.0"/>
<celldesigner:singleLine width="1.0"/>
<celldesigner:paint color="ffffffff" scheme="Color"/>
</celldesigner:speciesAlias>
<celldesigner:speciesAlias id="a273" species="s274">
<celldesigner:activity>inactive</celldesigner:activity>
<celldesigner:bounds h="56.0" w="185.0" x="1750.5" y="443.0"/>
<celldesigner:singleLine width="1.0"/>
<celldesigner:paint color="ffffffff" scheme="Color"/>
</celldesigner:speciesAlias>
<celldesigner:speciesAlias id="a274" species="s277">
<celldesigner:activity>inactive</celldesigner:activity>
<celldesigner:bounds h="56.0" w="185.0" x="1148.5" y="858.0"/>
<celldesigner:singleLine width="1.0"/>
<celldesigner:paint color="ffffffff" scheme="Color"/>
</celldesigner:speciesAlias>
<celldesigner:speciesAlias id="a275" species="s278">
<celldesigner:activity>inactive</celldesigner:activity>
<celldesigner:bounds h="56.0" w="185.0" x="1148.5" y="672.0"/>
<celldesigner:singleLine width="1.0"/>
<celldesigner:paint color="ffffffff" scheme="Color"/>
</celldesigner:speciesAlias>
<celldesigner:speciesAlias id="a276" species="s279">
<celldesigner:activity>inactive</celldesigner:activity>
<celldesigner:bounds h="56.0" w="185.0" x="1477.5" y="671.0"/>
<celldesigner:singleLine width="1.0"/>
<celldesigner:paint color="ffffffff" scheme="Color"/>
</celldesigner:speciesAlias>
<celldesigner:speciesAlias id="a277" species="s280">
<celldesigner:activity>inactive</celldesigner:activity>
<celldesigner:bounds h="56.0" w="185.0" x="1752.5" y="672.0"/>
<celldesigner:singleLine width="1.0"/>
<celldesigner:paint color="ffffffff" scheme="Color"/>
</celldesigner:speciesAlias>
<celldesigner:speciesAlias compartmentAlias="ca9" id="a278" species="s282">
<celldesigner:activity>inactive</celldesigner:activity>
<celldesigner:bounds h="56.0" w="185.0" x="165.5" y="501.0"/>
<celldesigner:singleLine width="1.0"/>
<celldesigner:paint color="ffffffff" scheme="Color"/>
</celldesigner:speciesAlias>
<celldesigner:speciesAlias compartmentAlias="ca9" id="a279" species="s284">
<celldesigner:activity>inactive</celldesigner:activity>
<celldesigner:bounds h="56.0" w="185.0" x="165.5" y="371.0"/>
<celldesigner:singleLine width="1.0"/>
<celldesigner:paint color="ffffffff" scheme="Color"/>
</celldesigner:speciesAlias>
<celldesigner:speciesAlias id="a280" species="s285">
<celldesigner:activity>inactive</celldesigner:activity>
<celldesigner:bounds h="47.0" w="114.0" x="843.0" y="98.0"/>
<celldesigner:singleLine width="1.0"/>
<celldesigner:paint color="ff66ccff" scheme="Color"/>
</celldesigner:speciesAlias>
<celldesigner:speciesAlias id="a282" species="s287">
<celldesigner:activity>inactive</celldesigner:activity>
<celldesigner:bounds h="47.0" w="115.0" x="1104.0" y="98.0"/>
<celldesigner:singleLine width="1.0"/>
<celldesigner:paint color="ff66ccff" scheme="Color"/>
</celldesigner:speciesAlias>
<celldesigner:speciesAlias id="a283" species="s288">
<celldesigner:activity>inactive</celldesigner:activity>
<celldesigner:bounds h="47.0" w="95.0" x="751.0" y="363.0"/>
<celldesigner:singleLine width="1.0"/>
<celldesigner:paint color="ff66ccff" scheme="Color"/>
</celldesigner:speciesAlias>
<celldesigner:speciesAlias id="a284" species="s290">
<celldesigner:activity>inactive</celldesigner:activity>
<celldesigner:bounds h="45.0" w="179.0" x="990.0" y="301.0"/>
<celldesigner:singleLine width="1.0"/>
<celldesigner:paint color="ff66ccff" scheme="Color"/>
</celldesigner:speciesAlias>
<celldesigner:speciesAlias id="a285" species="s291">
<celldesigner:activity>inactive</celldesigner:activity>
<celldesigner:bounds h="44.0" w="118.0" x="1345.0" y="371.0"/>
<celldesigner:singleLine width="1.0"/>
<celldesigner:paint color="ff66ccff" scheme="Color"/>
</celldesigner:speciesAlias>
<celldesigner:speciesAlias id="a286" species="s292">
<celldesigner:activity>inactive</celldesigner:activity>
<celldesigner:bounds h="42.0" w="104.0" x="1648.0" y="507.0"/>
<celldesigner:singleLine width="1.0"/>
<celldesigner:paint color="ff66ccff" scheme="Color"/>
</celldesigner:speciesAlias>
<celldesigner:speciesAlias id="a288" species="s294">
<celldesigner:activity>inactive</celldesigner:activity>
<celldesigner:bounds h="44.0" w="124.0" x="1639.0" y="367.0"/>
<celldesigner:singleLine width="1.0"/>
<celldesigner:paint color="ff66ccff" scheme="Color"/>
</celldesigner:speciesAlias>
<celldesigner:speciesAlias id="a289" species="s295">
<celldesigner:activity>inactive</celldesigner:activity>
<celldesigner:bounds h="55.0" w="99.0" x="1305.0" y="501.0"/>
<celldesigner:singleLine width="1.0"/>
<celldesigner:paint color="ff66ccff" scheme="Color"/>
</celldesigner:speciesAlias>
<celldesigner:speciesAlias id="a290" species="s296">
<celldesigner:activity>inactive</celldesigner:activity>
<celldesigner:bounds h="54.0" w="90.0" x="1265.0" y="560.0"/>
<celldesigner:singleLine width="1.0"/>
<celldesigner:paint color="ff66ccff" scheme="Color"/>
</celldesigner:speciesAlias>
<celldesigner:speciesAlias id="a291" species="s297">
<celldesigner:activity>inactive</celldesigner:activity>
<celldesigner:bounds h="54.0" w="90.0" x="1360.0" y="721.0"/>
<celldesigner:singleLine width="1.0"/>
<celldesigner:paint color="ff66ccff" scheme="Color"/>
</celldesigner:speciesAlias>
<celldesigner:speciesAlias id="a292" species="s297">
<celldesigner:activity>inactive</celldesigner:activity>
<celldesigner:bounds h="54.0" w="90.0" x="1663.9843205574912" y="736.2595818815331"/>
<celldesigner:singleLine width="1.0"/>
<celldesigner:paint color="ff66ccff" scheme="Color"/>
</celldesigner:speciesAlias>
<celldesigner:speciesAlias id="a293" species="s294">
<celldesigner:activity>inactive</celldesigner:activity>
<celldesigner:bounds h="44.0" w="124.0" x="1453.9843205574912" y="562.2595818815331"/>
<celldesigner:singleLine width="1.0"/>
<celldesigner:paint color="ff66ccff" scheme="Color"/>
</celldesigner:speciesAlias>
<celldesigner:speciesAlias id="a294" species="s298">
<celldesigner:activity>inactive</celldesigner:activity>
<celldesigner:bounds h="54.0" w="90.0" x="884.0" y="766.0"/>
<celldesigner:singleLine width="1.0"/>
<celldesigner:paint color="ff66ccff" scheme="Color"/>
</celldesigner:speciesAlias>
<celldesigner:speciesAlias id="a295" species="s299">
<celldesigner:activity>inactive</celldesigner:activity>
<celldesigner:bounds h="54.0" w="90.0" x="944.0" y="527.0"/>
<celldesigner:singleLine width="1.0"/>
<celldesigner:paint color="ff66ccff" scheme="Color"/>
</celldesigner:speciesAlias>
</celldesigner:listOfSpeciesAliases>
<celldesigner:listOfGroups/>
<celldesigner:listOfProteins>
<celldesigner:protein id="p90" name="Hydroxymethyl_br_pyrimidine kinase" type="GENERIC"/>
<celldesigner:protein id="p92" name="Phosphomethyl_br_pyrimidine kinase" type="GENERIC"/>
<celldesigner:protein id="p93" name="Hydroxyethyl_br_thiazole kinase" type="GENERIC"/>
<celldesigner:protein id="p94" name="Thiamine_br_phosphate diphosphorylase" type="GENERIC"/>
<celldesigner:protein id="p95" name="Thiamine_br_phosphate kinase" type="GENERIC"/>
<celldesigner:protein id="p96" name="Thiamine_br_triphosphatase" type="GENERIC"/>
<celldesigner:protein id="p98" name="Thiamine_br_diphosphate kinase" type="GENERIC"/>
<celldesigner:protein id="p99" name="Nucleoside_br_triphosphatase" type="GENERIC"/>
<celldesigner:protein id="p100" name="Thiamine_br_kinase" type="GENERIC"/>
<celldesigner:protein id="p101" name="Thiamine_br_oxidase" type="GENERIC"/>
<celldesigner:protein id="p102" name="Thiamine_br_pyridinylase" type="GENERIC"/>
<celldesigner:protein id="p103" name="Thiaminase" type="GENERIC"/>
</celldesigner:listOfProteins>
<celldesigner:listOfBlockDiagrams/>
</annotation>
<listOfCompartments>
<compartment id="default" size="1.0"/>
<compartment id="c8" name="Purine metabolism" outside="default" size="1.0">
<annotation>
<celldesigner:name>Purine metabolism</celldesigner:name>
</annotation>
</compartment>
<compartment id="c9" name="Glycolysis" outside="default" size="1.0">
<annotation>
<celldesigner:name>Glycolysis</celldesigner:name>
</annotation>
</compartment>
</listOfCompartments>
<listOfSpecies>
<species compartment="c8" id="s264" initialAmount="0.0" name="1-(5'-Phosphoribosyl)-_br_5-aminoimidazole (AIR)">
<notes>
<html xmlns="http://www.w3.org/1999/xhtml">
<!--Notes by CellDesigner-->
<body>
Long Name:  1-(5'-Phosphoribosyl)-5-aminoimidazole (AIR)
Synonym:  Synonym not specified
Accession:  S04210
</body>
</html>
</notes>
<annotation>
<celldesigner:positionToCompartment>transmembrane</celldesigner:positionToCompartment>
<celldesigner:speciesIdentity>
<celldesigner:class>SIMPLE_MOLECULE</celldesigner:class>
<celldesigner:name>1-(5'-Phosphoribosyl)-_br_5-aminoimidazole (AIR)</celldesigner:name>
</celldesigner:speciesIdentity>
</annotation>
</species>
<species compartment="default" id="s265" initialAmount="0.0" name="4-Amino-5-hydroxymethyl-_br_2-methylpyrimidine">
<notes>
<html xmlns="http://www.w3.org/1999/xhtml">
<!--Notes by CellDesigner-->
<body>
Long Name:  4-Amino-5-hydroxymethyl-2-methylpyrimidine
Synonym:  Synonym not specified
Accession:  S04214
</body>
</html>
</notes>
<annotation>
<celldesigner:positionToCompartment>inside</celldesigner:positionToCompartment>
<celldesigner:speciesIdentity>
<celldesigner:class>SIMPLE_MOLECULE</celldesigner:class>
<celldesigner:name>4-Amino-5-hydroxymethyl-_br_2-methylpyrimidine</celldesigner:name>
</celldesigner:speciesIdentity>
</annotation>
</species>
<species compartment="default" id="s266" initialAmount="0.0" name="4-Amino-2-methyl-_br_5-phosphomethylpyrimidine">
<notes>
<html xmlns="http://www.w3.org/1999/xhtml">
<!--Notes by CellDesigner-->
<body>
Long Name:  4-Amino-2-methyl-5-phosphomethylpyrimidine
Synonym:  Synonym not specified
Accession:  S04215
</body>
</html>
</notes>
<annotation>
<celldesigner:positionToCompartment>inside</celldesigner:positionToCompartment>
<celldesigner:speciesIdentity>
<celldesigner:class>SIMPLE_MOLECULE</celldesigner:class>
<celldesigner:name>4-Amino-2-methyl-_br_5-phosphomethylpyrimidine</celldesigner:name>
</celldesigner:speciesIdentity>
</annotation>
</species>
<species compartment="default" id="s268" initialAmount="0.0" name="2-Methyl-4-amino_br_5-hydroxymethylpyrimidine_br_diphosphate">
<notes>
<html xmlns="http://www.w3.org/1999/xhtml">
<!--Notes by CellDesigner-->
<body>
Long Name:  2-Methyl-4-amino 5-hydroxymethylpyrimidine diphosphate
Synonym:  Synonym not specified
Accession:  S04218
</body>
</html>
</notes>
<annotation>
<celldesigner:positionToCompartment>inside</celldesigner:positionToCompartment>
<celldesigner:speciesIdentity>
<celldesigner:class>SIMPLE_MOLECULE</celldesigner:class>
<celldesigner:name>2-Methyl-4-amino_br_5-hydroxymethylpyrimidine_br_diphosphate</celldesigner:name>
</celldesigner:speciesIdentity>
</annotation>
</species>
<species compartment="default" id="s271" initialAmount="0.0" name="4-Methyl_br_5-(2-phosphoethyl)-_br_thiazole">
<notes>
<html xmlns="http://www.w3.org/1999/xhtml">
<!--Notes by CellDesigner-->
<body>
Long Name:  4-Methyl 5-(2-phosphoethyl)-thiazole
Synonym:  Synonym not specified
Accession:  S04219
</body>
</html>
</notes>
<annotation>
<celldesigner:positionToCompartment>inside</celldesigner:positionToCompartment>
<celldesigner:speciesIdentity>
<celldesigner:class>SIMPLE_MOLECULE</celldesigner:class>
<celldesigner:name>4-Methyl_br_5-(2-phosphoethyl)-_br_thiazole</celldesigner:name>
</celldesigner:speciesIdentity>
</annotation>
</species>
<species compartment="default" id="s272" initialAmount="0.0" name="Thiamine_br_phosphate">
<notes>
<html xmlns="http://www.w3.org/1999/xhtml">
<!--Notes by CellDesigner-->
<body>
Long Name:  Thiamine phosphate
Synonym:  Synonym not specified
Accession:  S04208
</body>
</html>
</notes>
<annotation>
<celldesigner:positionToCompartment>inside</celldesigner:positionToCompartment>
<celldesigner:speciesIdentity>
<celldesigner:class>SIMPLE_MOLECULE</celldesigner:class>
<celldesigner:name>Thiamine_br_phosphate</celldesigner:name>
</celldesigner:speciesIdentity>
</annotation>
</species>
<species compartment="default" id="s273" initialAmount="0.0" name="Thiamine_br_diphosphate">
<notes>
<html xmlns="http://www.w3.org/1999/xhtml">
<!--Notes by CellDesigner-->
<body>
Long Name:  Thiamine diphosphate
Synonym:  Synonym not specified
Accession:  S04207
</body>
</html>
</notes>
<annotation>
<celldesigner:positionToCompartment>inside</celldesigner:positionToCompartment>
<celldesigner:speciesIdentity>
<celldesigner:class>SIMPLE_MOLECULE</celldesigner:class>
<celldesigner:name>Thiamine_br_diphosphate</celldesigner:name>
</celldesigner:speciesIdentity>
</annotation>
</species>
<species compartment="default" id="s274" initialAmount="0.0" name="Thiamine_br_triphosphate">
<notes>
<html xmlns="http://www.w3.org/1999/xhtml">
<!--Notes by CellDesigner-->
<body>
Long Name:  Thiamine triphosphate
Synonym:  Synonym not specified
Accession:  S04212
</body>
</html>
</notes>
<annotation>
<celldesigner:positionToCompartment>inside</celldesigner:positionToCompartment>
<celldesigner:speciesIdentity>
<celldesigner:class>SIMPLE_MOLECULE</celldesigner:class>
<celldesigner:name>Thiamine_br_triphosphate</celldesigner:name>
</celldesigner:speciesIdentity>
</annotation>
</species>
<species compartment="default" id="s277" initialAmount="0.0" name="Heteropyrithiamine">
<notes>
<html xmlns="http://www.w3.org/1999/xhtml">
<!--Notes by CellDesigner-->
<body>
Long Name:  Heteropyrithiamine
Synonym:  Synonym not specified
Accession:  S04216
</body>
</html>
</notes>
<annotation>
<celldesigner:positionToCompartment>inside</celldesigner:positionToCompartment>
<celldesigner:speciesIdentity>
<celldesigner:class>SIMPLE_MOLECULE</celldesigner:class>
<celldesigner:name>Heteropyrithiamine</celldesigner:name>
</celldesigner:speciesIdentity>
</annotation>
</species>
<species compartment="default" id="s278" initialAmount="0.0" name="Thiamine">
<notes>
<html xmlns="http://www.w3.org/1999/xhtml">
<!--Notes by CellDesigner-->
<body>
Long Name:  Thiamine
Synonym:  Synonym not specified
Accession:  S04220
</body>
</html>
</notes>
<annotation>
<celldesigner:positionToCompartment>inside</celldesigner:positionToCompartment>
<celldesigner:speciesIdentity>
<celldesigner:class>SIMPLE_MOLECULE</celldesigner:class>
<celldesigner:name>Thiamine</celldesigner:name>
</celldesigner:speciesIdentity>
</annotation>
</species>
<species compartment="default" id="s279" initialAmount="0.0" name="Thiaminealdehyde">
<notes>
<html xmlns="http://www.w3.org/1999/xhtml">
<!--Notes by CellDesigner-->
<body>
Long Name:  Thiaminealdehyde
Synonym:  Synonym not specified
Accession:  S04209
</body>
</html>
</notes>
<annotation>
<celldesigner:positionToCompartment>inside</celldesigner:positionToCompartment>
<celldesigner:speciesIdentity>
<celldesigner:class>SIMPLE_MOLECULE</celldesigner:class>
<celldesigner:name>Thiaminealdehyde</celldesigner:name>
</celldesigner:speciesIdentity>
</annotation>
</species>
<species compartment="default" id="s280" initialAmount="0.0" name="Thiamine_br_acetic acid">
<notes>
<html xmlns="http://www.w3.org/1999/xhtml">
<!--Notes by CellDesigner-->
<body>
Long Name:  Thiamine acetic acid
Synonym:  Synonym not specified
Accession:  S04217
</body>
</html>
</notes>
<annotation>
<celldesigner:positionToCompartment>inside</celldesigner:positionToCompartment>
<celldesigner:speciesIdentity>
<celldesigner:class>SIMPLE_MOLECULE</celldesigner:class>
<celldesigner:name>Thiamine_br_acetic acid</celldesigner:name>
</celldesigner:speciesIdentity>
</annotation>
</species>
<species compartment="c9" id="s282" initialAmount="0.0" name="Pyruvate">
<notes>
<html xmlns="http://www.w3.org/1999/xhtml">
<!--Notes by CellDesigner-->
<body>
Long Name:  Pyruvate
Synonym:  Synonym not specified
Accession:  S04211
</body>
</html>
</notes>
<annotation>
<celldesigner:positionToCompartment>inside</celldesigner:positionToCompartment>
<celldesigner:speciesIdentity>
<celldesigner:class>SIMPLE_MOLECULE</celldesigner:class>
<celldesigner:name>Pyruvate</celldesigner:name>
</celldesigner:speciesIdentity>
</annotation>
</species>
<species compartment="c9" id="s284" initialAmount="0.0" name="Glyceraldehyde-3P">
<notes>
<html xmlns="http://www.w3.org/1999/xhtml">
<!--Notes by CellDesigner-->
<body>
Long Name:  Glyceraldehyde-3P
Synonym:  Synonym not specified
Accession:  S04206
</body>
</html>
</notes>
<annotation>
<celldesigner:positionToCompartment>inside</celldesigner:positionToCompartment>
<celldesigner:speciesIdentity>
<celldesigner:class>SIMPLE_MOLECULE</celldesigner:class>
<celldesigner:name>Glyceraldehyde-3P</celldesigner:name>
</celldesigner:speciesIdentity>
</annotation>
</species>
<species compartment="default" id="s285" initialAmount="0.0" name="Hydroxymethyl_br_pyrimidine kinase">
<notes>
<html xmlns="http://www.w3.org/1999/xhtml">
<!--Notes by CellDesigner-->
<body>
Long Name:  Hydroxymethyl pyrimidine kinase
Synonym:  Synonym not specified
Accession:  P03181
</body>
</html>
</notes>
<annotation>
<celldesigner:positionToCompartment>inside</celldesigner:positionToCompartment>
<celldesigner:speciesIdentity>
<celldesigner:class>PROTEIN</celldesigner:class>
<celldesigner:proteinReference>p90</celldesigner:proteinReference>
</celldesigner:speciesIdentity>
<celldesigner:listOfCatalyzedReactions>
<celldesigner:catalyzed reaction="r153"/>
</celldesigner:listOfCatalyzedReactions>
</annotation>
</species>
<species compartment="default" id="s287" initialAmount="0.0" name="Phosphomethyl_br_pyrimidine kinase">
<notes>
<html xmlns="http://www.w3.org/1999/xhtml">
<!--Notes by CellDesigner-->
<body>
Long Name:  Phosphomethyl pyrimidine kinase
Synonym:  Hydroxymethylpyrimidine phosphokinase
Accession:  P03179
</body>
</html>
</notes>
<annotation>
<celldesigner:positionToCompartment>inside</celldesigner:positionToCompartment>
<celldesigner:speciesIdentity>
<celldesigner:class>PROTEIN</celldesigner:class>
<celldesigner:proteinReference>p92</celldesigner:proteinReference>
</celldesigner:speciesIdentity>
<celldesigner:listOfCatalyzedReactions>
<celldesigner:catalyzed reaction="r154"/>
</celldesigner:listOfCatalyzedReactions>
</annotation>
</species>
<species compartment="default" id="s288" initialAmount="0.0" name="Hydroxyethyl_br_thiazole kinase">
<notes>
<html xmlns="http://www.w3.org/1999/xhtml">
<!--Notes by CellDesigner-->
<body>
Long Name:  Hydroxyethyl thiazole kinase
Synonym:  Synonym not specified
Accession:  P03183
</body>
</html>
</notes>
<annotation>
<celldesigner:positionToCompartment>inside</celldesigner:positionToCompartment>
<celldesigner:speciesIdentity>
<celldesigner:class>PROTEIN</celldesigner:class>
<celldesigner:proteinReference>p93</celldesigner:proteinReference>
</celldesigner:speciesIdentity>
<celldesigner:listOfCatalyzedReactions>
<celldesigner:catalyzed reaction="r156"/>
</celldesigner:listOfCatalyzedReactions>
</annotation>
</species>
<species compartment="default" id="s289" initialAmount="0.0" name="5-(2-Hydroxyethyl)-_br_4-methylthiazole">
<notes>
<html xmlns="http://www.w3.org/1999/xhtml">
<!--Notes by CellDesigner-->
<body>
Long Name:  5-(2-Hydroxyethyl)-4-methylthiazole
Synonym:  Synonym not specified
Accession:  S04213
</body>
</html>
</notes>
<annotation>
<celldesigner:positionToCompartment>inside</celldesigner:positionToCompartment>
<celldesigner:speciesIdentity>
<celldesigner:class>SIMPLE_MOLECULE</celldesigner:class>
<celldesigner:name>5-(2-Hydroxyethyl)-_br_4-methylthiazole</celldesigner:name>
</celldesigner:speciesIdentity>
</annotation>
</species>
<species compartment="default" id="s290" initialAmount="0.0" name="Thiamine_br_phosphate diphosphorylase">
<notes>
<html xmlns="http://www.w3.org/1999/xhtml">
<!--Notes by CellDesigner-->
<body>
Long Name:  Thiamine phosphate diphosphorylase
Synonym:  Synonym not specified
Accession:  P03187
</body>
</html>
</notes>
<annotation>
<celldesigner:positionToCompartment>inside</celldesigner:positionToCompartment>
<celldesigner:speciesIdentity>
<celldesigner:class>PROTEIN</celldesigner:class>
<celldesigner:proteinReference>p94</celldesigner:proteinReference>
</celldesigner:speciesIdentity>
<celldesigner:listOfCatalyzedReactions>
<celldesigner:catalyzed reaction="r155"/>
</celldesigner:listOfCatalyzedReactions>
</annotation>
</species>
<species compartment="default" id="s291" initialAmount="0.0" name="Thiamine_br_phosphate kinase">
<notes>
<html xmlns="http://www.w3.org/1999/xhtml">
<!--Notes by CellDesigner-->
<body>
Long Name:  Thiamine phosphate kinase
Synonym:  Thiamine monophosphokinase
Accession:  P03178
</body>
</html>
</notes>
<annotation>
<celldesigner:positionToCompartment>inside</celldesigner:positionToCompartment>
<celldesigner:speciesIdentity>
<celldesigner:class>PROTEIN</celldesigner:class>
<celldesigner:proteinReference>p95</celldesigner:proteinReference>
</celldesigner:speciesIdentity>
<celldesigner:listOfCatalyzedReactions>
<celldesigner:catalyzed reaction="r157"/>
</celldesigner:listOfCatalyzedReactions>
</annotation>
</species>
<species compartment="default" id="s292" initialAmount="0.0" name="Thiamine_br_triphosphatase">
<notes>
<html xmlns="http://www.w3.org/1999/xhtml">
<!--Notes by CellDesigner-->
<body>
Long Name:  Thiamine triphosphatase
Synonym:  Synonym not specified
Accession:  P03184
</body>
</html>
</notes>
<annotation>
<celldesigner:positionToCompartment>inside</celldesigner:positionToCompartment>
<celldesigner:speciesIdentity>
<celldesigner:class>PROTEIN</celldesigner:class>
<celldesigner:proteinReference>p96</celldesigner:proteinReference>
</celldesigner:speciesIdentity>
<celldesigner:listOfCatalyzedReactions>
<celldesigner:catalyzed reaction="r167"/>
</celldesigner:listOfCatalyzedReactions>
</annotation>
</species>
<species compartment="default" id="s294" initialAmount="0.0" name="Thiamine_br_diphosphate kinase">
<notes>
<html xmlns="http://www.w3.org/1999/xhtml">
<!--Notes by CellDesigner-->
<body>
Long Name:  Thiamine diphosphate kinase
Synonym:  Thiamine pyrophosphate kinase
Accession:  P03177
</body>
</html>
</notes>
<annotation>
<celldesigner:positionToCompartment>inside</celldesigner:positionToCompartment>
<celldesigner:speciesIdentity>
<celldesigner:class>PROTEIN</celldesigner:class>
<celldesigner:proteinReference>p98</celldesigner:proteinReference>
</celldesigner:speciesIdentity>
<celldesigner:listOfCatalyzedReactions>
<celldesigner:catalyzed reaction="r167"/>
<celldesigner:catalyzed reaction="r169"/>
</celldesigner:listOfCatalyzedReactions>
</annotation>
</species>
<species compartment="default" id="s295" initialAmount="0.0" name="Nucleoside_br_triphosphatase">
<notes>
<html xmlns="http://www.w3.org/1999/xhtml">
<!--Notes by CellDesigner-->
<body>
Long Name:  Nucleoside triphosphatase
Synonym:  Synonym not specified
Accession:  P03180
</body>
</html>
</notes>
<annotation>
<celldesigner:positionToCompartment>inside</celldesigner:positionToCompartment>
<celldesigner:speciesIdentity>
<celldesigner:class>PROTEIN</celldesigner:class>
<celldesigner:proteinReference>p99</celldesigner:proteinReference>
</celldesigner:speciesIdentity>
<celldesigner:listOfCatalyzedReactions>
<celldesigner:catalyzed reaction="r158"/>
</celldesigner:listOfCatalyzedReactions>
</annotation>
</species>
<species compartment="default" id="s296" initialAmount="0.0" name="Thiamine_br_kinase">
<notes>
<html xmlns="http://www.w3.org/1999/xhtml">
<!--Notes by CellDesigner-->
<body>
Long Name:  Thiamine kinase
Synonym:  Synonym not specified
Accession:  P03176
</body>
</html>
</notes>
<annotation>
<celldesigner:positionToCompartment>inside</celldesigner:positionToCompartment>
<celldesigner:speciesIdentity>
<celldesigner:class>PROTEIN</celldesigner:class>
<celldesigner:proteinReference>p100</celldesigner:proteinReference>
</celldesigner:speciesIdentity>
<celldesigner:listOfCatalyzedReactions>
<celldesigner:catalyzed reaction="r168"/>
</celldesigner:listOfCatalyzedReactions>
</annotation>
</species>
<species compartment="default" id="s297" initialAmount="0.0" name="Thiamine_br_oxidase">
<notes>
<html xmlns="http://www.w3.org/1999/xhtml">
<!--Notes by CellDesigner-->
<body>
Long Name:  Thiamine oxidase
Synonym:  Thiamine dehydrogenase
Accession:  P03186
</body>
</html>
</notes>
<annotation>
<celldesigner:positionToCompartment>inside</celldesigner:positionToCompartment>
<celldesigner:speciesIdentity>
<celldesigner:class>PROTEIN</celldesigner:class>
<celldesigner:proteinReference>p101</celldesigner:proteinReference>
</celldesigner:speciesIdentity>
<celldesigner:listOfCatalyzedReactions>
<celldesigner:catalyzed reaction="r163"/>
<celldesigner:catalyzed reaction="r164"/>
</celldesigner:listOfCatalyzedReactions>
</annotation>
</species>
<species compartment="default" id="s298" initialAmount="0.0" name="Thiamine_br_pyridinylase">
<notes>
<html xmlns="http://www.w3.org/1999/xhtml">
<!--Notes by CellDesigner-->
<body>
Long Name:  Thiamine pyridinylase
Synonym:  Synonym not specified
Accession:  P03182
</body>
</html>
</notes>
<annotation>
<celldesigner:positionToCompartment>inside</celldesigner:positionToCompartment>
<celldesigner:speciesIdentity>
<celldesigner:class>PROTEIN</celldesigner:class>
<celldesigner:proteinReference>p102</celldesigner:proteinReference>
</celldesigner:speciesIdentity>
<celldesigner:listOfCatalyzedReactions>
<celldesigner:catalyzed reaction="r162"/>
<celldesigner:catalyzed reaction="r170"/>
</celldesigner:listOfCatalyzedReactions>
</annotation>
</species>
<species compartment="default" id="s299" initialAmount="0.0" name="Thiaminase">
<notes>
<html xmlns="http://www.w3.org/1999/xhtml">
<!--Notes by CellDesigner-->
<body>
Long Name:  Thiaminase
Synonym:  Synonym not specified
Accession:  P03185
</body>
</html>
</notes>
<annotation>
<celldesigner:positionToCompartment>inside</celldesigner:positionToCompartment>
<celldesigner:speciesIdentity>
<celldesigner:class>PROTEIN</celldesigner:class>
<celldesigner:proteinReference>p103</celldesigner:proteinReference>
</celldesigner:speciesIdentity>
<celldesigner:listOfCatalyzedReactions>
<celldesigner:catalyzed reaction="r171"/>
<celldesigner:catalyzed reaction="r173"/>
</celldesigner:listOfCatalyzedReactions>
</annotation>
</species>
</listOfSpecies>
<listOfReactions>
<reaction id="r152" reversible="false">
<annotation>
<celldesigner:reactionType>KNOWN_TRANSITION_OMITTED</celldesigner:reactionType>
<celldesigner:baseReactants>s264</celldesigner:baseReactants>
<celldesigner:baseProducts>s265</celldesigner:baseProducts>
<celldesigner:editPoints>0.33333333333333326,-9.992007221626409E-16 0.6666666666666667,-1.9984014443252818E-15</celldesigner:editPoints>
</annotation>
<listOfReactants>
<speciesReference species="s264">
<annotation>
<celldesigner:alias>a265</celldesigner:alias>
</annotation>
</speciesReference>
</listOfReactants>
<listOfProducts>
<speciesReference species="s265">
<annotation>
<celldesigner:alias>a266</celldesigner:alias>
</annotation>
</speciesReference>
</listOfProducts>
</reaction>
<reaction id="r153" reversible="false">
<annotation>
<celldesigner:reactionType>STATE_TRANSITION</celldesigner:reactionType>
<celldesigner:baseReactants>s265</celldesigner:baseReactants>
<celldesigner:baseProducts>s266</celldesigner:baseProducts>
<celldesigner:editPoints>0.33333333333333304,-1.1102230246251565E-15 0.6666666666666665,-2.4424906541753444E-15</celldesigner:editPoints>
<celldesigner:listOfModification>
<celldesigner:modification aliases="a280" editPoints="0.33333333333333326,0.0 0.6666666666666667,-1.7763568394002505E-15" modifiers="s285" targetLineIndex="-1,1" type="CATALYSIS"/>
</celldesigner:listOfModification>
</annotation>
<listOfReactants>
<speciesReference species="s265">
<annotation>
<celldesigner:alias>a266</celldesigner:alias>
</annotation>
</speciesReference>
</listOfReactants>
<listOfProducts>
<speciesReference species="s266">
<annotation>
<celldesigner:alias>a267</celldesigner:alias>
</annotation>
</speciesReference>
</listOfProducts>
<listOfModifiers>
<modifierSpeciesReference species="s285">
<annotation>
<celldesigner:alias>a280</celldesigner:alias>
</annotation>
</modifierSpeciesReference>
</listOfModifiers>
</reaction>
<reaction id="r154" reversible="false">
<annotation>
<celldesigner:reactionType>STATE_TRANSITION</celldesigner:reactionType>
<celldesigner:baseReactants>s266</celldesigner:baseReactants>
<celldesigner:baseProducts>s268</celldesigner:baseProducts>
<celldesigner:editPoints>0.3333333333333335,1.1657341758564144E-14 0.666666666666667,2.3203661214665772E-14</celldesigner:editPoints>
<celldesigner:listOfModification>
<celldesigner:modification aliases="a282" editPoints="0.33333333333333304,0.0 0.6666666666666661,0.0" modifiers="s287" targetLineIndex="-1,1" type="CATALYSIS"/>
</celldesigner:listOfModification>
</annotation>
<listOfReactants>
<speciesReference species="s266">
<annotation>
<celldesigner:alias>a267</celldesigner:alias>
</annotation>
</speciesReference>
</listOfReactants>
<listOfProducts>
<speciesReference species="s268">
<annotation>
<celldesigner:alias>a268</celldesigner:alias>
</annotation>
</speciesReference>
</listOfProducts>
<listOfModifiers>
<modifierSpeciesReference species="s287">
<annotation>
<celldesigner:alias>a282</celldesigner:alias>
</annotation>
</modifierSpeciesReference>
</listOfModifiers>
</reaction>
<reaction id="r155" reversible="false">
<annotation>
<celldesigner:reactionType>STATE_TRANSITION</celldesigner:reactionType>
<celldesigner:baseReactants>s271</celldesigner:baseReactants>
<celldesigner:baseProducts>s272</celldesigner:baseProducts>
<celldesigner:listOfReactantLinks>
<celldesigner:reactantLink alias="a268" reactant="s268" targetLineIndex="-1,1"/>
</celldesigner:listOfReactantLinks>
<celldesigner:editPoints>0.33333333333333304,1.1102230246251565E-15 0.6666666666666665,2.220446049250313E-15</celldesigner:editPoints>
<celldesigner:listOfModification>
<celldesigner:modification aliases="a284" editPoints="0.33333333333333215,0.0 0.6666666666666661,3.552713678800501E-15" modifiers="s290" targetLineIndex="-1,1" type="CATALYSIS"/>
</celldesigner:listOfModification>
</annotation>
<listOfReactants>
<speciesReference species="s271">
<annotation>
<celldesigner:alias>a270</celldesigner:alias>
</annotation>
</speciesReference>
<speciesReference species="s268">
<annotation>
<celldesigner:alias>a268</celldesigner:alias>
</annotation>
</speciesReference>
</listOfReactants>
<listOfProducts>
<speciesReference species="s272">
<annotation>
<celldesigner:alias>a271</celldesigner:alias>
</annotation>
</speciesReference>
</listOfProducts>
<listOfModifiers>
<modifierSpeciesReference species="s290">
<annotation>
<celldesigner:alias>a284</celldesigner:alias>
</annotation>
</modifierSpeciesReference>
</listOfModifiers>
</reaction>
<reaction id="r156" reversible="false">
<annotation>
<celldesigner:reactionType>STATE_TRANSITION</celldesigner:reactionType>
<celldesigner:baseReactants>s289</celldesigner:baseReactants>
<celldesigner:baseProducts>s271</celldesigner:baseProducts>
<celldesigner:editPoints>0.33333333333333326,-1.9984014443252818E-15 0.666666666666667,-3.9968028886505635E-15</celldesigner:editPoints>
<celldesigner:listOfModification>
<celldesigner:modification aliases="a283" editPoints="0.3333333333333339,-1.7763568394002505E-15 0.6666666666666661,0.0" modifiers="s288" targetLineIndex="-1,2" type="CATALYSIS"/>
</celldesigner:listOfModification>
</annotation>
<listOfReactants>
<speciesReference species="s289">
<annotation>
<celldesigner:alias>a269</celldesigner:alias>
</annotation>
</speciesReference>
</listOfReactants>
<listOfProducts>
<speciesReference species="s271">
<annotation>
<celldesigner:alias>a270</celldesigner:alias>
</annotation>
</speciesReference>
</listOfProducts>
<listOfModifiers>
<modifierSpeciesReference species="s288">
<annotation>
<celldesigner:alias>a283</celldesigner:alias>
</annotation>
</modifierSpeciesReference>
</listOfModifiers>
</reaction>
<reaction id="r157" reversible="false">
<annotation>
<celldesigner:reactionType>STATE_TRANSITION</celldesigner:reactionType>
<celldesigner:baseReactants>s272</celldesigner:baseReactants>
<celldesigner:baseProducts>s273</celldesigner:baseProducts>
<celldesigner:offset x="5.0" y="4.0"/>
<celldesigner:editPoints>0.33333333333333304,0.0 0.6666666666666661,0.0</celldesigner:editPoints>
<celldesigner:listOfModification>
<celldesigner:modification aliases="a285" editPoints="0.3333333333333348,-1.7763568394002505E-15 0.6666666666666679,0.0" modifiers="s291" targetLineIndex="-1,1" type="CATALYSIS"/>
</celldesigner:listOfModification>
</annotation>
<listOfReactants>
<speciesReference species="s272">
<annotation>
<celldesigner:alias>a271</celldesigner:alias>
</annotation>
</speciesReference>
</listOfReactants>
<listOfProducts>
<speciesReference species="s273">
<annotation>
<celldesigner:alias>a272</celldesigner:alias>
</annotation>
</speciesReference>
</listOfProducts>
<listOfModifiers>
<modifierSpeciesReference species="s291">
<annotation>
<celldesigner:alias>a285</celldesigner:alias>
</annotation>
</modifierSpeciesReference>
</listOfModifiers>
</reaction>
<reaction id="r158" reversible="false">
<annotation>
<celldesigner:reactionType>STATE_TRANSITION</celldesigner:reactionType>
<celldesigner:baseReactants>s273</celldesigner:baseReactants>
<celldesigner:baseProducts>s272</celldesigner:baseProducts>
<celldesigner:offset x="2.0" y="9.0"/>
<celldesigner:editPoints>0.3333333333333339,0.0 0.666666666666667,0.0</celldesigner:editPoints>
<celldesigner:listOfModification>
<celldesigner:modification aliases="a289" editPoints="0.33333333333333215,0.0 0.6666666666666679,3.552713678800501E-15" modifiers="s295" targetLineIndex="-1,2" type="CATALYSIS"/>
</celldesigner:listOfModification>
</annotation>
<listOfReactants>
<speciesReference species="s273">
<annotation>
<celldesigner:alias>a272</celldesigner:alias>
</annotation>
</speciesReference>
</listOfReactants>
<listOfProducts>
<speciesReference species="s272">
<annotation>
<celldesigner:alias>a271</celldesigner:alias>
</annotation>
</speciesReference>
</listOfProducts>
<listOfModifiers>
<modifierSpeciesReference species="s295">
<annotation>
<celldesigner:alias>a289</celldesigner:alias>
</annotation>
</modifierSpeciesReference>
</listOfModifiers>
</reaction>
<reaction id="r159" reversible="false">
<annotation>
<celldesigner:reactionType>STATE_TRANSITION</celldesigner:reactionType>
<celldesigner:baseReactants>s274</celldesigner:baseReactants>
<celldesigner:baseProducts>s273</celldesigner:baseProducts>
<celldesigner:offset x="2.0" y="6.0"/>
<celldesigner:editPoints>0.3333333333333339,-2.220446049250313E-16 0.6466669146302628,7.042166209902945E-5</celldesigner:editPoints>
</annotation>
<listOfReactants>
<speciesReference species="s274">
<annotation>
<celldesigner:alias>a273</celldesigner:alias>
</annotation>
</speciesReference>
</listOfReactants>
<listOfProducts>
<speciesReference species="s273">
<annotation>
<celldesigner:alias>a272</celldesigner:alias>
</annotation>
</speciesReference>
</listOfProducts>
</reaction>
<reaction id="r160" reversible="false">
<annotation>
<celldesigner:reactionType>STATE_TRANSITION</celldesigner:reactionType>
<celldesigner:baseReactants>s272</celldesigner:baseReactants>
<celldesigner:baseProducts>s278</celldesigner:baseProducts>
<celldesigner:offset x="-5.0" y="8.0"/>
<celldesigner:editPoints>0.3333333333333335,-1.7763568394002505E-15 0.6666666666666665,-1.7763568394002505E-15</celldesigner:editPoints>
</annotation>
<listOfReactants>
<speciesReference species="s272">
<annotation>
<celldesigner:alias>a271</celldesigner:alias>
</annotation>
</speciesReference>
</listOfReactants>
<listOfProducts>
<speciesReference species="s278">
<annotation>
<celldesigner:alias>a275</celldesigner:alias>
</annotation>
</speciesReference>
</listOfProducts>
</reaction>
<reaction id="r162" reversible="false">
<annotation>
<celldesigner:reactionType>STATE_TRANSITION</celldesigner:reactionType>
<celldesigner:baseReactants>s278</celldesigner:baseReactants>
<celldesigner:baseProducts>s277</celldesigner:baseProducts>
<celldesigner:editPoints>0.3333333333333326,0.0 0.6666666666666674,8.881784197001252E-16</celldesigner:editPoints>
<celldesigner:listOfModification>
<celldesigner:modification aliases="a294" editPoints="0.33333333333333215,-8.881784197001252E-16 0.6666666666666679,1.7763568394002505E-15" modifiers="s298" targetLineIndex="-1,1" type="CATALYSIS"/>
</celldesigner:listOfModification>
</annotation>
<listOfReactants>
<speciesReference species="s278">
<annotation>
<celldesigner:alias>a275</celldesigner:alias>
</annotation>
</speciesReference>
</listOfReactants>
<listOfProducts>
<speciesReference species="s277">
<annotation>
<celldesigner:alias>a274</celldesigner:alias>
</annotation>
</speciesReference>
</listOfProducts>
<listOfModifiers>
<modifierSpeciesReference species="s298">
<annotation>
<celldesigner:alias>a294</celldesigner:alias>
</annotation>
</modifierSpeciesReference>
</listOfModifiers>
</reaction>
<reaction id="r163" reversible="false">
<annotation>
<celldesigner:reactionType>STATE_TRANSITION</celldesigner:reactionType>
<celldesigner:baseReactants>s278</celldesigner:baseReactants>
<celldesigner:baseProducts>s279</celldesigner:baseProducts>
<celldesigner:editPoints>0.3333333333333339,-1.3322676295501878E-15 0.6666666666666661,-1.7763568394002505E-15</celldesigner:editPoints>
<celldesigner:listOfModification>
<celldesigner:modification aliases="a291" editPoints="0.3333333333333339,0.0 0.6666666666666679,-3.552713678800501E-15" modifiers="s297" targetLineIndex="-1,1" type="CATALYSIS"/>
</celldesigner:listOfModification>
</annotation>
<listOfReactants>
<speciesReference species="s278">
<annotation>
<celldesigner:alias>a275</celldesigner:alias>
</annotation>
</speciesReference>
</listOfReactants>
<listOfProducts>
<speciesReference species="s279">
<annotation>
<celldesigner:alias>a276</celldesigner:alias>
</annotation>
</speciesReference>
</listOfProducts>
<listOfModifiers>
<modifierSpeciesReference species="s297">
<annotation>
<celldesigner:alias>a291</celldesigner:alias>
</annotation>
</modifierSpeciesReference>
</listOfModifiers>
</reaction>
<reaction id="r164" reversible="false">
<annotation>
<celldesigner:reactionType>STATE_TRANSITION</celldesigner:reactionType>
<celldesigner:baseReactants>s279</celldesigner:baseReactants>
<celldesigner:baseProducts>s280</celldesigner:baseProducts>
<celldesigner:editPoints>0.33333333333333304,-1.3322676295501878E-15 0.666666666666667,-1.7763568394002505E-15</celldesigner:editPoints>
<celldesigner:listOfModification>
<celldesigner:modification aliases="a292" editPoints="0.33333333333333215,0.0 0.6666666666666643,0.0" modifiers="s297" targetLineIndex="-1,1" type="CATALYSIS"/>
</celldesigner:listOfModification>
</annotation>
<listOfReactants>
<speciesReference species="s279">
<annotation>
<celldesigner:alias>a276</celldesigner:alias>
</annotation>
</speciesReference>
</listOfReactants>
<listOfProducts>
<speciesReference species="s280">
<annotation>
<celldesigner:alias>a277</celldesigner:alias>
</annotation>
</speciesReference>
</listOfProducts>
<listOfModifiers>
<modifierSpeciesReference species="s297">
<annotation>
<celldesigner:alias>a292</celldesigner:alias>
</annotation>
</modifierSpeciesReference>
</listOfModifiers>
</reaction>
<reaction id="r165" reversible="false">
<annotation>
<celldesigner:reactionType>KNOWN_TRANSITION_OMITTED</celldesigner:reactionType>
<celldesigner:baseReactants>s284</celldesigner:baseReactants>
<celldesigner:baseProducts>s289</celldesigner:baseProducts>
<celldesigner:editPoints>0.3333333333333335,4.440892098500626E-16 0.6666666666666667,4.440892098500626E-16</celldesigner:editPoints>
</annotation>
<listOfReactants>
<speciesReference species="s284">
<annotation>
<celldesigner:alias>a279</celldesigner:alias>
</annotation>
</speciesReference>
</listOfReactants>
<listOfProducts>
<speciesReference species="s289">
<annotation>
<celldesigner:alias>a269</celldesigner:alias>
</annotation>
</speciesReference>
</listOfProducts>
</reaction>
<reaction id="r166" reversible="false">
<annotation>
<celldesigner:reactionType>KNOWN_TRANSITION_OMITTED</celldesigner:reactionType>
<celldesigner:baseReactants>s282</celldesigner:baseReactants>
<celldesigner:baseProducts>s289</celldesigner:baseProducts>
<celldesigner:editPoints>0.33333333333333326,-2.220446049250313E-16 0.6666666666666666,-2.220446049250313E-16</celldesigner:editPoints>
</annotation>
<listOfReactants>
<speciesReference species="s282">
<annotation>
<celldesigner:alias>a278</celldesigner:alias>
</annotation>
</speciesReference>
</listOfReactants>
<listOfProducts>
<speciesReference species="s289">
<annotation>
<celldesigner:alias>a269</celldesigner:alias>
</annotation>
</speciesReference>
</listOfProducts>
</reaction>
<reaction id="r167" reversible="false">
<annotation>
<celldesigner:reactionType>STATE_TRANSITION</celldesigner:reactionType>
<celldesigner:baseReactants>s273</celldesigner:baseReactants>
<celldesigner:baseProducts>s274</celldesigner:baseProducts>
<celldesigner:offset x="0.0" y="1.0"/>
<celldesigner:editPoints>0.33333333333333304,-1.7763568394002505E-15 0.6666666666666661,-3.552713678800501E-15</celldesigner:editPoints>
<celldesigner:listOfModification>
<celldesigner:modification aliases="a286" editPoints="0.33333333333333215,3.552713678800501E-15 0.6666666666666643,3.552713678800501E-15" modifiers="s292" targetLineIndex="-1,1" type="CATALYSIS"/>
<celldesigner:modification aliases="a288" editPoints="0.3333333333333339,3.552713678800501E-15 0.666666666666667,0.0" modifiers="s294" targetLineIndex="-1,1" type="CATALYSIS"/>
</celldesigner:listOfModification>
</annotation>
<listOfReactants>
<speciesReference species="s273">
<annotation>
<celldesigner:alias>a272</celldesigner:alias>
</annotation>
</speciesReference>
</listOfReactants>
<listOfProducts>
<speciesReference species="s274">
<annotation>
<celldesigner:alias>a273</celldesigner:alias>
</annotation>
</speciesReference>
</listOfProducts>
<listOfModifiers>
<modifierSpeciesReference species="s292">
<annotation>
<celldesigner:alias>a286</celldesigner:alias>
</annotation>
</modifierSpeciesReference>
<modifierSpeciesReference species="s294">
<annotation>
<celldesigner:alias>a288</celldesigner:alias>
</annotation>
</modifierSpeciesReference>
</listOfModifiers>
</reaction>
<reaction id="r168" reversible="false">
<annotation>
<celldesigner:reactionType>STATE_TRANSITION</celldesigner:reactionType>
<celldesigner:baseReactants>s278</celldesigner:baseReactants>
<celldesigner:baseProducts>s272</celldesigner:baseProducts>
<celldesigner:offset x="2.0" y="0.0"/>
<celldesigner:editPoints>0.3218645077768896,-0.005797428303256247 0.6666666666666665,0.0</celldesigner:editPoints>
<celldesigner:listOfModification>
<celldesigner:modification aliases="a290" editPoints="0.3333333333333339,0.0 0.6666666666666643,8.881784197001252E-16" modifiers="s296" targetLineIndex="-1,1" type="CATALYSIS"/>
</celldesigner:listOfModification>
</annotation>
<listOfReactants>
<speciesReference species="s278">
<annotation>
<celldesigner:alias>a275</celldesigner:alias>
</annotation>
</speciesReference>
</listOfReactants>
<listOfProducts>
<speciesReference species="s272">
<annotation>
<celldesigner:alias>a271</celldesigner:alias>
</annotation>
</speciesReference>
</listOfProducts>
<listOfModifiers>
<modifierSpeciesReference species="s296">
<annotation>
<celldesigner:alias>a290</celldesigner:alias>
</annotation>
</modifierSpeciesReference>
</listOfModifiers>
</reaction>
<reaction id="r169" reversible="false">
<annotation>
<celldesigner:reactionType>STATE_TRANSITION</celldesigner:reactionType>
<celldesigner:baseReactants>s278</celldesigner:baseReactants>
<celldesigner:baseProducts>s273</celldesigner:baseProducts>
<celldesigner:editPoints>0.33333333333333326,0.0 0.6666666666666667,0.0</celldesigner:editPoints>
<celldesigner:listOfModification>
<celldesigner:modification aliases="a293" editPoints="0.33333333333333215,-8.881784197001252E-16 0.6666666666666661,-8.881784197001252E-16" modifiers="s294" targetLineIndex="-1,1" type="CATALYSIS"/>
</celldesigner:listOfModification>
</annotation>
<listOfReactants>
<speciesReference species="s278">
<annotation>
<celldesigner:alias>a275</celldesigner:alias>
</annotation>
</speciesReference>
</listOfReactants>
<listOfProducts>
<speciesReference species="s273">
<annotation>
<celldesigner:alias>a272</celldesigner:alias>
</annotation>
</speciesReference>
</listOfProducts>
<listOfModifiers>
<modifierSpeciesReference species="s294">
<annotation>
<celldesigner:alias>a293</celldesigner:alias>
</annotation>
</modifierSpeciesReference>
</listOfModifiers>
</reaction>
<reaction id="r170" reversible="false">
<annotation>
<celldesigner:reactionType>STATE_TRANSITION</celldesigner:reactionType>
<celldesigner:baseReactants>s278</celldesigner:baseReactants>
<celldesigner:baseProducts>s289</celldesigner:baseProducts>
<celldesigner:offset x="-230.0" y="138.0"/>
<celldesigner:editPoints>0.5133674431892892,-0.004413826947603228 0.7687294013338024,-0.014199991991390937</celldesigner:editPoints>
<celldesigner:listOfModification>
<celldesigner:modification aliases="a294" editPoints="0.3333333333333339,-1.1102230246251565E-16 0.6666666666666679,3.3306690738754696E-16" modifiers="s298" targetLineIndex="-1,0" type="CATALYSIS"/>
</celldesigner:listOfModification>
</annotation>
<listOfReactants>
<speciesReference species="s278">
<annotation>
<celldesigner:alias>a275</celldesigner:alias>
</annotation>
</speciesReference>
</listOfReactants>
<listOfProducts>
<speciesReference species="s289">
<annotation>
<celldesigner:alias>a269</celldesigner:alias>
</annotation>
</speciesReference>
</listOfProducts>
<listOfModifiers>
<modifierSpeciesReference species="s298">
<annotation>
<celldesigner:alias>a294</celldesigner:alias>
</annotation>
</modifierSpeciesReference>
</listOfModifiers>
</reaction>
<reaction id="r171" reversible="false">
<annotation>
<celldesigner:reactionType>STATE_TRANSITION</celldesigner:reactionType>
<celldesigner:baseReactants>s278</celldesigner:baseReactants>
<celldesigner:baseProducts>s289</celldesigner:baseProducts>
<celldesigner:editPoints>0.33333333333333326,0.0 0.6666666666666665,2.220446049250313E-16</celldesigner:editPoints>
<celldesigner:listOfModification>
<celldesigner:modification aliases="a295" editPoints="0.33333333333333304,1.7763568394002505E-15 0.6666666666666679,0.0" modifiers="s299" targetLineIndex="-1,1" type="CATALYSIS"/>
</celldesigner:listOfModification>
</annotation>
<listOfReactants>
<speciesReference species="s278">
<annotation>
<celldesigner:alias>a275</celldesigner:alias>
</annotation>
</speciesReference>
</listOfReactants>
<listOfProducts>
<speciesReference species="s289">
<annotation>
<celldesigner:alias>a269</celldesigner:alias>
</annotation>
</speciesReference>
</listOfProducts>
<listOfModifiers>
<modifierSpeciesReference species="s299">
<annotation>
<celldesigner:alias>a295</celldesigner:alias>
</annotation>
</modifierSpeciesReference>
</listOfModifiers>
</reaction>
<reaction id="r173" reversible="false">
<annotation>
<celldesigner:reactionType>STATE_TRANSITION</celldesigner:reactionType>
<celldesigner:baseReactants>s278</celldesigner:baseReactants>
<celldesigner:baseProducts>s265</celldesigner:baseProducts>
<celldesigner:editPoints>0.33333333333333304,0.0 0.6666666666666665,-1.1102230246251565E-16</celldesigner:editPoints>
<celldesigner:listOfModification>
<celldesigner:modification aliases="a295" editPoints="0.33333333333333304,4.440892098500626E-16 0.6666666666666679,-2.220446049250313E-16" modifiers="s299" targetLineIndex="-1,0" type="CATALYSIS"/>
</celldesigner:listOfModification>
</annotation>
<listOfReactants>
<speciesReference species="s278">
<annotation>
<celldesigner:alias>a275</celldesigner:alias>
</annotation>
</speciesReference>
</listOfReactants>
<listOfProducts>
<speciesReference species="s265">
<annotation>
<celldesigner:alias>a266</celldesigner:alias>
</annotation>
</speciesReference>
</listOfProducts>
<listOfModifiers>
<modifierSpeciesReference species="s299">
<annotation>
<celldesigner:alias>a295</celldesigner:alias>
</annotation>
</modifierSpeciesReference>
</listOfModifiers>
</reaction>
</listOfReactions>
</model>
</sbml>
