<?xml version="1.0" encoding="UTF-8"?>
<!-- Terms and Conditions -->
<!-- 
Copyright (C)) 2005 Applied Biosystems.  
This file may be copied and redistributed freely, without advance permission, 
provided that this Copyright statement is reproduced with each copy.  
 
LIMITATION OF WARRANTY 
NOTHING IN THIS AGREEMENT WILL BE CONSTRUED AS A REPRESENTATION MADE OR 
WARRANTY GIVEN BY APPLIED BIOSYSTEMS OR ANY THIRD PARTY THAT THE USE OF 
DATA PROVIDED HEREUNDER WILL NOT INFRINGE ANY PATENT, COPYRIGHT, TRADEMARK 
OR OTHER RIGHTS OF ANY THIRD PARTY. DATA IS PROVIDED "AS IS" WITHOUT 
WARRANTY OF ANY KIND WHATSOEVER, EXPRESS OR IMPLIED, INCLUDING IMPLIED 
WARRANTIES OF MERCHANTABILITY OR FITNESS FOR A PARTICULAR PURPOSE. APPLIED 
BIOSYSTEMS MAKES NO WARRANTY THAT ITS DATA DOES NOT CONTAIN ERRORS.
-->

<!-- Created by SBML API 2.0(a17.0) -->
<sbml level="2" version="1" xmlns="http://www.sbml.org/sbml/level2" xmlns:celldesigner="http://www.sbml.org/2001/ns/celldesigner">
<model id="Threonine_space_biosynthesis">
<notes>
<html xmlns="http://www.w3.org/1999/xhtml">
<!--Notes by CellDesigner-->
<body>
<![CDATA[
The biosynthesis of the amino acid threonine critical for protein biosynthesis.
Website=www.biocyc.org/Ecoli/Pathways/
free text=Biochemistry (text)  Voet and Voet
]]>
</body>
</html>
</notes>
<annotation>
<celldesigner:modelVersion>2.3</celldesigner:modelVersion>
<celldesigner:modelDisplay sizeX="600" sizeY="600"/>
<celldesigner:listOfCompartmentAliases/>
<celldesigner:listOfSpeciesAliases>
<celldesigner:speciesAlias id="a1" species="s1">
<celldesigner:activity>inactive</celldesigner:activity>
<celldesigner:bounds h="23.0" w="88.0" x="207.0" y="9.0"/>
<celldesigner:singleLine width="1.0"/>
<celldesigner:paint color="ffffffff" scheme="Color"/>
</celldesigner:speciesAlias>
<celldesigner:speciesAlias id="a3" species="s3">
<celldesigner:activity>inactive</celldesigner:activity>
<celldesigner:bounds h="32.0" w="133.0" x="187.0" y="101.0"/>
<celldesigner:singleLine width="1.0"/>
<celldesigner:paint color="ffffffff" scheme="Color"/>
</celldesigner:speciesAlias>
<celldesigner:speciesAlias id="a4" species="s4">
<celldesigner:activity>inactive</celldesigner:activity>
<celldesigner:bounds h="37.0" w="142.0" x="183.0" y="224.0"/>
<celldesigner:singleLine width="1.0"/>
<celldesigner:paint color="ffffffff" scheme="Color"/>
</celldesigner:speciesAlias>
<celldesigner:speciesAlias id="a5" species="s5">
<celldesigner:activity>inactive</celldesigner:activity>
<celldesigner:bounds h="24.0" w="91.0" x="208.0" y="339.0"/>
<celldesigner:singleLine width="1.0"/>
<celldesigner:paint color="ffffffff" scheme="Color"/>
</celldesigner:speciesAlias>
<celldesigner:speciesAlias id="a6" species="s6">
<celldesigner:activity>inactive</celldesigner:activity>
<celldesigner:bounds h="32.0" w="149.0" x="179.0" y="444.0"/>
<celldesigner:singleLine width="1.0"/>
<celldesigner:paint color="ffffffff" scheme="Color"/>
</celldesigner:speciesAlias>
<celldesigner:speciesAlias id="a7" species="s7">
<celldesigner:activity>inactive</celldesigner:activity>
<celldesigner:bounds h="43.0" w="106.0" x="200.0" y="553.0"/>
<celldesigner:singleLine width="1.0"/>
<celldesigner:paint color="ffffffff" scheme="Color"/>
</celldesigner:speciesAlias>
<celldesigner:speciesAlias id="a8" species="s8">
<celldesigner:activity>inactive</celldesigner:activity>
<celldesigner:bounds h="19.0" w="42.0" x="167.0" y="30.0"/>
<celldesigner:singleLine width="1.0"/>
<celldesigner:paint color="ffffffff" scheme="Color"/>
</celldesigner:speciesAlias>
<celldesigner:speciesAlias id="a9" species="s9">
<celldesigner:activity>inactive</celldesigner:activity>
<celldesigner:bounds h="17.0" w="40.0" x="159.0" y="83.0"/>
<celldesigner:singleLine width="1.0"/>
<celldesigner:paint color="ffffffff" scheme="Color"/>
</celldesigner:speciesAlias>
<celldesigner:speciesAlias id="a10" species="s10">
<celldesigner:activity>inactive</celldesigner:activity>
<celldesigner:bounds h="26.0" w="48.0" x="147.0" y="128.0"/>
<celldesigner:singleLine width="1.0"/>
<celldesigner:paint color="ffffffff" scheme="Color"/>
</celldesigner:speciesAlias>
<celldesigner:speciesAlias id="a11" species="s11">
<celldesigner:activity>inactive</celldesigner:activity>
<celldesigner:bounds h="19.0" w="46.0" x="152.0" y="181.0"/>
<celldesigner:singleLine width="1.0"/>
<celldesigner:paint color="ffffffff" scheme="Color"/>
</celldesigner:speciesAlias>
<celldesigner:speciesAlias id="a12" species="s12">
<celldesigner:activity>inactive</celldesigner:activity>
<celldesigner:bounds h="25.0" w="31.0" x="157.0" y="206.0"/>
<celldesigner:singleLine width="1.0"/>
<celldesigner:paint color="ffffffff" scheme="Color"/>
</celldesigner:speciesAlias>
<celldesigner:speciesAlias id="a13" species="s10">
<celldesigner:activity>inactive</celldesigner:activity>
<celldesigner:bounds h="23.0" w="48.0" x="166.0" y="259.0"/>
<celldesigner:singleLine width="1.0"/>
<celldesigner:paint color="ffffffff" scheme="Color"/>
</celldesigner:speciesAlias>
<celldesigner:speciesAlias id="a14" species="s11">
<celldesigner:activity>inactive</celldesigner:activity>
<celldesigner:bounds h="17.0" w="46.0" x="164.0" y="320.0"/>
<celldesigner:singleLine width="1.0"/>
<celldesigner:paint color="ffffffff" scheme="Color"/>
</celldesigner:speciesAlias>
<celldesigner:speciesAlias id="a15" species="s8">
<celldesigner:activity>inactive</celldesigner:activity>
<celldesigner:bounds h="15.0" w="41.0" x="174.0" y="362.0"/>
<celldesigner:singleLine width="1.0"/>
<celldesigner:paint color="ffffffff" scheme="Color"/>
</celldesigner:speciesAlias>
<celldesigner:speciesAlias id="a16" species="s9">
<celldesigner:activity>inactive</celldesigner:activity>
<celldesigner:bounds h="14.0" w="38.0" x="165.0" y="424.0"/>
<celldesigner:singleLine width="1.0"/>
<celldesigner:paint color="ffffffff" scheme="Color"/>
</celldesigner:speciesAlias>
<celldesigner:speciesAlias id="a17" species="s13">
<celldesigner:activity>inactive</celldesigner:activity>
<celldesigner:bounds h="18.0" w="42.0" x="174.0" y="474.0"/>
<celldesigner:singleLine width="1.0"/>
<celldesigner:paint color="ffffffff" scheme="Color"/>
</celldesigner:speciesAlias>
<celldesigner:speciesAlias id="a18" species="s12">
<celldesigner:activity>inactive</celldesigner:activity>
<celldesigner:bounds h="21.0" w="29.0" x="176.0" y="531.0"/>
<celldesigner:singleLine width="1.0"/>
<celldesigner:paint color="ffffffff" scheme="Color"/>
</celldesigner:speciesAlias>
<celldesigner:speciesAlias id="a19" species="s14">
<celldesigner:activity>inactive</celldesigner:activity>
<celldesigner:bounds h="25.0" w="105.0" x="334.0" y="54.0"/>
<celldesigner:singleLine width="1.0"/>
<celldesigner:paint color="ff66ccff" scheme="Color"/>
</celldesigner:speciesAlias>
<celldesigner:speciesAlias id="a20" species="s15">
<celldesigner:activity>inactive</celldesigner:activity>
<celldesigner:bounds h="48.0" w="110.0" x="335.0" y="155.0"/>
<celldesigner:singleLine width="1.0"/>
<celldesigner:paint color="ff66ccff" scheme="Color"/>
</celldesigner:speciesAlias>
<celldesigner:speciesAlias id="a21" species="s16">
<celldesigner:activity>inactive</celldesigner:activity>
<celldesigner:bounds h="40.0" w="99.0" x="337.0" y="281.0"/>
<celldesigner:singleLine width="1.0"/>
<celldesigner:paint color="ff66ccff" scheme="Color"/>
</celldesigner:speciesAlias>
<celldesigner:speciesAlias id="a22" species="s17">
<celldesigner:activity>inactive</celldesigner:activity>
<celldesigner:bounds h="27.0" w="118.0" x="334.0" y="390.0"/>
<celldesigner:singleLine width="1.0"/>
<celldesigner:paint color="ff66ccff" scheme="Color"/>
</celldesigner:speciesAlias>
<celldesigner:speciesAlias id="a23" species="s18">
<celldesigner:activity>inactive</celldesigner:activity>
<celldesigner:bounds h="27.0" w="116.0" x="328.0" y="501.0"/>
<celldesigner:singleLine width="1.0"/>
<celldesigner:paint color="ff66ccff" scheme="Color"/>
</celldesigner:speciesAlias>
</celldesigner:listOfSpeciesAliases>
<celldesigner:listOfGroups/>
<celldesigner:listOfProteins>
<celldesigner:protein id="p2" name="Aspartate kinase" type="GENERIC"/>
<celldesigner:protein id="p3" name="Aspartate_br_semialdehyde_br_dehydrogenase" type="GENERIC"/>
<celldesigner:protein id="p4" name="Homoserine_br_dehydrogenase" type="GENERIC"/>
<celldesigner:protein id="p5" name="Homoserine kinase" type="GENERIC"/>
<celldesigner:protein id="p6" name="Threonine synthase" type="GENERIC"/>
</celldesigner:listOfProteins>
<celldesigner:listOfBlockDiagrams/>
</annotation>
<listOfCompartments>
<compartment id="default" size="1.0"/>
</listOfCompartments>
<listOfSpecies>
<species compartment="default" id="s1" initialAmount="0.0" name="aspartate">
<notes>
<html xmlns="http://www.w3.org/1999/xhtml">
<!--Notes by CellDesigner-->
<body>
Long Name:  aspartate
Synonym:  Synonym not specified
Accession:  S04225
</body>
</html>
</notes>
<annotation>
<celldesigner:positionToCompartment>inside</celldesigner:positionToCompartment>
<celldesigner:speciesIdentity>
<celldesigner:class>SIMPLE_MOLECULE</celldesigner:class>
<celldesigner:name>aspartate</celldesigner:name>
</celldesigner:speciesIdentity>
</annotation>
</species>
<species compartment="default" id="s3" initialAmount="0.0" name="aspartyl-4-phosphate">
<notes>
<html xmlns="http://www.w3.org/1999/xhtml">
<!--Notes by CellDesigner-->
<body>
Long Name:  aspartyl-4-phosphate
Synonym:  Synonym not specified
Accession:  S04226
</body>
</html>
</notes>
<annotation>
<celldesigner:positionToCompartment>inside</celldesigner:positionToCompartment>
<celldesigner:speciesIdentity>
<celldesigner:class>SIMPLE_MOLECULE</celldesigner:class>
<celldesigner:name>aspartyl-4-phosphate</celldesigner:name>
</celldesigner:speciesIdentity>
</annotation>
</species>
<species compartment="default" id="s4" initialAmount="0.0" name="aspartate-semialdehyde">
<notes>
<html xmlns="http://www.w3.org/1999/xhtml">
<!--Notes by CellDesigner-->
<body>
Long Name:  aspartate-semialdehyde
Synonym:  Synonym not specified
Accession:  S04221
</body>
</html>
</notes>
<annotation>
<celldesigner:positionToCompartment>inside</celldesigner:positionToCompartment>
<celldesigner:speciesIdentity>
<celldesigner:class>SIMPLE_MOLECULE</celldesigner:class>
<celldesigner:name>aspartate-semialdehyde</celldesigner:name>
</celldesigner:speciesIdentity>
</annotation>
</species>
<species compartment="default" id="s5" initialAmount="0.0" name="homoserine">
<notes>
<html xmlns="http://www.w3.org/1999/xhtml">
<!--Notes by CellDesigner-->
<body>
Long Name:  homoserine
Synonym:  Synonym not specified
Accession:  S04232
</body>
</html>
</notes>
<annotation>
<celldesigner:positionToCompartment>inside</celldesigner:positionToCompartment>
<celldesigner:speciesIdentity>
<celldesigner:class>SIMPLE_MOLECULE</celldesigner:class>
<celldesigner:name>homoserine</celldesigner:name>
</celldesigner:speciesIdentity>
</annotation>
</species>
<species compartment="default" id="s6" initialAmount="0.0" name="O-phospho-homoserine">
<notes>
<html xmlns="http://www.w3.org/1999/xhtml">
<!--Notes by CellDesigner-->
<body>
Long Name:  O-phospho-homoserine
Synonym:  Synonym not specified
Accession:  S04231
</body>
</html>
</notes>
<annotation>
<celldesigner:positionToCompartment>inside</celldesigner:positionToCompartment>
<celldesigner:speciesIdentity>
<celldesigner:class>SIMPLE_MOLECULE</celldesigner:class>
<celldesigner:name>O-phospho-homoserine</celldesigner:name>
</celldesigner:speciesIdentity>
</annotation>
</species>
<species compartment="default" id="s7" initialAmount="0.0" name="threonine">
<notes>
<html xmlns="http://www.w3.org/1999/xhtml">
<!--Notes by CellDesigner-->
<body>
Long Name:  threonine
Synonym:  Synonym not specified
Accession:  S04224
</body>
</html>
</notes>
<annotation>
<celldesigner:positionToCompartment>inside</celldesigner:positionToCompartment>
<celldesigner:speciesIdentity>
<celldesigner:class>SIMPLE_MOLECULE</celldesigner:class>
<celldesigner:name>threonine</celldesigner:name>
</celldesigner:speciesIdentity>
</annotation>
</species>
<species compartment="default" id="s8" initialAmount="0.0" name="ATP">
<notes>
<html xmlns="http://www.w3.org/1999/xhtml">
<!--Notes by CellDesigner-->
<body>
Long Name:  ATP
Synonym:  Synonym not specified
Accession:  S04222
</body>
</html>
</notes>
<annotation>
<celldesigner:positionToCompartment>inside</celldesigner:positionToCompartment>
<celldesigner:speciesIdentity>
<celldesigner:class>SIMPLE_MOLECULE</celldesigner:class>
<celldesigner:name>ATP</celldesigner:name>
</celldesigner:speciesIdentity>
</annotation>
</species>
<species compartment="default" id="s9" initialAmount="0.0" name="ADP">
<notes>
<html xmlns="http://www.w3.org/1999/xhtml">
<!--Notes by CellDesigner-->
<body>
Long Name:  ADP
Synonym:  Synonym not specified
Accession:  S04228
</body>
</html>
</notes>
<annotation>
<celldesigner:positionToCompartment>inside</celldesigner:positionToCompartment>
<celldesigner:speciesIdentity>
<celldesigner:class>SIMPLE_MOLECULE</celldesigner:class>
<celldesigner:name>ADP</celldesigner:name>
</celldesigner:speciesIdentity>
</annotation>
</species>
<species compartment="default" id="s10" initialAmount="0.0" name="NADPH">
<notes>
<html xmlns="http://www.w3.org/1999/xhtml">
<!--Notes by CellDesigner-->
<body>
Long Name:  NADPH
Synonym:  Synonym not specified
Accession:  S04223
</body>
</html>
</notes>
<annotation>
<celldesigner:positionToCompartment>inside</celldesigner:positionToCompartment>
<celldesigner:speciesIdentity>
<celldesigner:class>SIMPLE_MOLECULE</celldesigner:class>
<celldesigner:name>NADPH</celldesigner:name>
</celldesigner:speciesIdentity>
</annotation>
</species>
<species compartment="default" id="s11" initialAmount="0.0" name="NADP">
<notes>
<html xmlns="http://www.w3.org/1999/xhtml">
<!--Notes by CellDesigner-->
<body>
Long Name:  NADP
Synonym:  Synonym not specified
Accession:  S04229
</body>
</html>
</notes>
<annotation>
<celldesigner:positionToCompartment>inside</celldesigner:positionToCompartment>
<celldesigner:speciesIdentity>
<celldesigner:class>SIMPLE_MOLECULE</celldesigner:class>
<celldesigner:name>NADP</celldesigner:name>
</celldesigner:speciesIdentity>
</annotation>
</species>
<species compartment="default" id="s12" initialAmount="0.0" name="PO_sub_4">
<notes>
<html xmlns="http://www.w3.org/1999/xhtml">
<!--Notes by CellDesigner-->
<body>
Long Name:  PO4
Synonym:  Synonym not specified
Accession:  S04227
</body>
</html>
</notes>
<annotation>
<celldesigner:positionToCompartment>inside</celldesigner:positionToCompartment>
<celldesigner:speciesIdentity>
<celldesigner:class>SIMPLE_MOLECULE</celldesigner:class>
<celldesigner:name>PO_sub_4</celldesigner:name>
</celldesigner:speciesIdentity>
</annotation>
</species>
<species compartment="default" id="s13" initialAmount="0.0" name="H_sub_2_endsub_O">
<notes>
<html xmlns="http://www.w3.org/1999/xhtml">
<!--Notes by CellDesigner-->
<body>
Long Name:  H2O
Synonym:  Synonym not specified
Accession:  S04230
</body>
</html>
</notes>
<annotation>
<celldesigner:positionToCompartment>inside</celldesigner:positionToCompartment>
<celldesigner:speciesIdentity>
<celldesigner:class>SIMPLE_MOLECULE</celldesigner:class>
<celldesigner:name>H_sub_2_endsub_O</celldesigner:name>
</celldesigner:speciesIdentity>
</annotation>
</species>
<species compartment="default" id="s14" initialAmount="0.0" name="Aspartate kinase">
<notes>
<html xmlns="http://www.w3.org/1999/xhtml">
<!--Notes by CellDesigner-->
<body>
Long Name:  Aspartate kinase
Synonym:  Synonym not specified
Accession:  P03189
</body>
</html>
</notes>
<annotation>
<celldesigner:positionToCompartment>inside</celldesigner:positionToCompartment>
<celldesigner:speciesIdentity>
<celldesigner:class>PROTEIN</celldesigner:class>
<celldesigner:proteinReference>p2</celldesigner:proteinReference>
</celldesigner:speciesIdentity>
<celldesigner:listOfCatalyzedReactions>
<celldesigner:catalyzed reaction="r1"/>
</celldesigner:listOfCatalyzedReactions>
</annotation>
</species>
<species compartment="default" id="s15" initialAmount="0.0" name="Aspartate_br_semialdehyde_br_dehydrogenase">
<notes>
<html xmlns="http://www.w3.org/1999/xhtml">
<!--Notes by CellDesigner-->
<body>
Long Name:  Aspartate semialdehyde dehydrogenase
Synonym:  Synonym not specified
Accession:  P03192
</body>
</html>
</notes>
<annotation>
<celldesigner:positionToCompartment>inside</celldesigner:positionToCompartment>
<celldesigner:speciesIdentity>
<celldesigner:class>PROTEIN</celldesigner:class>
<celldesigner:proteinReference>p3</celldesigner:proteinReference>
</celldesigner:speciesIdentity>
<celldesigner:listOfCatalyzedReactions>
<celldesigner:catalyzed reaction="r3"/>
</celldesigner:listOfCatalyzedReactions>
</annotation>
</species>
<species compartment="default" id="s16" initialAmount="0.0" name="Homoserine_br_dehydrogenase">
<notes>
<html xmlns="http://www.w3.org/1999/xhtml">
<!--Notes by CellDesigner-->
<body>
Long Name:  Homoserine dehydrogenase
Synonym:  Synonym not specified
Accession:  P03188
</body>
</html>
</notes>
<annotation>
<celldesigner:positionToCompartment>inside</celldesigner:positionToCompartment>
<celldesigner:speciesIdentity>
<celldesigner:class>PROTEIN</celldesigner:class>
<celldesigner:proteinReference>p4</celldesigner:proteinReference>
</celldesigner:speciesIdentity>
<celldesigner:listOfCatalyzedReactions>
<celldesigner:catalyzed reaction="r2"/>
</celldesigner:listOfCatalyzedReactions>
</annotation>
</species>
<species compartment="default" id="s17" initialAmount="0.0" name="Homoserine kinase">
<notes>
<html xmlns="http://www.w3.org/1999/xhtml">
<!--Notes by CellDesigner-->
<body>
Long Name:  Homoserine kinase
Synonym:  Synonym not specified
Accession:  P03191
</body>
</html>
</notes>
<annotation>
<celldesigner:positionToCompartment>inside</celldesigner:positionToCompartment>
<celldesigner:speciesIdentity>
<celldesigner:class>PROTEIN</celldesigner:class>
<celldesigner:proteinReference>p5</celldesigner:proteinReference>
</celldesigner:speciesIdentity>
<celldesigner:listOfCatalyzedReactions>
<celldesigner:catalyzed reaction="r4"/>
</celldesigner:listOfCatalyzedReactions>
</annotation>
</species>
<species compartment="default" id="s18" initialAmount="0.0" name="Threonine synthase">
<notes>
<html xmlns="http://www.w3.org/1999/xhtml">
<!--Notes by CellDesigner-->
<body>
Long Name:  Threonine synthase
Synonym:  Synonym not specified
Accession:  P03190
</body>
</html>
</notes>
<annotation>
<celldesigner:positionToCompartment>inside</celldesigner:positionToCompartment>
<celldesigner:speciesIdentity>
<celldesigner:class>PROTEIN</celldesigner:class>
<celldesigner:proteinReference>p6</celldesigner:proteinReference>
</celldesigner:speciesIdentity>
<celldesigner:listOfCatalyzedReactions>
<celldesigner:catalyzed reaction="r5"/>
</celldesigner:listOfCatalyzedReactions>
</annotation>
</species>
</listOfSpecies>
<listOfReactions>
<reaction id="r1" reversible="false">
<annotation>
<celldesigner:reactionType>STATE_TRANSITION</celldesigner:reactionType>
<celldesigner:baseReactants>s1</celldesigner:baseReactants>
<celldesigner:baseProducts>s3</celldesigner:baseProducts>
<celldesigner:listOfReactantLinks>
<celldesigner:reactantLink alias="a8" reactant="s8" targetLineIndex="-1,1"/>
</celldesigner:listOfReactantLinks>
<celldesigner:listOfProductLinks>
<celldesigner:productLink alias="a9" product="s9" targetLineIndex="-1,1"/>
</celldesigner:listOfProductLinks>
<celldesigner:editPoints>0.3333333333333335,0.0 0.6666666666666667,-8.881784197001252E-16</celldesigner:editPoints>
<celldesigner:listOfModification>
<celldesigner:modification aliases="a19" editPoints="0.3333333333333339,1.1102230246251565E-16 0.6666666666666679,3.3306690738754696E-16" modifiers="s14" targetLineIndex="-1,1" type="CATALYSIS"/>
</celldesigner:listOfModification>
</annotation>
<listOfReactants>
<speciesReference species="s1">
<annotation>
<celldesigner:alias>a1</celldesigner:alias>
</annotation>
</speciesReference>
<speciesReference species="s8">
<annotation>
<celldesigner:alias>a8</celldesigner:alias>
</annotation>
</speciesReference>
</listOfReactants>
<listOfProducts>
<speciesReference species="s3">
<annotation>
<celldesigner:alias>a3</celldesigner:alias>
</annotation>
</speciesReference>
<speciesReference species="s9">
<annotation>
<celldesigner:alias>a9</celldesigner:alias>
</annotation>
</speciesReference>
</listOfProducts>
<listOfModifiers>
<modifierSpeciesReference species="s14">
<annotation>
<celldesigner:alias>a19</celldesigner:alias>
</annotation>
</modifierSpeciesReference>
</listOfModifiers>
</reaction>
<reaction id="r2" reversible="false">
<annotation>
<celldesigner:reactionType>STATE_TRANSITION</celldesigner:reactionType>
<celldesigner:baseReactants>s4</celldesigner:baseReactants>
<celldesigner:baseProducts>s5</celldesigner:baseProducts>
<celldesigner:listOfReactantLinks>
<celldesigner:reactantLink alias="a13" reactant="s10" targetLineIndex="-1,1"/>
</celldesigner:listOfReactantLinks>
<celldesigner:listOfProductLinks>
<celldesigner:productLink alias="a14" product="s11" targetLineIndex="-1,1"/>
</celldesigner:listOfProductLinks>
<celldesigner:editPoints>0.3333333333333335,-4.440892098500626E-16 0.666666666666667,-4.440892098500626E-16</celldesigner:editPoints>
<celldesigner:listOfModification>
<celldesigner:modification aliases="a21" editPoints="0.3333333333333335,-7.549516567451064E-15 0.6666666666666665,-1.4210854715202004E-14" modifiers="s16" targetLineIndex="-1,1" type="CATALYSIS"/>
</celldesigner:listOfModification>
</annotation>
<listOfReactants>
<speciesReference species="s4">
<annotation>
<celldesigner:alias>a4</celldesigner:alias>
</annotation>
</speciesReference>
<speciesReference species="s10">
<annotation>
<celldesigner:alias>a13</celldesigner:alias>
</annotation>
</speciesReference>
</listOfReactants>
<listOfProducts>
<speciesReference species="s5">
<annotation>
<celldesigner:alias>a5</celldesigner:alias>
</annotation>
</speciesReference>
<speciesReference species="s11">
<annotation>
<celldesigner:alias>a14</celldesigner:alias>
</annotation>
</speciesReference>
</listOfProducts>
<listOfModifiers>
<modifierSpeciesReference species="s16">
<annotation>
<celldesigner:alias>a21</celldesigner:alias>
</annotation>
</modifierSpeciesReference>
</listOfModifiers>
</reaction>
<reaction id="r3" reversible="false">
<annotation>
<celldesigner:reactionType>STATE_TRANSITION</celldesigner:reactionType>
<celldesigner:baseReactants>s3</celldesigner:baseReactants>
<celldesigner:baseProducts>s4</celldesigner:baseProducts>
<celldesigner:listOfReactantLinks>
<celldesigner:reactantLink alias="a10" reactant="s10" targetLineIndex="-1,1"/>
</celldesigner:listOfReactantLinks>
<celldesigner:listOfProductLinks>
<celldesigner:productLink alias="a11" product="s11" targetLineIndex="-1,1"/>
<celldesigner:productLink alias="a12" product="s12" targetLineIndex="-1,1"/>
</celldesigner:listOfProductLinks>
<celldesigner:editPoints>0.33333333333333326,0.0 0.6666666666666667,0.0</celldesigner:editPoints>
<celldesigner:listOfModification>
<celldesigner:modification aliases="a20" editPoints="0.3333333333333335,-4.440892098500626E-16 0.6666666666666674,-6.661338147750939E-16" modifiers="s15" targetLineIndex="-1,1" type="CATALYSIS"/>
</celldesigner:listOfModification>
</annotation>
<listOfReactants>
<speciesReference species="s3">
<annotation>
<celldesigner:alias>a3</celldesigner:alias>
</annotation>
</speciesReference>
<speciesReference species="s10">
<annotation>
<celldesigner:alias>a10</celldesigner:alias>
</annotation>
</speciesReference>
</listOfReactants>
<listOfProducts>
<speciesReference species="s4">
<annotation>
<celldesigner:alias>a4</celldesigner:alias>
</annotation>
</speciesReference>
<speciesReference species="s11">
<annotation>
<celldesigner:alias>a11</celldesigner:alias>
</annotation>
</speciesReference>
<speciesReference species="s12">
<annotation>
<celldesigner:alias>a12</celldesigner:alias>
</annotation>
</speciesReference>
</listOfProducts>
<listOfModifiers>
<modifierSpeciesReference species="s15">
<annotation>
<celldesigner:alias>a20</celldesigner:alias>
</annotation>
</modifierSpeciesReference>
</listOfModifiers>
</reaction>
<reaction id="r4" reversible="false">
<annotation>
<celldesigner:reactionType>STATE_TRANSITION</celldesigner:reactionType>
<celldesigner:baseReactants>s5</celldesigner:baseReactants>
<celldesigner:baseProducts>s6</celldesigner:baseProducts>
<celldesigner:listOfReactantLinks>
<celldesigner:reactantLink alias="a15" reactant="s8" targetLineIndex="-1,1"/>
</celldesigner:listOfReactantLinks>
<celldesigner:listOfProductLinks>
<celldesigner:productLink alias="a16" product="s9" targetLineIndex="-1,1"/>
</celldesigner:listOfProductLinks>
<celldesigner:editPoints>0.33333333333333304,0.0 0.666666666666667,0.0</celldesigner:editPoints>
<celldesigner:listOfModification>
<celldesigner:modification aliases="a22" editPoints="0.3333333333333335,-8.881784197001252E-16 0.6666666666666665,-1.7763568394002505E-15" modifiers="s17" targetLineIndex="-1,1" type="CATALYSIS"/>
</celldesigner:listOfModification>
</annotation>
<listOfReactants>
<speciesReference species="s5">
<annotation>
<celldesigner:alias>a5</celldesigner:alias>
</annotation>
</speciesReference>
<speciesReference species="s8">
<annotation>
<celldesigner:alias>a15</celldesigner:alias>
</annotation>
</speciesReference>
</listOfReactants>
<listOfProducts>
<speciesReference species="s6">
<annotation>
<celldesigner:alias>a6</celldesigner:alias>
</annotation>
</speciesReference>
<speciesReference species="s9">
<annotation>
<celldesigner:alias>a16</celldesigner:alias>
</annotation>
</speciesReference>
</listOfProducts>
<listOfModifiers>
<modifierSpeciesReference species="s17">
<annotation>
<celldesigner:alias>a22</celldesigner:alias>
</annotation>
</modifierSpeciesReference>
</listOfModifiers>
</reaction>
<reaction id="r5" reversible="false">
<annotation>
<celldesigner:reactionType>STATE_TRANSITION</celldesigner:reactionType>
<celldesigner:baseReactants>s6</celldesigner:baseReactants>
<celldesigner:baseProducts>s7</celldesigner:baseProducts>
<celldesigner:listOfReactantLinks>
<celldesigner:reactantLink alias="a17" reactant="s13" targetLineIndex="-1,1"/>
</celldesigner:listOfReactantLinks>
<celldesigner:listOfProductLinks>
<celldesigner:productLink alias="a18" product="s12" targetLineIndex="-1,1"/>
</celldesigner:listOfProductLinks>
<celldesigner:editPoints>0.3333333333333339,-4.440892098500626E-16 0.666666666666667,-8.881784197001252E-16</celldesigner:editPoints>
<celldesigner:listOfModification>
<celldesigner:modification aliases="a23" editPoints="0.33333333333333304,-8.881784197001252E-16 0.6666666666666661,-8.881784197001252E-16" modifiers="s18" targetLineIndex="-1,1" type="CATALYSIS"/>
</celldesigner:listOfModification>
</annotation>
<listOfReactants>
<speciesReference species="s6">
<annotation>
<celldesigner:alias>a6</celldesigner:alias>
</annotation>
</speciesReference>
<speciesReference species="s13">
<annotation>
<celldesigner:alias>a17</celldesigner:alias>
</annotation>
</speciesReference>
</listOfReactants>
<listOfProducts>
<speciesReference species="s7">
<annotation>
<celldesigner:alias>a7</celldesigner:alias>
</annotation>
</speciesReference>
<speciesReference species="s12">
<annotation>
<celldesigner:alias>a18</celldesigner:alias>
</annotation>
</speciesReference>
</listOfProducts>
<listOfModifiers>
<modifierSpeciesReference species="s18">
<annotation>
<celldesigner:alias>a23</celldesigner:alias>
</annotation>
</modifierSpeciesReference>
</listOfModifiers>
</reaction>
</listOfReactions>
</model>
</sbml>
