<?xml version="1.0" encoding="UTF-8"?>
<!-- Terms and Conditions -->
<!-- 
Copyright (C)) 2005 Applied Biosystems.  
This file may be copied and redistributed freely, without advance permission, 
provided that this Copyright statement is reproduced with each copy.  
 
LIMITATION OF WARRANTY 
NOTHING IN THIS AGREEMENT WILL BE CONSTRUED AS A REPRESENTATION MADE OR 
WARRANTY GIVEN BY APPLIED BIOSYSTEMS OR ANY THIRD PARTY THAT THE USE OF 
DATA PROVIDED HEREUNDER WILL NOT INFRINGE ANY PATENT, COPYRIGHT, TRADEMARK 
OR OTHER RIGHTS OF ANY THIRD PARTY. DATA IS PROVIDED "AS IS" WITHOUT 
WARRANTY OF ANY KIND WHATSOEVER, EXPRESS OR IMPLIED, INCLUDING IMPLIED 
WARRANTIES OF MERCHANTABILITY OR FITNESS FOR A PARTICULAR PURPOSE. APPLIED 
BIOSYSTEMS MAKES NO WARRANTY THAT ITS DATA DOES NOT CONTAIN ERRORS.
-->

<!-- Created by SBML API 2.0(a17.0) -->
<sbml level="1" version="2" xmlns="http://www.sbml.org/sbml/level1" xmlns:celldesigner="http://www.sbml.org/2001/ns/celldesigner">
<model name="Ubiquitin_space_proteasome_space_pathway">
<notes>
<html xmlns="http://www.w3.org/1999/xhtml">
<!--Notes by CellDesigner-->
<body>
<![CDATA[
Various proteins are covalently modified on lysine side chain residues with the 76 amino acid peptide ubiquitin.  This can lead to targeting for degradation by the proteasome machinery or can merely be the basis for regulatory control such as activation of receptor endocytosis. 
Medline=14685250
Medline=14723977
Medline=14744430 
]]>
</body>
</html>
</notes>
<annotation>
<celldesigner:modelVersion>2.2</celldesigner:modelVersion>
<celldesigner:modelDisplay sizeX="1000" sizeY="600"/>
<celldesigner:listOfCompartmentAliases>
<celldesigner:compartmentAlias compartment="c1" id="ca1">
<celldesigner:class>SQUARE_CLOSEUP_NORTH</celldesigner:class>
<celldesigner:point x="235.0" y="100.0"/>
<celldesigner:doubleLine innerWidth="1.0" outerWidth="2.0" thickness="12.0"/>
<celldesigner:paint color="ffcccc00" scheme="Color"/>
</celldesigner:compartmentAlias>
</celldesigner:listOfCompartmentAliases>
<celldesigner:listOfSpeciesAliases>
<celldesigner:speciesAlias compartmentAlias="ca1" id="a1" species="s1">
<celldesigner:activity>inactive</celldesigner:activity>
<celldesigner:bounds h="54.0" w="90.0" x="56.0" y="122.0"/>
<celldesigner:singleLine width="1.0"/>
<celldesigner:paint color="ffccffcc" scheme="Color"/>
</celldesigner:speciesAlias>
<celldesigner:speciesAlias compartmentAlias="ca1" id="a2" species="s2">
<celldesigner:activity>inactive</celldesigner:activity>
<celldesigner:bounds h="54.0" w="90.0" x="336.0" y="471.0"/>
<celldesigner:singleLine width="1.0"/>
<celldesigner:paint color="ffccffcc" scheme="Color"/>
</celldesigner:speciesAlias>
<celldesigner:speciesAlias compartmentAlias="ca1" id="a3" species="s3">
<celldesigner:activity>inactive</celldesigner:activity>
<celldesigner:bounds h="54.0" w="90.0" x="404.0" y="119.0"/>
<celldesigner:singleLine width="1.0"/>
<celldesigner:paint color="ffccffcc" scheme="Color"/>
</celldesigner:speciesAlias>
<celldesigner:speciesAlias compartmentAlias="ca1" id="a4" species="s4">
<celldesigner:activity>inactive</celldesigner:activity>
<celldesigner:bounds h="54.0" w="90.0" x="278.0" y="188.0"/>
<celldesigner:singleLine width="1.0"/>
<celldesigner:paint color="ffccffcc" scheme="Color"/>
</celldesigner:speciesAlias>
<celldesigner:speciesAlias compartmentAlias="ca1" id="a7" species="s7">
<celldesigner:activity>inactive</celldesigner:activity>
<celldesigner:listOfInnerAliases>
<celldesigner:innerAlias heterodimerEntry="inner0">
<celldesigner:activity>inactive</celldesigner:activity>
<celldesigner:bounds h="54.0" w="90.0" x="676.0" y="446.0"/>
<celldesigner:singleLine width="1.0"/>
<celldesigner:paint color="ffccffcc" scheme="Color"/>
</celldesigner:innerAlias>
<celldesigner:innerAlias heterodimerEntry="inner1">
<celldesigner:activity>inactive</celldesigner:activity>
<celldesigner:bounds h="54.0" w="90.0" x="586.0" y="480.41176470588175"/>
<celldesigner:singleLine width="1.0"/>
<celldesigner:paint color="ffccffcc" scheme="Color"/>
</celldesigner:innerAlias>
</celldesigner:listOfInnerAliases>
</celldesigner:speciesAlias>
<celldesigner:speciesAlias compartmentAlias="ca1" id="a8" species="s8">
<celldesigner:activity>inactive</celldesigner:activity>
<celldesigner:bounds h="22.0" w="72.0" x="16.0" y="202.0"/>
<celldesigner:singleLine width="1.0"/>
<celldesigner:paint color="ffccff66" scheme="Color"/>
</celldesigner:speciesAlias>
<celldesigner:speciesAlias compartmentAlias="ca1" id="a12" species="s10">
<celldesigner:activity>inactive</celldesigner:activity>
<celldesigner:bounds h="22.0" w="72.0" x="123.0" y="183.0"/>
<celldesigner:singleLine width="1.0"/>
<celldesigner:paint color="ffccff66" scheme="Color"/>
</celldesigner:speciesAlias>
<celldesigner:speciesAlias compartmentAlias="ca1" id="a13" species="s11">
<celldesigner:activity>inactive</celldesigner:activity>
<celldesigner:bounds h="22.0" w="72.0" x="145.0" y="236.0"/>
<celldesigner:singleLine width="1.0"/>
<celldesigner:paint color="ffccff66" scheme="Color"/>
</celldesigner:speciesAlias>
<celldesigner:speciesAlias compartmentAlias="ca1" id="a17" species="s12">
<celldesigner:activity>inactive</celldesigner:activity>
<celldesigner:bounds h="54.0" w="90.0" x="58.25" y="475.4187500000011"/>
<celldesigner:singleLine width="1.0"/>
<celldesigner:paint color="ffccffcc" scheme="Color"/>
</celldesigner:speciesAlias>
<celldesigner:speciesAlias compartmentAlias="ca1" id="a18" species="s13">
<celldesigner:activity>inactive</celldesigner:activity>
<celldesigner:bounds h="22.0" w="72.0" x="138.0" y="428.0"/>
<celldesigner:singleLine width="1.0"/>
<celldesigner:paint color="ffccff66" scheme="Color"/>
</celldesigner:speciesAlias>
<celldesigner:speciesAlias compartmentAlias="ca1" id="a19" species="s14">
<celldesigner:activity>inactive</celldesigner:activity>
<celldesigner:bounds h="54.0" w="90.0" x="334.5" y="309.0"/>
<celldesigner:singleLine width="1.0"/>
<celldesigner:paint color="ffccffcc" scheme="Color"/>
</celldesigner:speciesAlias>
<celldesigner:speciesAlias compartmentAlias="ca1" id="a11" species="s9">
<celldesigner:activity>active</celldesigner:activity>
<celldesigner:listOfInnerAliases>
<celldesigner:innerAlias heterodimerEntry="inner0">
<celldesigner:activity>inactive</celldesigner:activity>
<celldesigner:bounds h="22.0" w="72.0" x="105.0" y="275.0"/>
<celldesigner:singleLine width="1.0"/>
<celldesigner:paint color="ffccff66" scheme="Color"/>
</celldesigner:innerAlias>
<celldesigner:innerAlias heterodimerEntry="inner1">
<celldesigner:activity>inactive</celldesigner:activity>
<celldesigner:bounds h="54.0" w="90.0" x="30.0" y="286.2250000000015"/>
<celldesigner:singleLine width="1.0"/>
<celldesigner:paint color="ffccffcc" scheme="Color"/>
</celldesigner:innerAlias>
</celldesigner:listOfInnerAliases>
</celldesigner:speciesAlias>
<celldesigner:speciesAlias compartmentAlias="ca1" id="a22" species="s15">
<celldesigner:activity>inactive</celldesigner:activity>
<celldesigner:bounds h="54.0" w="90.0" x="533.0" y="187.0"/>
<celldesigner:singleLine width="1.0"/>
<celldesigner:paint color="ffccffcc" scheme="Color"/>
</celldesigner:speciesAlias>
<celldesigner:speciesAlias compartmentAlias="ca1" id="a23" species="s2">
<celldesigner:activity>inactive</celldesigner:activity>
<celldesigner:bounds h="54.0" w="90.0" x="464.0" y="306.0"/>
<celldesigner:singleLine width="1.0"/>
<celldesigner:paint color="ffccffcc" scheme="Color"/>
</celldesigner:speciesAlias>
<celldesigner:speciesAlias compartmentAlias="ca1" id="a24" species="s15">
<celldesigner:activity>inactive</celldesigner:activity>
<celldesigner:bounds h="54.0" w="90.0" x="598.5" y="368.0"/>
<celldesigner:singleLine width="1.0"/>
<celldesigner:paint color="ffccffcc" scheme="Color"/>
</celldesigner:speciesAlias>
<celldesigner:speciesAlias compartmentAlias="ca1" id="a26" species="s10">
<celldesigner:activity>inactive</celldesigner:activity>
<celldesigner:bounds h="22.0" w="72.0" x="696.0" y="323.5"/>
<celldesigner:singleLine width="1.0"/>
<celldesigner:paint color="ffccff66" scheme="Color"/>
</celldesigner:speciesAlias>
<celldesigner:speciesAlias compartmentAlias="ca1" id="a27" species="s17">
<celldesigner:activity>inactive</celldesigner:activity>
<celldesigner:bounds h="30.0" w="30.0" x="916.5" y="378.0"/>
<celldesigner:singleLine width="1.0"/>
<celldesigner:paint color="ffffcccc" scheme="Color"/>
</celldesigner:speciesAlias>
<celldesigner:speciesAlias compartmentAlias="ca1" id="a30" species="s20">
<celldesigner:activity>inactive</celldesigner:activity>
<celldesigner:bounds h="25.0" w="25.0" x="869.5" y="353.5"/>
<celldesigner:singleLine width="1.0"/>
<celldesigner:paint color="ff9999ff" scheme="Color"/>
</celldesigner:speciesAlias>
<celldesigner:speciesAlias compartmentAlias="ca1" id="a31" species="s21">
<celldesigner:activity>inactive</celldesigner:activity>
<celldesigner:bounds h="22.0" w="72.0" x="878.0" y="324.0"/>
<celldesigner:singleLine width="1.0"/>
<celldesigner:paint color="ffccff66" scheme="Color"/>
</celldesigner:speciesAlias>
<celldesigner:speciesAlias compartmentAlias="ca1" id="a32" species="s8">
<celldesigner:activity>inactive</celldesigner:activity>
<celldesigner:bounds h="22.0" w="72.0" x="829.0" y="289.0"/>
<celldesigner:singleLine width="1.0"/>
<celldesigner:paint color="ffccff66" scheme="Color"/>
</celldesigner:speciesAlias>
<celldesigner:speciesAlias compartmentAlias="ca1" id="a33" species="s1">
<celldesigner:activity>inactive</celldesigner:activity>
<celldesigner:bounds h="54.0" w="90.0" x="170.0" y="336.0"/>
<celldesigner:singleLine width="1.0"/>
<celldesigner:paint color="ffccffcc" scheme="Color"/>
</celldesigner:speciesAlias>
</celldesigner:listOfSpeciesAliases>
<celldesigner:listOfGroups/>
<celldesigner:listOfProteins>
<celldesigner:protein id="p3" name="E3" type="GENERIC"/>
<celldesigner:protein id="p1" name="E1" type="GENERIC">
<celldesigner:listOfModificationResidues>
<celldesigner:modificationResidue angle="6.28" id="rs1" name="SH" side="outside"/>
</celldesigner:listOfModificationResidues>
</celldesigner:protein>
<celldesigner:protein id="p2" name="E2" type="GENERIC">
<celldesigner:listOfModificationResidues>
<celldesigner:modificationResidue angle="3.11" id="rs1" name="SH" side="outside"/>
</celldesigner:listOfModificationResidues>
</celldesigner:protein>
<celldesigner:protein id="p6" name="26S proteasome" type="GENERIC"/>
<celldesigner:protein id="p5" name="19S proteasome" type="GENERIC"/>
<celldesigner:protein id="p4" name="Protein target" type="GENERIC">
<celldesigner:listOfModificationResidues>
<celldesigner:modificationResidue angle="0.30587887140485215" id="rs1" name="Lysine"/>
</celldesigner:listOfModificationResidues>
</celldesigner:protein>
</celldesigner:listOfProteins>
<celldesigner:listOfBlockDiagrams/>
</annotation>
<listOfCompartments>
<compartment name="default" volume="1.0"/>
<compartment name="c1" outside="default" volume="1.0">
<annotation>
<celldesigner:name>cytosol</celldesigner:name>
</annotation>
</compartment>
</listOfCompartments>
<listOfSpecies>
<species compartment="c1" initialAmount="0.0" name="s3">
<notes>
<html xmlns="http://www.w3.org/1999/xhtml">
<!--Notes by CellDesigner-->
<body>
Long Name:  Ubiquitin protein ligase E3
Synonym:  E6AP
Accession:  P01490
</body>
</html>
</notes>
<annotation>
<celldesigner:positionToCompartment>inside</celldesigner:positionToCompartment>
<celldesigner:speciesIdentity>
<celldesigner:class>PROTEIN</celldesigner:class>
<celldesigner:proteinReference>p3</celldesigner:proteinReference>
</celldesigner:speciesIdentity>
<celldesigner:listOfCatalyzedReactions>
<celldesigner:catalyzed reaction="r12"/>
</celldesigner:listOfCatalyzedReactions>
</annotation>
</species>
<species compartment="c1" initialAmount="0.0" name="s8">
<notes>
<html xmlns="http://www.w3.org/1999/xhtml">
<!--Notes by CellDesigner-->
<body>
Long Name:  ubiquitin
Synonym:  Synonym not specified
Accession:  S01886
</body>
</html>
</notes>
<annotation>
<celldesigner:positionToCompartment>inside</celldesigner:positionToCompartment>
<celldesigner:speciesIdentity>
<celldesigner:class>SIMPLE_MOLECULE</celldesigner:class>
<celldesigner:name>ubiquitin</celldesigner:name>
</celldesigner:speciesIdentity>
</annotation>
</species>
<species compartment="c1" initialAmount="0.0" name="s10">
<notes>
<html xmlns="http://www.w3.org/1999/xhtml">
<!--Notes by CellDesigner-->
<body>
Long Name:  ATP
Synonym:  Synonym not specified
Accession:  S01887
</body>
</html>
</notes>
<annotation>
<celldesigner:positionToCompartment>inside</celldesigner:positionToCompartment>
<celldesigner:speciesIdentity>
<celldesigner:class>SIMPLE_MOLECULE</celldesigner:class>
<celldesigner:name>ATP</celldesigner:name>
</celldesigner:speciesIdentity>
</annotation>
</species>
<species compartment="c1" initialAmount="0.0" name="s1">
<notes>
<html xmlns="http://www.w3.org/1999/xhtml">
<!--Notes by CellDesigner-->
<body>
Long Name:  Ubiquitin activating enzyme E1
Synonym:  Synonym not specified
Accession:  P01492
</body>
</html>
</notes>
<annotation>
<celldesigner:positionToCompartment>inside</celldesigner:positionToCompartment>
<celldesigner:speciesIdentity>
<celldesigner:class>PROTEIN</celldesigner:class>
<celldesigner:proteinReference>p1</celldesigner:proteinReference>
</celldesigner:speciesIdentity>
</annotation>
</species>
<species compartment="c1" initialAmount="0.0" name="s12">
<notes>
<html xmlns="http://www.w3.org/1999/xhtml">
<!--Notes by CellDesigner-->
<body>
Long Name:  Ubiquitin activating enzyme E1
Synonym:  Synonym not specified
Accession:  P01492
</body>
</html>
</notes>
<annotation>
<celldesigner:positionToCompartment>inside</celldesigner:positionToCompartment>
<celldesigner:speciesIdentity>
<celldesigner:class>PROTEIN</celldesigner:class>
<celldesigner:proteinReference>p1</celldesigner:proteinReference>
<celldesigner:state>
<celldesigner:listOfModifications>
<celldesigner:modification residue="rs1" state="ubiquitinated"/>
</celldesigner:listOfModifications>
</celldesigner:state>
</celldesigner:speciesIdentity>
</annotation>
</species>
<species compartment="c1" initialAmount="0.0" name="s13">
<notes>
<html xmlns="http://www.w3.org/1999/xhtml">
<!--Notes by CellDesigner-->
<body>
Long Name:  AMP
Synonym:  Synonym not specified
Accession:  S01888
</body>
</html>
</notes>
<annotation>
<celldesigner:positionToCompartment>inside</celldesigner:positionToCompartment>
<celldesigner:speciesIdentity>
<celldesigner:class>SIMPLE_MOLECULE</celldesigner:class>
<celldesigner:name>AMP</celldesigner:name>
</celldesigner:speciesIdentity>
</annotation>
</species>
<species compartment="c1" initialAmount="0.0" name="s2">
<notes>
<html xmlns="http://www.w3.org/1999/xhtml">
<!--Notes by CellDesigner-->
<body>
Long Name:  Ubiquitin-conjugating enzyme E2
Synonym:  Synonym not specified
Accession:  P01491
</body>
</html>
</notes>
<annotation>
<celldesigner:positionToCompartment>inside</celldesigner:positionToCompartment>
<celldesigner:speciesIdentity>
<celldesigner:class>PROTEIN</celldesigner:class>
<celldesigner:proteinReference>p2</celldesigner:proteinReference>
</celldesigner:speciesIdentity>
</annotation>
</species>
<species compartment="c1" initialAmount="0.0" name="s14">
<notes>
<html xmlns="http://www.w3.org/1999/xhtml">
<!--Notes by CellDesigner-->
<body>
Long Name:  Ubiquitin-conjugating enzyme E2
Synonym:  Synonym not specified
Accession:  P01491
</body>
</html>
</notes>
<annotation>
<celldesigner:positionToCompartment>inside</celldesigner:positionToCompartment>
<celldesigner:speciesIdentity>
<celldesigner:class>PROTEIN</celldesigner:class>
<celldesigner:proteinReference>p2</celldesigner:proteinReference>
<celldesigner:state>
<celldesigner:listOfModifications>
<celldesigner:modification residue="rs1" state="ubiquitinated"/>
</celldesigner:listOfModifications>
</celldesigner:state>
</celldesigner:speciesIdentity>
</annotation>
</species>
<species compartment="c1" initialAmount="0.0" name="s9">
<notes>
<html xmlns="http://www.w3.org/1999/xhtml">
<!--Notes by CellDesigner-->
<body>
Long Name:  Long Name:  Long name not specified
Synonym:  Synonym not specified
Accession:  U05702
Heterodimer Member Info:  ubiquitin#SIMPLE_MOLECULE#ubiquitin#S01886##;E1#PROTEIN#Ubiquitin activating enzyme E1#P01492##
</body>
</html>
</notes>
<annotation>
<celldesigner:positionToCompartment>inside</celldesigner:positionToCompartment>
<celldesigner:heterodimerIdentity>
<celldesigner:listOfHeterodimerEntries>
<celldesigner:heterodimerEntry innerId="inner0" originalSpecies="unknown">
<celldesigner:class>SIMPLE_MOLECULE</celldesigner:class>
<celldesigner:name>ubiquitin</celldesigner:name>
</celldesigner:heterodimerEntry>
<celldesigner:heterodimerEntry innerId="inner1" originalSpecies="unknown">
<celldesigner:class>PROTEIN</celldesigner:class>
<celldesigner:proteinReference>p1</celldesigner:proteinReference>
</celldesigner:heterodimerEntry>
</celldesigner:listOfHeterodimerEntries>
</celldesigner:heterodimerIdentity>
</annotation>
</species>
<species compartment="c1" initialAmount="0.0" name="s7">
<notes>
<html xmlns="http://www.w3.org/1999/xhtml">
<!--Notes by CellDesigner-->
<body>
Long Name:  Long Name:  proteasome
Synonym:  Synonym not specified
Accession:  U05701
Heterodimer Member Info:  26S proteasome#PROTEIN#26S proteasome#P01489#Proteasome 26S ATPase subunit#;19S proteasome#PROTEIN#19S proteasome#P01494##
</body>
</html>
</notes>
<annotation>
<celldesigner:positionToCompartment>inside</celldesigner:positionToCompartment>
<celldesigner:heterodimerIdentity>
<celldesigner:listOfHeterodimerEntries>
<celldesigner:heterodimerEntry innerId="inner0" originalSpecies="unknown">
<celldesigner:class>PROTEIN</celldesigner:class>
<celldesigner:proteinReference>p6</celldesigner:proteinReference>
</celldesigner:heterodimerEntry>
<celldesigner:heterodimerEntry innerId="inner1" originalSpecies="unknown">
<celldesigner:class>PROTEIN</celldesigner:class>
<celldesigner:proteinReference>p5</celldesigner:proteinReference>
</celldesigner:heterodimerEntry>
</celldesigner:listOfHeterodimerEntries>
</celldesigner:heterodimerIdentity>
<celldesigner:listOfCatalyzedReactions>
<celldesigner:catalyzed reaction="r7"/>
</celldesigner:listOfCatalyzedReactions>
</annotation>
</species>
<species compartment="c1" initialAmount="0.0" name="s4">
<notes>
<html xmlns="http://www.w3.org/1999/xhtml">
<!--Notes by CellDesigner-->
<body>
Long Name:  Protein target
Synonym:  Synonym not specified
Accession:  P01493
</body>
</html>
</notes>
<annotation>
<celldesigner:positionToCompartment>inside</celldesigner:positionToCompartment>
<celldesigner:speciesIdentity>
<celldesigner:class>PROTEIN</celldesigner:class>
<celldesigner:proteinReference>p4</celldesigner:proteinReference>
</celldesigner:speciesIdentity>
</annotation>
</species>
<species compartment="c1" initialAmount="0.0" name="s15">
<notes>
<html xmlns="http://www.w3.org/1999/xhtml">
<!--Notes by CellDesigner-->
<body>
Long Name:  Protein target
Synonym:  Synonym not specified
Accession:  P01493
</body>
</html>
</notes>
<annotation>
<celldesigner:positionToCompartment>inside</celldesigner:positionToCompartment>
<celldesigner:speciesIdentity>
<celldesigner:class>PROTEIN</celldesigner:class>
<celldesigner:proteinReference>p4</celldesigner:proteinReference>
<celldesigner:state>
<celldesigner:listOfModifications>
<celldesigner:modification residue="rs1" state="ubiquitinated"/>
</celldesigner:listOfModifications>
</celldesigner:state>
</celldesigner:speciesIdentity>
</annotation>
</species>
<species compartment="c1" initialAmount="0.0" name="s17">
<notes>
<html xmlns="http://www.w3.org/1999/xhtml">
<!--Notes by CellDesigner-->
<body>
Long Name:  a24_degraded
Synonym:  Synonym not specified
Accession:  U02719
</body>
</html>
</notes>
<annotation>
<celldesigner:positionToCompartment>inside</celldesigner:positionToCompartment>
<celldesigner:speciesIdentity>
<celldesigner:class>DEGRADED</celldesigner:class>
<celldesigner:name>a24_degraded</celldesigner:name>
</celldesigner:speciesIdentity>
</annotation>
</species>
<species compartment="c1" initialAmount="0.0" name="s21">
<notes>
<html xmlns="http://www.w3.org/1999/xhtml">
<!--Notes by CellDesigner-->
<body>
Long Name:  ADP
Synonym:  Synonym not specified
Accession:  S01890
</body>
</html>
</notes>
<annotation>
<celldesigner:positionToCompartment>inside</celldesigner:positionToCompartment>
<celldesigner:speciesIdentity>
<celldesigner:class>SIMPLE_MOLECULE</celldesigner:class>
<celldesigner:name>ADP</celldesigner:name>
</celldesigner:speciesIdentity>
</annotation>
</species>
<species compartment="c1" initialAmount="0.0" name="s20">
<notes>
<html xmlns="http://www.w3.org/1999/xhtml">
<!--Notes by CellDesigner-->
<body>
Long Name:  Pi
Synonym:  Synonym not specified
Accession:  U02720
</body>
</html>
</notes>
<annotation>
<celldesigner:positionToCompartment>inside</celldesigner:positionToCompartment>
<celldesigner:speciesIdentity>
<celldesigner:class>ION</celldesigner:class>
<celldesigner:name>Pi</celldesigner:name>
</celldesigner:speciesIdentity>
</annotation>
</species>
<species compartment="c1" initialAmount="0.0" name="s11">
<notes>
<html xmlns="http://www.w3.org/1999/xhtml">
<!--Notes by CellDesigner-->
<body>
Long Name:  PPi
Synonym:  Synonym not specified
Accession:  S01889
</body>
</html>
</notes>
<annotation>
<celldesigner:positionToCompartment>inside</celldesigner:positionToCompartment>
<celldesigner:speciesIdentity>
<celldesigner:class>SIMPLE_MOLECULE</celldesigner:class>
<celldesigner:name>PPi</celldesigner:name>
</celldesigner:speciesIdentity>
</annotation>
</species>
</listOfSpecies>
<listOfReactions>
<reaction name="r7" reversible="false">
<annotation>
<celldesigner:reactionType>STATE_TRANSITION</celldesigner:reactionType>
<celldesigner:baseReactants>s15</celldesigner:baseReactants>
<celldesigner:baseProducts>s17</celldesigner:baseProducts>
<celldesigner:listOfReactantLinks>
<celldesigner:reactantLink alias="a26" reactant="s10" targetLineIndex="-1,1"/>
</celldesigner:listOfReactantLinks>
<celldesigner:listOfProductLinks>
<celldesigner:productLink alias="a30" product="s20" targetLineIndex="-1,1"/>
<celldesigner:productLink alias="a31" product="s21" targetLineIndex="-1,2"/>
<celldesigner:productLink alias="a32" product="s8" targetLineIndex="-1,1"/>
</celldesigner:listOfProductLinks>
<celldesigner:editPoints>0.33333333333333215,0.0 0.6666666666666661,0.0</celldesigner:editPoints>
<celldesigner:listOfModification>
<celldesigner:modification aliases="a7" editPoints="0.33333333333333304,0.0 0.666666666666667,8.881784197001252E-16" modifiers="s7" targetLineIndex="-1,1" type="CATALYSIS"/>
</celldesigner:listOfModification>
</annotation>
<listOfReactants>
<speciesReference species="s15">
<annotation>
<celldesigner:alias>a24</celldesigner:alias>
</annotation>
</speciesReference>
<speciesReference species="s10">
<annotation>
<celldesigner:alias>a26</celldesigner:alias>
</annotation>
</speciesReference>
</listOfReactants>
<listOfProducts>
<speciesReference species="s17">
<annotation>
<celldesigner:alias>a27</celldesigner:alias>
</annotation>
</speciesReference>
<speciesReference species="s20">
<annotation>
<celldesigner:alias>a30</celldesigner:alias>
</annotation>
</speciesReference>
<speciesReference species="s21">
<annotation>
<celldesigner:alias>a31</celldesigner:alias>
</annotation>
</speciesReference>
<speciesReference species="s8">
<annotation>
<celldesigner:alias>a32</celldesigner:alias>
</annotation>
</speciesReference>
</listOfProducts>
</reaction>
<reaction name="r8" reversible="false">
<annotation>
<celldesigner:reactionType>TRANSPORT</celldesigner:reactionType>
<celldesigner:baseReactants>s15</celldesigner:baseReactants>
<celldesigner:baseProducts>s15</celldesigner:baseProducts>
<celldesigner:editPoints>0.33333333333333326,0.0 0.6666666666666667,-4.440892098500626E-16</celldesigner:editPoints>
</annotation>
<listOfReactants>
<speciesReference species="s15">
<annotation>
<celldesigner:alias>a22</celldesigner:alias>
</annotation>
</speciesReference>
</listOfReactants>
<listOfProducts>
<speciesReference species="s15">
<annotation>
<celldesigner:alias>a24</celldesigner:alias>
</annotation>
</speciesReference>
</listOfProducts>
</reaction>
<reaction name="r9" reversible="false">
<annotation>
<celldesigner:reactionType>STATE_TRANSITION</celldesigner:reactionType>
<celldesigner:baseReactants>s1</celldesigner:baseReactants>
<celldesigner:baseProducts>s9</celldesigner:baseProducts>
<celldesigner:listOfReactantLinks>
<celldesigner:reactantLink alias="a12" reactant="s10" targetLineIndex="-1,1"/>
<celldesigner:reactantLink alias="a8" reactant="s8" targetLineIndex="-1,0"/>
</celldesigner:listOfReactantLinks>
<celldesigner:listOfProductLinks>
<celldesigner:productLink alias="a13" product="s11" targetLineIndex="-1,1"/>
</celldesigner:listOfProductLinks>
<celldesigner:editPoints>0.33333333333333326,-5.551115123125783E-17 0.6666666666666667,-5.551115123125783E-17</celldesigner:editPoints>
</annotation>
<listOfReactants>
<speciesReference species="s1">
<annotation>
<celldesigner:alias>a1</celldesigner:alias>
</annotation>
</speciesReference>
<speciesReference species="s10">
<annotation>
<celldesigner:alias>a12</celldesigner:alias>
</annotation>
</speciesReference>
<speciesReference species="s8">
<annotation>
<celldesigner:alias>a8</celldesigner:alias>
</annotation>
</speciesReference>
</listOfReactants>
<listOfProducts>
<speciesReference species="s9">
<annotation>
<celldesigner:alias>a11</celldesigner:alias>
</annotation>
</speciesReference>
<speciesReference species="s11">
<annotation>
<celldesigner:alias>a13</celldesigner:alias>
</annotation>
</speciesReference>
</listOfProducts>
</reaction>
<reaction name="r10" reversible="false">
<annotation>
<celldesigner:reactionType>STATE_TRANSITION</celldesigner:reactionType>
<celldesigner:baseReactants>s9</celldesigner:baseReactants>
<celldesigner:baseProducts>s12</celldesigner:baseProducts>
<celldesigner:listOfProductLinks>
<celldesigner:productLink alias="a18" product="s13" targetLineIndex="-1,1"/>
</celldesigner:listOfProductLinks>
<celldesigner:editPoints>0.33333333333333304,0.0 0.6666666666666665,-1.1102230246251565E-16</celldesigner:editPoints>
</annotation>
<listOfReactants>
<speciesReference species="s9">
<annotation>
<celldesigner:alias>a11</celldesigner:alias>
</annotation>
</speciesReference>
</listOfReactants>
<listOfProducts>
<speciesReference species="s12">
<annotation>
<celldesigner:alias>a17</celldesigner:alias>
</annotation>
</speciesReference>
<speciesReference species="s13">
<annotation>
<celldesigner:alias>a18</celldesigner:alias>
</annotation>
</speciesReference>
</listOfProducts>
</reaction>
<reaction name="r11" reversible="false">
<annotation>
<celldesigner:reactionType>STATE_TRANSITION</celldesigner:reactionType>
<celldesigner:baseReactants>s2</celldesigner:baseReactants>
<celldesigner:baseProducts>s14</celldesigner:baseProducts>
<celldesigner:listOfReactantLinks>
<celldesigner:reactantLink alias="a17" reactant="s12" targetLineIndex="-1,0"/>
</celldesigner:listOfReactantLinks>
<celldesigner:listOfProductLinks>
<celldesigner:productLink alias="a33" product="s1" targetLineIndex="-1,1"/>
</celldesigner:listOfProductLinks>
<celldesigner:editPoints>0.3333333333333339,0.0 0.6666666666666665,0.0</celldesigner:editPoints>
</annotation>
<listOfReactants>
<speciesReference species="s2">
<annotation>
<celldesigner:alias>a2</celldesigner:alias>
</annotation>
</speciesReference>
<speciesReference species="s12">
<annotation>
<celldesigner:alias>a17</celldesigner:alias>
</annotation>
</speciesReference>
</listOfReactants>
<listOfProducts>
<speciesReference species="s14">
<annotation>
<celldesigner:alias>a19</celldesigner:alias>
</annotation>
</speciesReference>
<speciesReference species="s1">
<annotation>
<celldesigner:alias>a33</celldesigner:alias>
</annotation>
</speciesReference>
</listOfProducts>
</reaction>
<reaction name="r12" reversible="false">
<annotation>
<celldesigner:reactionType>STATE_TRANSITION</celldesigner:reactionType>
<celldesigner:baseReactants>s4</celldesigner:baseReactants>
<celldesigner:baseProducts>s15</celldesigner:baseProducts>
<celldesigner:listOfReactantLinks>
<celldesigner:reactantLink alias="a19" reactant="s14" targetLineIndex="-1,1"/>
</celldesigner:listOfReactantLinks>
<celldesigner:listOfProductLinks>
<celldesigner:productLink alias="a23" product="s2" targetLineIndex="-1,1"/>
</celldesigner:listOfProductLinks>
<celldesigner:editPoints>0.33333333333333326,2.9976021664879227E-15 0.6666666666666665,6.217248937900877E-15</celldesigner:editPoints>
<celldesigner:listOfModification>
<celldesigner:modification aliases="a3" editPoints="0.3333333333333339,-8.881784197001252E-16 0.6666666666666674,-8.881784197001252E-16" modifiers="s3" targetLineIndex="-1,1" type="CATALYSIS"/>
</celldesigner:listOfModification>
</annotation>
<listOfReactants>
<speciesReference species="s4">
<annotation>
<celldesigner:alias>a4</celldesigner:alias>
</annotation>
</speciesReference>
<speciesReference species="s14">
<annotation>
<celldesigner:alias>a19</celldesigner:alias>
</annotation>
</speciesReference>
</listOfReactants>
<listOfProducts>
<speciesReference species="s15">
<annotation>
<celldesigner:alias>a22</celldesigner:alias>
</annotation>
</speciesReference>
<speciesReference species="s2">
<annotation>
<celldesigner:alias>a23</celldesigner:alias>
</annotation>
</speciesReference>
</listOfProducts>
</reaction>
</listOfReactions>
</model>
</sbml>
