<?xml version="1.0" encoding="UTF-8"?>
<!-- Terms and Conditions -->
<!-- 
Copyright (C)) 2005 Applied Biosystems.  
This file may be copied and redistributed freely, without advance permission, 
provided that this Copyright statement is reproduced with each copy.  
 
LIMITATION OF WARRANTY 
NOTHING IN THIS AGREEMENT WILL BE CONSTRUED AS A REPRESENTATION MADE OR 
WARRANTY GIVEN BY APPLIED BIOSYSTEMS OR ANY THIRD PARTY THAT THE USE OF 
DATA PROVIDED HEREUNDER WILL NOT INFRINGE ANY PATENT, COPYRIGHT, TRADEMARK 
OR OTHER RIGHTS OF ANY THIRD PARTY. DATA IS PROVIDED "AS IS" WITHOUT 
WARRANTY OF ANY KIND WHATSOEVER, EXPRESS OR IMPLIED, INCLUDING IMPLIED 
WARRANTIES OF MERCHANTABILITY OR FITNESS FOR A PARTICULAR PURPOSE. APPLIED 
BIOSYSTEMS MAKES NO WARRANTY THAT ITS DATA DOES NOT CONTAIN ERRORS.
-->

<!-- Created by SBML API 2.0(a17.0) -->
<sbml level="2" version="1" xmlns="http://www.sbml.org/sbml/level2" xmlns:celldesigner="http://www.sbml.org/2001/ns/celldesigner">
<model id="Vitamin_space_D_space_metabolism_space_and_space_pathway">
<notes>
<html xmlns="http://www.w3.org/1999/xhtml">
<!--Notes by CellDesigner-->
<body>
<![CDATA[
Diagram of metabolism and activity of Vitamin D
free text=Chapters 2,3,4,5,6,8,13,14
]]>
</body>
</html>
</notes>
<annotation>
<celldesigner:modelVersion>2.3</celldesigner:modelVersion>
<celldesigner:modelDisplay sizeX="1200" sizeY="1600"/>
<celldesigner:listOfCompartmentAliases>
<celldesigner:compartmentAlias compartment="c2" id="ca2">
<celldesigner:class>SQUARE</celldesigner:class>
<celldesigner:bounds h="361.0" w="629.0" x="282.0" y="1134.0"/>
<celldesigner:doubleLine innerWidth="1.0" outerWidth="2.0" thickness="12.0"/>
<celldesigner:paint color="ff9999ff" scheme="Gradation"/>
</celldesigner:compartmentAlias>
<celldesigner:compartmentAlias compartment="c3" id="ca3">
<celldesigner:class>SQUARE</celldesigner:class>
<celldesigner:bounds h="1013.0" w="1138.0" x="47.0" y="547.0"/>
<celldesigner:doubleLine innerWidth="1.0" outerWidth="2.0" thickness="12.0"/>
<celldesigner:paint color="ffcccc00" scheme="Color"/>
</celldesigner:compartmentAlias>
<celldesigner:compartmentAlias compartment="c4" id="ca4">
<celldesigner:class>SQUARE</celldesigner:class>
<celldesigner:bounds h="313.0" w="567.0" x="525.0" y="728.0"/>
<celldesigner:doubleLine innerWidth="1.0" outerWidth="2.0" thickness="12.0"/>
<celldesigner:paint color="ffff9933" scheme="Gradation"/>
</celldesigner:compartmentAlias>
<celldesigner:compartmentAlias compartment="c5" id="ca5">
<celldesigner:class>SQUARE</celldesigner:class>
<celldesigner:bounds h="82.0" w="1109.0" x="45.0" y="44.0"/>
<celldesigner:doubleLine innerWidth="1.0" outerWidth="2.0" thickness="12.0"/>
<celldesigner:paint color="ffffcccc" scheme="Color"/>
</celldesigner:compartmentAlias>
<celldesigner:compartmentAlias compartment="c6" id="ca6">
<celldesigner:class>OVAL</celldesigner:class>
<celldesigner:bounds h="221.0" w="492.0" x="648.0" y="184.0"/>
<celldesigner:doubleLine innerWidth="1.0" outerWidth="2.0" thickness="12.0"/>
<celldesigner:paint color="ff990000" scheme="Color"/>
</celldesigner:compartmentAlias>
<celldesigner:compartmentAlias compartment="c7" id="ca7">
<celldesigner:class>OVAL</celldesigner:class>
<celldesigner:bounds h="361.0" w="217.0" x="362.0" y="127.0"/>
<celldesigner:doubleLine innerWidth="1.0" outerWidth="2.0" thickness="12.0"/>
<celldesigner:paint color="ffff0000" scheme="Color"/>
</celldesigner:compartmentAlias>
</celldesigner:listOfCompartmentAliases>
<celldesigner:listOfSpeciesAliases>
<celldesigner:speciesAlias id="a1" species="s1">
<celldesigner:activity>inactive</celldesigner:activity>
<celldesigner:bounds h="36.0" w="132.0" x="550.0" y="474.5"/>
<celldesigner:singleLine width="1.0"/>
<celldesigner:paint color="ffff9999" scheme="Color"/>
</celldesigner:speciesAlias>
<celldesigner:speciesAlias id="a2" species="s2">
<celldesigner:activity>inactive</celldesigner:activity>
<celldesigner:bounds h="33.0" w="139.0" x="134.0" y="477.5"/>
<celldesigner:singleLine width="3.0"/>
<celldesigner:paint color="ffccff66" scheme="Color"/>
</celldesigner:speciesAlias>
<celldesigner:speciesAlias compartmentAlias="ca3" id="a3" species="s3">
<celldesigner:activity>inactive</celldesigner:activity>
<celldesigner:bounds h="33.0" w="139.0" x="140.0" y="785.0"/>
<celldesigner:singleLine width="3.0"/>
<celldesigner:paint color="ffccff66" scheme="Color"/>
</celldesigner:speciesAlias>
<celldesigner:speciesAlias compartmentAlias="ca3" id="a4" species="s20">
<celldesigner:activity>inactive</celldesigner:activity>
<celldesigner:bounds h="36.0" w="132.0" x="552.5" y="636.5"/>
<celldesigner:singleLine width="1.0"/>
<celldesigner:paint color="ffff9999" scheme="Color"/>
</celldesigner:speciesAlias>
<celldesigner:speciesAlias compartmentAlias="ca4" id="a5" species="s5">
<celldesigner:activity>inactive</celldesigner:activity>
<celldesigner:bounds h="36.0" w="132.0" x="554.5" y="752.5"/>
<celldesigner:singleLine width="1.0"/>
<celldesigner:paint color="ffff9999" scheme="Color"/>
</celldesigner:speciesAlias>
<celldesigner:speciesAlias compartmentAlias="ca4" id="a7" species="s7">
<celldesigner:activity>inactive</celldesigner:activity>
<celldesigner:bounds h="33.0" w="139.0" x="551.5" y="869.5"/>
<celldesigner:singleLine width="3.0"/>
<celldesigner:paint color="ffccff66" scheme="Color"/>
</celldesigner:speciesAlias>
<celldesigner:speciesAlias compartmentAlias="ca4" id="a8" species="s8">
<celldesigner:activity>inactive</celldesigner:activity>
<celldesigner:bounds h="31.0" w="147.0" x="549.0" y="986.5"/>
<celldesigner:singleLine width="1.0"/>
<celldesigner:paint color="ffcccccc" scheme="Color"/>
</celldesigner:speciesAlias>
<celldesigner:speciesAlias compartmentAlias="ca4" id="a9" species="s9">
<celldesigner:activity>active</celldesigner:activity>
<celldesigner:bounds h="40.0" w="80.0" x="655.0" y="811.0"/>
<celldesigner:singleLine width="1.0"/>
<celldesigner:paint color="ffccffcc" scheme="Color"/>
</celldesigner:speciesAlias>
<celldesigner:speciesAlias compartmentAlias="ca4" id="a10" species="s10">
<celldesigner:activity>inactive</celldesigner:activity>
<celldesigner:bounds h="40.0" w="80.0" x="659.0" y="929.0"/>
<celldesigner:singleLine width="1.0"/>
<celldesigner:paint color="ff33ffff" scheme="Color"/>
</celldesigner:speciesAlias>
<celldesigner:speciesAlias compartmentAlias="ca4" id="a11" species="s11">
<celldesigner:activity>inactive</celldesigner:activity>
<celldesigner:bounds h="25.0" w="25.0" x="560.5" y="789.5"/>
<celldesigner:singleLine width="1.0"/>
<celldesigner:paint color="ff9999ff" scheme="Color"/>
</celldesigner:speciesAlias>
<celldesigner:speciesAlias compartmentAlias="ca4" id="a12" species="s12">
<celldesigner:activity>inactive</celldesigner:activity>
<celldesigner:bounds h="25.0" w="25.0" x="559.5" y="833.5"/>
<celldesigner:singleLine width="1.0"/>
<celldesigner:paint color="ff9999ff" scheme="Color"/>
</celldesigner:speciesAlias>
<celldesigner:speciesAlias compartmentAlias="ca4" id="a13" species="s11">
<celldesigner:activity>inactive</celldesigner:activity>
<celldesigner:bounds h="25.0" w="25.0" x="562.5" y="907.5"/>
<celldesigner:singleLine width="1.0"/>
<celldesigner:paint color="ff9999ff" scheme="Color"/>
</celldesigner:speciesAlias>
<celldesigner:speciesAlias compartmentAlias="ca4" id="a14" species="s12">
<celldesigner:activity>inactive</celldesigner:activity>
<celldesigner:bounds h="25.0" w="25.0" x="556.5" y="952.5"/>
<celldesigner:singleLine width="1.0"/>
<celldesigner:paint color="ff9999ff" scheme="Color"/>
</celldesigner:speciesAlias>
<celldesigner:speciesAlias compartmentAlias="ca4" id="a15" species="s9">
<celldesigner:activity>inactive</celldesigner:activity>
<celldesigner:bounds h="40.0" w="80.0" x="786.0" y="811.0"/>
<celldesigner:singleLine width="1.0"/>
<celldesigner:paint color="ffccffcc" scheme="Color"/>
</celldesigner:speciesAlias>
<celldesigner:speciesAlias compartmentAlias="ca4" id="a16" species="s10">
<celldesigner:activity>inactive</celldesigner:activity>
<celldesigner:bounds h="40.0" w="80.0" x="802.0" y="930.0"/>
<celldesigner:singleLine width="1.0"/>
<celldesigner:paint color="ff33ffff" scheme="Color"/>
</celldesigner:speciesAlias>
<celldesigner:speciesAlias compartmentAlias="ca4" id="a17" species="s15">
<celldesigner:activity>active</celldesigner:activity>
<celldesigner:bounds h="31.0" w="54.0" x="898.0" y="878.0"/>
<celldesigner:singleLine width="1.0"/>
<celldesigner:paint color="ffff6633" scheme="Color"/>
</celldesigner:speciesAlias>
<celldesigner:speciesAlias compartmentAlias="ca4" id="a18" species="s16">
<celldesigner:activity>inactive</celldesigner:activity>
<celldesigner:bounds h="35.0" w="57.0" x="953.0" y="809.0"/>
<celldesigner:singleLine width="1.0"/>
<celldesigner:paint color="ff993300" scheme="Color"/>
</celldesigner:speciesAlias>
<celldesigner:speciesAlias compartmentAlias="ca4" id="a19" species="s15">
<celldesigner:activity>inactive</celldesigner:activity>
<celldesigner:bounds h="31.0" w="54.0" x="1008.0" y="877.0"/>
<celldesigner:singleLine width="1.0"/>
<celldesigner:paint color="ffff6633" scheme="Color"/>
</celldesigner:speciesAlias>
<celldesigner:speciesAlias compartmentAlias="ca4" id="a20" species="s18">
<celldesigner:activity>inactive</celldesigner:activity>
<celldesigner:bounds h="43.0" w="76.0" x="985.5" y="919.5"/>
<celldesigner:singleLine width="1.0"/>
<celldesigner:paint color="ffffff33" scheme="Color"/>
</celldesigner:speciesAlias>
<celldesigner:speciesAlias compartmentAlias="ca4" id="a21" species="s19">
<celldesigner:activity>inactive</celldesigner:activity>
<celldesigner:bounds h="44.0" w="57.0" x="932.5" y="924.5"/>
<celldesigner:singleLine width="1.0"/>
<celldesigner:paint color="ffffff33" scheme="Color"/>
</celldesigner:speciesAlias>
<celldesigner:speciesAlias compartmentAlias="ca3" id="a23" species="s21">
<celldesigner:activity>inactive</celldesigner:activity>
<celldesigner:bounds h="50.0" w="80.0" x="308.0" y="898.0"/>
<celldesigner:singleLine width="1.0"/>
<celldesigner:paint color="ffffffcc" scheme="Color"/>
</celldesigner:speciesAlias>
<celldesigner:speciesAlias compartmentAlias="ca3" id="a27" species="s23">
<celldesigner:activity>active</celldesigner:activity>
<celldesigner:listOfInnerAliases>
<celldesigner:innerAlias heterodimerEntry="inner0">
<celldesigner:activity>inactive</celldesigner:activity>
<celldesigner:bounds h="33.0" w="139.0" x="152.625" y="1047.296348314608"/>
<celldesigner:singleLine width="3.0"/>
<celldesigner:paint color="ffccff66" scheme="Color"/>
</celldesigner:innerAlias>
<celldesigner:innerAlias heterodimerEntry="inner1">
<celldesigner:activity>inactive</celldesigner:activity>
<celldesigner:bounds h="50.0" w="80.0" x="176.62435619805663" y="1071.796348314608"/>
<celldesigner:singleLine width="1.0"/>
<celldesigner:paint color="ffffffcc" scheme="Color"/>
</celldesigner:innerAlias>
</celldesigner:listOfInnerAliases>
</celldesigner:speciesAlias>
<celldesigner:speciesAlias compartmentAlias="ca2" id="a28" species="s24">
<celldesigner:activity>active</celldesigner:activity>
<celldesigner:listOfInnerAliases>
<celldesigner:innerAlias heterodimerEntry="inner0">
<celldesigner:activity>inactive</celldesigner:activity>
<celldesigner:bounds h="33.0" w="139.0" x="367.5" y="1209.25"/>
<celldesigner:singleLine width="3.0"/>
<celldesigner:paint color="ffccff66" scheme="Color"/>
</celldesigner:innerAlias>
<celldesigner:innerAlias heterodimerEntry="inner1">
<celldesigner:activity>inactive</celldesigner:activity>
<celldesigner:bounds h="50.0" w="80.0" x="391.4993561980566" y="1233.75"/>
<celldesigner:singleLine width="1.0"/>
<celldesigner:paint color="ffffffcc" scheme="Color"/>
</celldesigner:innerAlias>
</celldesigner:listOfInnerAliases>
</celldesigner:speciesAlias>
<celldesigner:speciesAlias compartmentAlias="ca2" id="a29" species="s25">
<celldesigner:activity>inactive</celldesigner:activity>
<celldesigner:bounds h="50.0" w="80.0" x="529.0" y="1156.0"/>
<celldesigner:singleLine width="1.0"/>
<celldesigner:paint color="ffff33ff" scheme="Color"/>
</celldesigner:speciesAlias>
<celldesigner:speciesAlias compartmentAlias="ca2" id="a33" species="s27">
<celldesigner:activity>inactive</celldesigner:activity>
<celldesigner:bounds h="24.0" w="120.0" x="756.0" y="1339.0"/>
<celldesigner:singleLine width="1.0"/>
<celldesigner:paint color="ffcc99ff" scheme="Color"/>
</celldesigner:speciesAlias>
<celldesigner:speciesAlias compartmentAlias="ca2" id="a34" species="s28">
<celldesigner:activity>inactive</celldesigner:activity>
<celldesigner:bounds h="24.0" w="121.0" x="762.0" y="1413.0"/>
<celldesigner:singleLine width="1.0"/>
<celldesigner:paint color="ffcc99ff" scheme="Color"/>
</celldesigner:speciesAlias>
<celldesigner:speciesAlias compartmentAlias="ca2" id="a35" species="s29">
<celldesigner:activity>inactive</celldesigner:activity>
<celldesigner:bounds h="27.0" w="101.0" x="710.0" y="1262.5"/>
<celldesigner:singleLine width="1.0"/>
<celldesigner:paint color="ffffff66" scheme="Color"/>
</celldesigner:speciesAlias>
<celldesigner:speciesAlias compartmentAlias="ca2" id="a39" species="s33">
<celldesigner:activity>active</celldesigner:activity>
<celldesigner:listOfInnerAliases>
<celldesigner:innerAlias heterodimerEntry="inner0">
<celldesigner:activity>inactive</celldesigner:activity>
<celldesigner:bounds h="50.0" w="80.0" x="519.0" y="1364.0"/>
<celldesigner:singleLine width="1.0"/>
<celldesigner:paint color="ffff33ff" scheme="Color"/>
</celldesigner:innerAlias>
<celldesigner:innerAlias heterodimerEntry="inner1">
<celldesigner:activity>inactive</celldesigner:activity>
<celldesigner:bounds h="50.0" w="80.0" x="439.0" y="1365.4211521555171"/>
<celldesigner:singleLine width="1.0"/>
<celldesigner:paint color="ffffffcc" scheme="Color"/>
</celldesigner:innerAlias>
<celldesigner:innerAlias heterodimerEntry="inner2">
<celldesigner:activity>inactive</celldesigner:activity>
<celldesigner:bounds h="33.0" w="139.0" x="415.5716656270676" y="1336.2105760777586"/>
<celldesigner:singleLine width="3.0"/>
<celldesigner:paint color="ffccff66" scheme="Color"/>
</celldesigner:innerAlias>
</celldesigner:listOfInnerAliases>
</celldesigner:speciesAlias>
<celldesigner:speciesAlias compartmentAlias="ca2" id="a40" species="s34">
<celldesigner:activity>inactive</celldesigner:activity>
<celldesigner:bounds h="38.0" w="77.0" x="644.0" y="1373.5"/>
<celldesigner:singleLine width="1.0"/>
<celldesigner:paint color="ffffff66" scheme="Color"/>
</celldesigner:speciesAlias>
<celldesigner:speciesAlias compartmentAlias="ca5" id="a41" species="s35">
<celldesigner:activity>inactive</celldesigner:activity>
<celldesigner:bounds h="30.0" w="95.0" x="411.0" y="69.5"/>
<celldesigner:singleLine width="1.0"/>
<celldesigner:paint color="ffccff66" scheme="Color"/>
</celldesigner:speciesAlias>
<celldesigner:speciesAlias compartmentAlias="ca5" id="a42" species="s36">
<celldesigner:activity>inactive</celldesigner:activity>
<celldesigner:bounds h="25.0" w="70.0" x="697.0" y="70.5"/>
<celldesigner:singleLine width="1.0"/>
<celldesigner:paint color="ffccff66" scheme="Color"/>
</celldesigner:speciesAlias>
<celldesigner:speciesAlias id="a43" species="s37">
<celldesigner:activity>inactive</celldesigner:activity>
<celldesigner:bounds h="31.0" w="92.0" x="555.0" y="3.0"/>
<celldesigner:singleLine width="1.0"/>
<celldesigner:paint color="ffcc99ff" scheme="Color"/>
</celldesigner:speciesAlias>
<celldesigner:speciesAlias compartmentAlias="ca6" id="a44" species="s38">
<celldesigner:activity>inactive</celldesigner:activity>
<celldesigner:bounds h="25.0" w="70.0" x="734.0" y="226.5"/>
<celldesigner:singleLine width="1.0"/>
<celldesigner:paint color="ffccff66" scheme="Color"/>
</celldesigner:speciesAlias>
<celldesigner:speciesAlias compartmentAlias="ca6" id="a45" species="s39">
<celldesigner:activity>inactive</celldesigner:activity>
<celldesigner:bounds h="36.0" w="132.0" x="706.0" y="316.0"/>
<celldesigner:singleLine width="1.0"/>
<celldesigner:paint color="ffff9999" scheme="Color"/>
</celldesigner:speciesAlias>
<celldesigner:speciesAlias compartmentAlias="ca7" id="a46" species="s40">
<celldesigner:activity>inactive</celldesigner:activity>
<celldesigner:bounds h="36.0" w="132.0" x="414.0" y="196.0"/>
<celldesigner:singleLine width="1.0"/>
<celldesigner:paint color="ffff9999" scheme="Color"/>
</celldesigner:speciesAlias>
<celldesigner:speciesAlias compartmentAlias="ca7" id="a47" species="s41">
<celldesigner:activity>inactive</celldesigner:activity>
<celldesigner:bounds h="33.0" w="139.0" x="412.5" y="371.5"/>
<celldesigner:singleLine width="3.0"/>
<celldesigner:paint color="ffccff66" scheme="Color"/>
</celldesigner:speciesAlias>
<celldesigner:speciesAlias compartmentAlias="ca7" id="a48" species="s42">
<celldesigner:activity>inactive</celldesigner:activity>
<celldesigner:bounds h="42.0" w="92.0" x="377.52011291460826" y="289.52011291460826"/>
<celldesigner:singleLine width="1.0"/>
<celldesigner:paint color="ffccffcc" scheme="Color"/>
</celldesigner:speciesAlias>
<celldesigner:speciesAlias compartmentAlias="ca6" id="a49" species="s43">
<celldesigner:activity>inactive</celldesigner:activity>
<celldesigner:bounds h="39.0" w="97.0" x="903.0" y="304.0"/>
<celldesigner:singleLine width="1.0"/>
<celldesigner:paint color="ffccffcc" scheme="Color"/>
</celldesigner:speciesAlias>
<celldesigner:speciesAlias compartmentAlias="ca6" id="a50" species="s44">
<celldesigner:activity>inactive</celldesigner:activity>
<celldesigner:bounds h="25.0" w="25.0" x="702.0201129146083" y="258.87685250529285"/>
<celldesigner:singleLine width="1.0"/>
<celldesigner:paint color="ff9999ff" scheme="Color"/>
</celldesigner:speciesAlias>
<celldesigner:speciesAlias compartmentAlias="ca6" id="a51" species="s45">
<celldesigner:activity>inactive</celldesigner:activity>
<celldesigner:bounds h="25.0" w="25.0" x="708.0201129146083" y="291.87685250529285"/>
<celldesigner:singleLine width="1.0"/>
<celldesigner:paint color="ff9999ff" scheme="Color"/>
</celldesigner:speciesAlias>
<celldesigner:speciesAlias compartmentAlias="ca6" id="a52" species="s46">
<celldesigner:activity>inactive</celldesigner:activity>
<celldesigner:bounds h="44.0" w="57.0" x="845.0201129146083" y="308.37685250529285"/>
<celldesigner:singleLine width="1.0"/>
<celldesigner:paint color="ffffff33" scheme="Color"/>
</celldesigner:speciesAlias>
<celldesigner:speciesAlias compartmentAlias="ca6" id="a53" species="s47">
<celldesigner:activity>inactive</celldesigner:activity>
<celldesigner:bounds h="43.0" w="76.0" x="824.5201129146083" y="207.87685250529285"/>
<celldesigner:singleLine width="1.0"/>
<celldesigner:paint color="ffffff33" scheme="Color"/>
</celldesigner:speciesAlias>
<celldesigner:speciesAlias compartmentAlias="ca6" id="a54" species="s48">
<celldesigner:activity>inactive</celldesigner:activity>
<celldesigner:bounds h="40.0" w="80.0" x="910.0" y="241.0"/>
<celldesigner:singleLine width="1.0"/>
<celldesigner:paint color="ffccffcc" scheme="Color"/>
</celldesigner:speciesAlias>
<celldesigner:speciesAlias id="a55" species="s49">
<celldesigner:activity>inactive</celldesigner:activity>
<celldesigner:bounds h="29.0" w="119.0" x="203.0" y="287.0"/>
<celldesigner:singleLine width="1.0"/>
<celldesigner:paint color="ffccffcc" scheme="Color"/>
</celldesigner:speciesAlias>
<celldesigner:speciesAlias id="a63" species="s55">
<celldesigner:activity>inactive</celldesigner:activity>
<celldesigner:listOfInnerAliases>
<celldesigner:innerAlias heterodimerEntry="inner0">
<celldesigner:activity>inactive</celldesigner:activity>
<celldesigner:bounds h="29.0" w="119.0" x="148.57142857142935" y="357.875"/>
<celldesigner:singleLine width="1.0"/>
<celldesigner:paint color="ffccffcc" scheme="Color"/>
</celldesigner:innerAlias>
<celldesigner:innerAlias heterodimerEntry="inner1">
<celldesigner:activity>inactive</celldesigner:activity>
<celldesigner:bounds h="33.0" w="139.0" x="135.32705389848263" y="386.875"/>
<celldesigner:singleLine width="3.0"/>
<celldesigner:paint color="ffccff66" scheme="Color"/>
</celldesigner:innerAlias>
</celldesigner:listOfInnerAliases>
</celldesigner:speciesAlias>
</celldesigner:listOfSpeciesAliases>
<celldesigner:listOfGroups/>
<celldesigner:listOfProteins>
<celldesigner:protein id="p5" name="VDR" type="RECEPTOR">
<celldesigner:notes>
<html xmlns="http://www.w3.org/1999/xhtml">
<!--Notes by CellDesigner-->
<body>
Vitamin D Receptor
</body>
</html>
</celldesigner:notes>
</celldesigner:protein>
<celldesigner:protein id="p6" name="RXR" type="RECEPTOR">
<celldesigner:notes>
<html xmlns="http://www.w3.org/1999/xhtml">
<!--Notes by CellDesigner-->
<body>
Retinoid X Receptor
</body>
</html>
</celldesigner:notes>
</celldesigner:protein>
<celldesigner:protein id="p3" name="FDX" type="GENERIC">
<celldesigner:notes>
<html xmlns="http://www.w3.org/1999/xhtml">
<!--Notes by CellDesigner-->
<body>
Ferridoxin
</body>
</html>
</celldesigner:notes>
</celldesigner:protein>
<celldesigner:protein id="p4" name="FdxR" type="GENERIC">
<celldesigner:notes>
<html xmlns="http://www.w3.org/1999/xhtml">
<!--Notes by CellDesigner-->
<body>
Ferridoxin Reductase
</body>
</html>
</celldesigner:notes>
</celldesigner:protein>
<celldesigner:protein id="p2" name="24-Hydroxylase" type="GENERIC">
<celldesigner:notes>
<html xmlns="http://www.w3.org/1999/xhtml">
<!--Notes by CellDesigner-->
<body>
Vitamin D 24-hydroxylase
</body>
</html>
</celldesigner:notes>
</celldesigner:protein>
<celldesigner:protein id="p1" name="1_alpha_-Hydroxylase" type="GENERIC">
<celldesigner:notes>
<html xmlns="http://www.w3.org/1999/xhtml">
<!--Notes by CellDesigner-->
<body>
Vitamin D 1_alpha_-hydroxylase
</body>
</html>
</celldesigner:notes>
</celldesigner:protein>
<celldesigner:protein id="p7" name="25-Hydroxylase" type="GENERIC"/>
<celldesigner:protein id="p9" name="DBP" type="GENERIC"/>
<celldesigner:protein id="p8" name="P450_br_reductase" type="GENERIC"/>
</celldesigner:listOfProteins>
<celldesigner:listOfBlockDiagrams/>
</annotation>
<listOfCompartments>
<compartment id="default"/>
<compartment id="c2" name="Nucleus" outside="c3">
<annotation>
<celldesigner:name>Nucleus</celldesigner:name>
</annotation>
</compartment>
<compartment id="c3" name="Cell" outside="default">
<annotation>
<celldesigner:name>Cell</celldesigner:name>
</annotation>
</compartment>
<compartment id="c4" name="Mitochondrion" outside="c3">
<annotation>
<celldesigner:name>Mitochondrion</celldesigner:name>
</annotation>
</compartment>
<compartment id="c5" name="Skin" outside="default">
<annotation>
<celldesigner:name>Skin</celldesigner:name>
</annotation>
</compartment>
<compartment id="c6" name="Liver" outside="default">
<annotation>
<celldesigner:name>Liver</celldesigner:name>
</annotation>
</compartment>
<compartment id="c7" name="Kidney" outside="default">
<annotation>
<celldesigner:name>Kidney</celldesigner:name>
</annotation>
</compartment>
</listOfCompartments>
<listOfSpecies>
<species compartment="default" id="s2" name="1,25-dihydroxyvitamin D">
<notes>
<html xmlns="http://www.w3.org/1999/xhtml">
<!--Notes by CellDesigner-->
<body>
Long Name:  1,25-dihydroxyvitamin D
Synonym:  Synonym not specified
Accession:  S04864
</body>
</html>
</notes>
<annotation>
<celldesigner:positionToCompartment>inside</celldesigner:positionToCompartment>
<celldesigner:speciesIdentity>
<celldesigner:class>SIMPLE_MOLECULE</celldesigner:class>
<celldesigner:name>1,25-dihydroxyvitamin D</celldesigner:name>
</celldesigner:speciesIdentity>
</annotation>
</species>
<species compartment="c4" id="s7" name="1,25-dihydroxyvitamin D">
<notes>
<html xmlns="http://www.w3.org/1999/xhtml">
<!--Notes by CellDesigner-->
<body>
Long Name:  1,25-dihydroxyvitamin D
Synonym:  Synonym not specified
Accession:  S04864
</body>
</html>
</notes>
<annotation>
<celldesigner:positionToCompartment>inside</celldesigner:positionToCompartment>
<celldesigner:speciesIdentity>
<celldesigner:class>SIMPLE_MOLECULE</celldesigner:class>
<celldesigner:name>1,25-dihydroxyvitamin D</celldesigner:name>
</celldesigner:speciesIdentity>
</annotation>
</species>
<species compartment="c4" id="s11" name="O_sub_2">
<notes>
<html xmlns="http://www.w3.org/1999/xhtml">
<!--Notes by CellDesigner-->
<body>
Long Name:  O2
Synonym:  Synonym not specified
Accession:  U05599
</body>
</html>
</notes>
<annotation>
<celldesigner:positionToCompartment>inside</celldesigner:positionToCompartment>
<celldesigner:speciesIdentity>
<celldesigner:class>ION</celldesigner:class>
<celldesigner:name>O_sub_2</celldesigner:name>
</celldesigner:speciesIdentity>
</annotation>
</species>
<species compartment="c4" id="s12" name="H_sub_2O">
<notes>
<html xmlns="http://www.w3.org/1999/xhtml">
<!--Notes by CellDesigner-->
<body>
Long Name:  H2O
Synonym:  Synonym not specified
Accession:  U05602
</body>
</html>
</notes>
<annotation>
<celldesigner:positionToCompartment>inside</celldesigner:positionToCompartment>
<celldesigner:speciesIdentity>
<celldesigner:class>ION</celldesigner:class>
<celldesigner:name>H_sub_2O</celldesigner:name>
</celldesigner:speciesIdentity>
</annotation>
</species>
<species compartment="c4" id="s18" name="NADPH">
<notes>
<html xmlns="http://www.w3.org/1999/xhtml">
<!--Notes by CellDesigner-->
<body>
Long Name:  NADPH
Synonym:  Synonym not specified
Accession:  U05605
</body>
</html>
</notes>
<annotation>
<celldesigner:positionToCompartment>inside</celldesigner:positionToCompartment>
<celldesigner:speciesIdentity>
<celldesigner:class>ION</celldesigner:class>
<celldesigner:name>NADPH</celldesigner:name>
</celldesigner:speciesIdentity>
</annotation>
</species>
<species compartment="c4" id="s19" name="NADP+">
<notes>
<html xmlns="http://www.w3.org/1999/xhtml">
<!--Notes by CellDesigner-->
<body>
Long Name:  NADP+
Synonym:  Synonym not specified
Accession:  U05604
</body>
</html>
</notes>
<annotation>
<celldesigner:positionToCompartment>inside</celldesigner:positionToCompartment>
<celldesigner:speciesIdentity>
<celldesigner:class>ION</celldesigner:class>
<celldesigner:name>NADP+</celldesigner:name>
</celldesigner:speciesIdentity>
</annotation>
</species>
<species compartment="c3" id="s20" name="25-hydroxy-vitamin D">
<notes>
<html xmlns="http://www.w3.org/1999/xhtml">
<!--Notes by CellDesigner-->
<body>
Long Name:  25-hydroxy-vitamin D
Synonym:  Synonym not specified
Accession:  S04868
</body>
</html>
</notes>
<annotation>
<celldesigner:positionToCompartment>inside</celldesigner:positionToCompartment>
<celldesigner:speciesIdentity>
<celldesigner:class>SIMPLE_MOLECULE</celldesigner:class>
<celldesigner:name>25-hydroxy-vitamin D</celldesigner:name>
</celldesigner:speciesIdentity>
</annotation>
</species>
<species compartment="c3" id="s21" name="Vitamin D_br_Receptor">
<notes>
<html xmlns="http://www.w3.org/1999/xhtml">
<!--Notes by CellDesigner-->
<body>
Long Name:  Vitamin D Receptor
Synonym:  Synonym not specified
Accession:  P04606
</body>
</html>
</notes>
<annotation>
<celldesigner:positionToCompartment>inside</celldesigner:positionToCompartment>
<celldesigner:speciesIdentity>
<celldesigner:class>PROTEIN</celldesigner:class>
<celldesigner:proteinReference>p5</celldesigner:proteinReference>
</celldesigner:speciesIdentity>
</annotation>
</species>
<species compartment="c3" id="s23" name="Complex(1,25-dihydroxyvitamin D/Vitamin D_br_Receptor)">
<notes>
<html xmlns="http://www.w3.org/1999/xhtml">
<!--Notes by CellDesigner-->
<body>
Long Name:  Long name not specified
Synonym:  Synonym not specified
Accession:  U05595
Heterodimer Member Info:  1,25-dihydroxyvitamin D#SIMPLE_MOLECULE#1,25-dihydroxyvitamin D#S04864##;VDR#PROTEIN#Vitamin D Receptor#P04606##
</body>
</html>
</notes>
<annotation>
<celldesigner:positionToCompartment>inside</celldesigner:positionToCompartment>
<celldesigner:heterodimerIdentity>
<celldesigner:listOfHeterodimerEntries>
<celldesigner:heterodimerEntry innerId="inner0" originalSpecies="unknown">
<celldesigner:class>SIMPLE_MOLECULE</celldesigner:class>
<celldesigner:name>1,25-dihydroxyvitamin D</celldesigner:name>
</celldesigner:heterodimerEntry>
<celldesigner:heterodimerEntry innerId="inner1" originalSpecies="unknown">
<celldesigner:class>PROTEIN</celldesigner:class>
<celldesigner:proteinReference>p5</celldesigner:proteinReference>
</celldesigner:heterodimerEntry>
</celldesigner:listOfHeterodimerEntries>
</celldesigner:heterodimerIdentity>
</annotation>
</species>
<species compartment="c2" id="s24" name="Complex(1,25-dihydroxyvitamin D/Vitamin D_br_Receptor)">
<notes>
<html xmlns="http://www.w3.org/1999/xhtml">
<!--Notes by CellDesigner-->
<body>
Long Name:  Long name not specified
Synonym:  Synonym not specified
Accession:  U05597
Heterodimer Member Info:  1,25-dihydroxyvitamin D#SIMPLE_MOLECULE#1,25-dihydroxyvitamin D#S04864##;VDR#PROTEIN#Vitamin D Receptor#P04606##
</body>
</html>
</notes>
<annotation>
<celldesigner:positionToCompartment>inside</celldesigner:positionToCompartment>
<celldesigner:heterodimerIdentity>
<celldesigner:listOfHeterodimerEntries>
<celldesigner:heterodimerEntry innerId="inner0" originalSpecies="unknown">
<celldesigner:class>SIMPLE_MOLECULE</celldesigner:class>
<celldesigner:name>1,25-dihydroxyvitamin D</celldesigner:name>
</celldesigner:heterodimerEntry>
<celldesigner:heterodimerEntry innerId="inner1" originalSpecies="unknown">
<celldesigner:class>PROTEIN</celldesigner:class>
<celldesigner:proteinReference>p5</celldesigner:proteinReference>
</celldesigner:heterodimerEntry>
</celldesigner:listOfHeterodimerEntries>
</celldesigner:heterodimerIdentity>
</annotation>
</species>
<species compartment="c2" id="s25" name="Retinoid X_br_Receptor">
<notes>
<html xmlns="http://www.w3.org/1999/xhtml">
<!--Notes by CellDesigner-->
<body>
Long Name:  Retinoid X Receptor, Alpha
Synonym:  Synonym not specified
Accession:  P04602
</body>
</html>
</notes>
<annotation>
<celldesigner:positionToCompartment>inside</celldesigner:positionToCompartment>
<celldesigner:speciesIdentity>
<celldesigner:class>PROTEIN</celldesigner:class>
<celldesigner:proteinReference>p6</celldesigner:proteinReference>
</celldesigner:speciesIdentity>
</annotation>
</species>
<species compartment="c4" id="s15" name="Ferridoxin">
<notes>
<html xmlns="http://www.w3.org/1999/xhtml">
<!--Notes by CellDesigner-->
<body>
Long Name:  Ferredoxin
Synonym:  ADX,FDX
Accession:  P04607
</body>
</html>
</notes>
<annotation>
<celldesigner:positionToCompartment>inside</celldesigner:positionToCompartment>
<celldesigner:speciesIdentity>
<celldesigner:class>PROTEIN</celldesigner:class>
<celldesigner:proteinReference>p3</celldesigner:proteinReference>
</celldesigner:speciesIdentity>
<celldesigner:listOfCatalyzedReactions>
<celldesigner:catalyzed reaction="re7"/>
<celldesigner:catalyzed reaction="re8"/>
</celldesigner:listOfCatalyzedReactions>
</annotation>
</species>
<species compartment="c4" id="s16" name="Ferredoxin_br_Reductase">
<notes>
<html xmlns="http://www.w3.org/1999/xhtml">
<!--Notes by CellDesigner-->
<body>
Long Name:  Ferredoxin Reductase
Synonym:  ADXR,adrenodoxin reductase
Accession:  P04604
</body>
</html>
</notes>
<annotation>
<celldesigner:positionToCompartment>inside</celldesigner:positionToCompartment>
<celldesigner:speciesIdentity>
<celldesigner:class>PROTEIN</celldesigner:class>
<celldesigner:proteinReference>p4</celldesigner:proteinReference>
</celldesigner:speciesIdentity>
<celldesigner:listOfCatalyzedReactions>
<celldesigner:catalyzed reaction="re9"/>
</celldesigner:listOfCatalyzedReactions>
</annotation>
</species>
<species compartment="c4" id="s10" name="Vitamin D_br_24-hydroxylase">
<notes>
<html xmlns="http://www.w3.org/1999/xhtml">
<!--Notes by CellDesigner-->
<body>
Long Name:  Vitamin D 24-Hydroxylase
Synonym:  CP24,CYP24,CYP42A1,cytochrome P450 24A1
Accession:  P04608
</body>
</html>
</notes>
<annotation>
<celldesigner:positionToCompartment>inside</celldesigner:positionToCompartment>
<celldesigner:speciesIdentity>
<celldesigner:class>PROTEIN</celldesigner:class>
<celldesigner:proteinReference>p2</celldesigner:proteinReference>
</celldesigner:speciesIdentity>
<celldesigner:listOfCatalyzedReactions>
<celldesigner:catalyzed reaction="re6"/>
</celldesigner:listOfCatalyzedReactions>
</annotation>
</species>
<species compartment="c4" id="s9" name="Vitamin D_br_1_alpha_hydroxylase">
<notes>
<html xmlns="http://www.w3.org/1999/xhtml">
<!--Notes by CellDesigner-->
<body>
Long Name:  Vitamin D 1-alpha-hydroxylase
Synonym:  CYP1,CYP27B1,P450c1,VDDR
Accession:  P04603
</body>
</html>
</notes>
<annotation>
<celldesigner:positionToCompartment>inside</celldesigner:positionToCompartment>
<celldesigner:speciesIdentity>
<celldesigner:class>PROTEIN</celldesigner:class>
<celldesigner:proteinReference>p1</celldesigner:proteinReference>
</celldesigner:speciesIdentity>
<celldesigner:listOfCatalyzedReactions>
<celldesigner:catalyzed reaction="re5"/>
</celldesigner:listOfCatalyzedReactions>
</annotation>
</species>
<species compartment="c2" id="s28" name="Differentiation">
<notes>
<html xmlns="http://www.w3.org/1999/xhtml">
<!--Notes by CellDesigner-->
<body>
Long Name:  Differentiation
Synonym:  Synonym not specified
Accession:  U05600
</body>
</html>
</notes>
<annotation>
<celldesigner:positionToCompartment>inside</celldesigner:positionToCompartment>
<celldesigner:speciesIdentity>
<celldesigner:class>PHENOTYPE</celldesigner:class>
<celldesigner:name>Differentiation</celldesigner:name>
</celldesigner:speciesIdentity>
</annotation>
</species>
<species compartment="c2" id="s29" name="24-Hydroxylase">
<notes>
<html xmlns="http://www.w3.org/1999/xhtml">
<!--Notes by CellDesigner-->
<body>
Long Name:  24-Hydroxylase
Synonym:  CP24,CYP24,CYP42A1,cytochrome P450 24A1
Accession:  G04688
</body>
</html>
</notes>
<annotation>
<celldesigner:positionToCompartment>inside</celldesigner:positionToCompartment>
<celldesigner:speciesIdentity>
<celldesigner:class>GENE</celldesigner:class>
<celldesigner:name>24-Hydroxylase</celldesigner:name>
</celldesigner:speciesIdentity>
</annotation>
</species>
<species compartment="c2" id="s27" name="Growth Inhibition">
<notes>
<html xmlns="http://www.w3.org/1999/xhtml">
<!--Notes by CellDesigner-->
<body>
Long Name:  Growth Inhibition
Synonym:  Synonym not specified
Accession:  U05601
</body>
</html>
</notes>
<annotation>
<celldesigner:positionToCompartment>inside</celldesigner:positionToCompartment>
<celldesigner:speciesIdentity>
<celldesigner:class>PHENOTYPE</celldesigner:class>
<celldesigner:name>Growth Inhibition</celldesigner:name>
</celldesigner:speciesIdentity>
</annotation>
</species>
<species compartment="c2" id="s33" name="Complex(RXR/VDR/1,25-dihydroxyvitamin D)">
<notes>
<html xmlns="http://www.w3.org/1999/xhtml">
<!--Notes by CellDesigner-->
<body>
Long Name:  Long name not specified
Synonym:  Synonym not specified
Accession:  U05598
Heterodimer Member Info:  RXR#PROTEIN#Retinoid X Receptor, Alpha#P04602##;1,25-dihydroxyvitamin D#SIMPLE_MOLECULE#1,25-dihydroxyvitamin D#S04864##;VDR#PROTEIN#Vitamin D Receptor#P04606##
</body>
</html>
</notes>
<annotation>
<celldesigner:positionToCompartment>inside</celldesigner:positionToCompartment>
<celldesigner:heterodimerIdentity>
<celldesigner:listOfHeterodimerEntries>
<celldesigner:heterodimerEntry innerId="inner0" originalSpecies="unknown">
<celldesigner:class>PROTEIN</celldesigner:class>
<celldesigner:proteinReference>p6</celldesigner:proteinReference>
</celldesigner:heterodimerEntry>
<celldesigner:heterodimerEntry innerId="inner1" originalSpecies="unknown">
<celldesigner:class>PROTEIN</celldesigner:class>
<celldesigner:proteinReference>p5</celldesigner:proteinReference>
</celldesigner:heterodimerEntry>
<celldesigner:heterodimerEntry innerId="inner2" originalSpecies="unknown">
<celldesigner:class>SIMPLE_MOLECULE</celldesigner:class>
<celldesigner:name>1,25-dihydroxyvitamin D</celldesigner:name>
</celldesigner:heterodimerEntry>
</celldesigner:listOfHeterodimerEntries>
</celldesigner:heterodimerIdentity>
</annotation>
</species>
<species compartment="c4" id="s5" name="25-hydroxyvitamin D">
<notes>
<html xmlns="http://www.w3.org/1999/xhtml">
<!--Notes by CellDesigner-->
<body>
Long Name:  25-hydroxyvitamin D
Synonym:  Synonym not specified
Accession:  S04861
</body>
</html>
</notes>
<annotation>
<celldesigner:positionToCompartment>inside</celldesigner:positionToCompartment>
<celldesigner:speciesIdentity>
<celldesigner:class>SIMPLE_MOLECULE</celldesigner:class>
<celldesigner:name>25-hydroxyvitamin D</celldesigner:name>
</celldesigner:speciesIdentity>
</annotation>
</species>
<species compartment="default" id="s37" name="UV Irradiation">
<notes>
<html xmlns="http://www.w3.org/1999/xhtml">
<!--Notes by CellDesigner-->
<body>
Long Name:  UV Irradiation
Synonym:  Synonym not specified
Accession:  U05603
</body>
</html>
</notes>
<annotation>
<celldesigner:positionToCompartment>inside</celldesigner:positionToCompartment>
<celldesigner:speciesIdentity>
<celldesigner:class>PHENOTYPE</celldesigner:class>
<celldesigner:name>UV Irradiation</celldesigner:name>
</celldesigner:speciesIdentity>
<celldesigner:listOfCatalyzedReactions>
<celldesigner:catalyzed reaction="re21"/>
</celldesigner:listOfCatalyzedReactions>
</annotation>
</species>
<species compartment="c6" id="s38" name="Vitamin D3">
<notes>
<html xmlns="http://www.w3.org/1999/xhtml">
<!--Notes by CellDesigner-->
<body>
Long Name:  Vitamin D3
Synonym:  Synonym not specified
Accession:  S04867
</body>
</html>
</notes>
<annotation>
<celldesigner:positionToCompartment>inside</celldesigner:positionToCompartment>
<celldesigner:speciesIdentity>
<celldesigner:class>SIMPLE_MOLECULE</celldesigner:class>
<celldesigner:name>Vitamin D3</celldesigner:name>
</celldesigner:speciesIdentity>
</annotation>
</species>
<species compartment="c6" id="s39" name="25-hydroxy-vitamin D">
<notes>
<html xmlns="http://www.w3.org/1999/xhtml">
<!--Notes by CellDesigner-->
<body>
Long Name:  25-hydroxy-vitamin D
Synonym:  Synonym not specified
Accession:  S04868
</body>
</html>
</notes>
<annotation>
<celldesigner:positionToCompartment>inside</celldesigner:positionToCompartment>
<celldesigner:speciesIdentity>
<celldesigner:class>SIMPLE_MOLECULE</celldesigner:class>
<celldesigner:name>25-hydroxy-vitamin D</celldesigner:name>
</celldesigner:speciesIdentity>
</annotation>
</species>
<species compartment="c7" id="s40" name="25-hydroxy-vitamin D">
<notes>
<html xmlns="http://www.w3.org/1999/xhtml">
<!--Notes by CellDesigner-->
<body>
Long Name:  25-hydroxy-vitamin D
Synonym:  Synonym not specified
Accession:  S04868
</body>
</html>
</notes>
<annotation>
<celldesigner:positionToCompartment>inside</celldesigner:positionToCompartment>
<celldesigner:speciesIdentity>
<celldesigner:class>SIMPLE_MOLECULE</celldesigner:class>
<celldesigner:name>25-hydroxy-vitamin D</celldesigner:name>
</celldesigner:speciesIdentity>
</annotation>
</species>
<species compartment="c7" id="s41" name="1,25-dihydroxyvitamin D">
<notes>
<html xmlns="http://www.w3.org/1999/xhtml">
<!--Notes by CellDesigner-->
<body>
Long Name:  1,25-dihydroxyvitamin D
Synonym:  Synonym not specified
Accession:  S04864
</body>
</html>
</notes>
<annotation>
<celldesigner:positionToCompartment>inside</celldesigner:positionToCompartment>
<celldesigner:speciesIdentity>
<celldesigner:class>SIMPLE_MOLECULE</celldesigner:class>
<celldesigner:name>1,25-dihydroxyvitamin D</celldesigner:name>
</celldesigner:speciesIdentity>
</annotation>
</species>
<species compartment="c7" id="s42" name="1_alpha_-Hydroxylase">
<notes>
<html xmlns="http://www.w3.org/1999/xhtml">
<!--Notes by CellDesigner-->
<body>
Long Name:  Vitamin D 1-alpha-hydroxylase
Synonym:  CYP1,CYP27B1,P450c1,VDDR
Accession:  P04603
</body>
</html>
</notes>
<annotation>
<celldesigner:positionToCompartment>inside</celldesigner:positionToCompartment>
<celldesigner:speciesIdentity>
<celldesigner:class>PROTEIN</celldesigner:class>
<celldesigner:proteinReference>p1</celldesigner:proteinReference>
</celldesigner:speciesIdentity>
<celldesigner:listOfCatalyzedReactions>
<celldesigner:catalyzed reaction="re24"/>
</celldesigner:listOfCatalyzedReactions>
</annotation>
</species>
<species compartment="c6" id="s43" name="25-Hydroxylase">
<notes>
<html xmlns="http://www.w3.org/1999/xhtml">
<!--Notes by CellDesigner-->
<body>
Long Name:  Vitamin D 25-Hydroxylase
Synonym:  CYP27A1,cytochrome P450 27A1
Accession:  P04601
</body>
</html>
</notes>
<annotation>
<celldesigner:positionToCompartment>inside</celldesigner:positionToCompartment>
<celldesigner:speciesIdentity>
<celldesigner:class>PROTEIN</celldesigner:class>
<celldesigner:proteinReference>p7</celldesigner:proteinReference>
</celldesigner:speciesIdentity>
<celldesigner:listOfCatalyzedReactions>
<celldesigner:catalyzed reaction="re23"/>
</celldesigner:listOfCatalyzedReactions>
</annotation>
</species>
<species compartment="c6" id="s44" name="O_sub_2">
<notes>
<html xmlns="http://www.w3.org/1999/xhtml">
<!--Notes by CellDesigner-->
<body>
Long Name:  O2
Synonym:  Synonym not specified
Accession:  U05599
</body>
</html>
</notes>
<annotation>
<celldesigner:positionToCompartment>inside</celldesigner:positionToCompartment>
<celldesigner:speciesIdentity>
<celldesigner:class>ION</celldesigner:class>
<celldesigner:name>O_sub_2</celldesigner:name>
</celldesigner:speciesIdentity>
</annotation>
</species>
<species compartment="c6" id="s45" name="H_sub_2O">
<notes>
<html xmlns="http://www.w3.org/1999/xhtml">
<!--Notes by CellDesigner-->
<body>
Long Name:  H2O
Synonym:  Synonym not specified
Accession:  U05602
</body>
</html>
</notes>
<annotation>
<celldesigner:positionToCompartment>inside</celldesigner:positionToCompartment>
<celldesigner:speciesIdentity>
<celldesigner:class>ION</celldesigner:class>
<celldesigner:name>H_sub_2O</celldesigner:name>
</celldesigner:speciesIdentity>
</annotation>
</species>
<species compartment="c6" id="s46" name="NADP+">
<notes>
<html xmlns="http://www.w3.org/1999/xhtml">
<!--Notes by CellDesigner-->
<body>
Long Name:  NADP+
Synonym:  Synonym not specified
Accession:  U05604
</body>
</html>
</notes>
<annotation>
<celldesigner:positionToCompartment>inside</celldesigner:positionToCompartment>
<celldesigner:speciesIdentity>
<celldesigner:class>ION</celldesigner:class>
<celldesigner:name>NADP+</celldesigner:name>
</celldesigner:speciesIdentity>
</annotation>
</species>
<species compartment="c6" id="s47" name="NADPH">
<notes>
<html xmlns="http://www.w3.org/1999/xhtml">
<!--Notes by CellDesigner-->
<body>
Long Name:  NADPH
Synonym:  Synonym not specified
Accession:  U05605
</body>
</html>
</notes>
<annotation>
<celldesigner:positionToCompartment>inside</celldesigner:positionToCompartment>
<celldesigner:speciesIdentity>
<celldesigner:class>ION</celldesigner:class>
<celldesigner:name>NADPH</celldesigner:name>
</celldesigner:speciesIdentity>
</annotation>
</species>
<species compartment="default" id="s1" name="25-hydroxy-vitamin D_sub_3">
<notes>
<html xmlns="http://www.w3.org/1999/xhtml">
<!--Notes by CellDesigner-->
<body>
Long Name:  25-hydroxy-vitamin D3
Synonym:  Synonym not specified
Accession:  S04866
</body>
</html>
</notes>
<annotation>
<celldesigner:positionToCompartment>inside</celldesigner:positionToCompartment>
<celldesigner:speciesIdentity>
<celldesigner:class>SIMPLE_MOLECULE</celldesigner:class>
<celldesigner:name>25-hydroxy-vitamin D_sub_3</celldesigner:name>
</celldesigner:speciesIdentity>
</annotation>
</species>
<species compartment="c5" id="s36" name="Vitamin D_sub_3">
<notes>
<html xmlns="http://www.w3.org/1999/xhtml">
<!--Notes by CellDesigner-->
<body>
Long Name:  Vitamin D3
Synonym:  Synonym not specified
Accession:  S04867
</body>
</html>
</notes>
<annotation>
<celldesigner:positionToCompartment>inside</celldesigner:positionToCompartment>
<celldesigner:speciesIdentity>
<celldesigner:class>SIMPLE_MOLECULE</celldesigner:class>
<celldesigner:name>Vitamin D_sub_3</celldesigner:name>
</celldesigner:speciesIdentity>
</annotation>
</species>
<species compartment="c5" id="s35" name="Pre-Vitamin D_sub_3">
<notes>
<html xmlns="http://www.w3.org/1999/xhtml">
<!--Notes by CellDesigner-->
<body>
Long Name:  Pre-Vitamin D3
Synonym:  Synonym not specified
Accession:  S04869
</body>
</html>
</notes>
<annotation>
<celldesigner:positionToCompartment>inside</celldesigner:positionToCompartment>
<celldesigner:speciesIdentity>
<celldesigner:class>SIMPLE_MOLECULE</celldesigner:class>
<celldesigner:name>Pre-Vitamin D_sub_3</celldesigner:name>
</celldesigner:speciesIdentity>
</annotation>
</species>
<species compartment="c3" id="s3" name="1,25-dihydroxyvitamin D_sub_3">
<notes>
<html xmlns="http://www.w3.org/1999/xhtml">
<!--Notes by CellDesigner-->
<body>
Long Name:  1,25-dihydroxyvitamin D3
Synonym:  Synonym not specified
Accession:  S04863
</body>
</html>
</notes>
<annotation>
<celldesigner:positionToCompartment>inside</celldesigner:positionToCompartment>
<celldesigner:speciesIdentity>
<celldesigner:class>SIMPLE_MOLECULE</celldesigner:class>
<celldesigner:name>1,25-dihydroxyvitamin D_sub_3</celldesigner:name>
</celldesigner:speciesIdentity>
</annotation>
</species>
<species compartment="c4" id="s8" name="1,24,25-hydroxyvitamin D_sub_3">
<notes>
<html xmlns="http://www.w3.org/1999/xhtml">
<!--Notes by CellDesigner-->
<body>
Long Name:  1,24,25-hydroxyvitamin D3
Synonym:  Synonym not specified
Accession:  S04865
</body>
</html>
</notes>
<annotation>
<celldesigner:positionToCompartment>inside</celldesigner:positionToCompartment>
<celldesigner:speciesIdentity>
<celldesigner:class>SIMPLE_MOLECULE</celldesigner:class>
<celldesigner:name>1,24,25-hydroxyvitamin D_sub_3</celldesigner:name>
</celldesigner:speciesIdentity>
</annotation>
</species>
<species compartment="default" id="s49" name="DBP">
<notes>
<html xmlns="http://www.w3.org/1999/xhtml">
<!--Notes by CellDesigner-->
<body>
Long Name:  Vitamin D binding protein
Synonym:  GC,VDBG,VDBP
Accession:  P04600
</body>
</html>
</notes>
<annotation>
<celldesigner:positionToCompartment>inside</celldesigner:positionToCompartment>
<celldesigner:speciesIdentity>
<celldesigner:class>PROTEIN</celldesigner:class>
<celldesigner:proteinReference>p9</celldesigner:proteinReference>
</celldesigner:speciesIdentity>
</annotation>
</species>
<species compartment="default" id="s55" name="Complex(DBP/1,25-dihydroxyvitamin D)">
<notes>
<html xmlns="http://www.w3.org/1999/xhtml">
<!--Notes by CellDesigner-->
<body>
Long Name:  Long name not specified
Synonym:  Synonym not specified
Accession:  U05596
Heterodimer Member Info:  DBP#PROTEIN#Vitamin D binding protein#P04600#GC|VDBG|VDBP#;1,25-dihydroxyvitamin D#SIMPLE_MOLECULE#1,25-dihydroxyvitamin D#S04864##
</body>
</html>
</notes>
<annotation>
<celldesigner:positionToCompartment>inside</celldesigner:positionToCompartment>
<celldesigner:heterodimerIdentity>
<celldesigner:listOfHeterodimerEntries>
<celldesigner:heterodimerEntry innerId="inner0" originalSpecies="unknown">
<celldesigner:class>PROTEIN</celldesigner:class>
<celldesigner:proteinReference>p9</celldesigner:proteinReference>
</celldesigner:heterodimerEntry>
<celldesigner:heterodimerEntry innerId="inner1" originalSpecies="unknown">
<celldesigner:class>SIMPLE_MOLECULE</celldesigner:class>
<celldesigner:name>1,25-dihydroxyvitamin D</celldesigner:name>
</celldesigner:heterodimerEntry>
</celldesigner:listOfHeterodimerEntries>
</celldesigner:heterodimerIdentity>
</annotation>
</species>
<species compartment="c2" id="s34" name="VDRE">
<notes>
<html xmlns="http://www.w3.org/1999/xhtml">
<!--Notes by CellDesigner-->
<body>
Long Name:  Vitamin D response element containing genes
Synonym:  Synonym not specified
Accession:  G04687
</body>
</html>
</notes>
<annotation>
<celldesigner:positionToCompartment>inside</celldesigner:positionToCompartment>
<celldesigner:speciesIdentity>
<celldesigner:class>GENE</celldesigner:class>
<celldesigner:name>VDRE</celldesigner:name>
</celldesigner:speciesIdentity>
</annotation>
</species>
<species compartment="c6" id="s48" name="P450_br_Reductase">
<notes>
<html xmlns="http://www.w3.org/1999/xhtml">
<!--Notes by CellDesigner-->
<body>
Long Name:  cytochrome P450 reductase
Synonym:  CYPOR,P450 (cytochrome) oxidoreductase,POR
Accession:  P04605
</body>
</html>
</notes>
<annotation>
<celldesigner:positionToCompartment>inside</celldesigner:positionToCompartment>
<celldesigner:speciesIdentity>
<celldesigner:class>PROTEIN</celldesigner:class>
<celldesigner:proteinReference>p8</celldesigner:proteinReference>
</celldesigner:speciesIdentity>
<celldesigner:listOfCatalyzedReactions>
<celldesigner:catalyzed reaction="re23"/>
</celldesigner:listOfCatalyzedReactions>
</annotation>
</species>
</listOfSpecies>
<listOfReactions>
<reaction id="re1" reversible="false">
<annotation>
<celldesigner:reactionType>TRANSPORT</celldesigner:reactionType>
<celldesigner:baseReactants>s2</celldesigner:baseReactants>
<celldesigner:baseProducts>s3</celldesigner:baseProducts>
<celldesigner:offset x="-2.0" y="2.0"/>
<celldesigner:editPoints>0.3333333333333332,-8.326672684688674E-17 0.6666666666666663,-1.942890293094024E-16</celldesigner:editPoints>
</annotation>
<listOfReactants>
<speciesReference species="s2">
<annotation>
<celldesigner:alias>a2</celldesigner:alias>
</annotation>
</speciesReference>
</listOfReactants>
<listOfProducts>
<speciesReference species="s3">
<annotation>
<celldesigner:alias>a3</celldesigner:alias>
</annotation>
</speciesReference>
</listOfProducts>
</reaction>
<reaction id="re2" reversible="false">
<annotation>
<celldesigner:reactionType>TRANSPORT</celldesigner:reactionType>
<celldesigner:baseReactants>s1</celldesigner:baseReactants>
<celldesigner:baseProducts>s20</celldesigner:baseProducts>
<celldesigner:editPoints>0.3333333333333337,-8.881784197001252E-16 0.6666666666666672,-4.440892098500626E-16</celldesigner:editPoints>
</annotation>
<listOfReactants>
<speciesReference species="s1">
<annotation>
<celldesigner:alias>a1</celldesigner:alias>
</annotation>
</speciesReference>
</listOfReactants>
<listOfProducts>
<speciesReference species="s20">
<annotation>
<celldesigner:alias>a4</celldesigner:alias>
</annotation>
</speciesReference>
</listOfProducts>
</reaction>
<reaction id="re3" reversible="false">
<annotation>
<celldesigner:reactionType>TRANSPORT</celldesigner:reactionType>
<celldesigner:baseReactants>s20</celldesigner:baseReactants>
<celldesigner:baseProducts>s5</celldesigner:baseProducts>
<celldesigner:editPoints>0.33333333333333326,0.0 0.6666666666666665,0.0</celldesigner:editPoints>
</annotation>
<listOfReactants>
<speciesReference species="s20">
<annotation>
<celldesigner:alias>a4</celldesigner:alias>
</annotation>
</speciesReference>
</listOfReactants>
<listOfProducts>
<speciesReference species="s5">
<annotation>
<celldesigner:alias>a5</celldesigner:alias>
</annotation>
</speciesReference>
</listOfProducts>
</reaction>
<reaction id="re5" reversible="false">
<annotation>
<celldesigner:reactionType>STATE_TRANSITION</celldesigner:reactionType>
<celldesigner:baseReactants>s5</celldesigner:baseReactants>
<celldesigner:baseProducts>s7</celldesigner:baseProducts>
<celldesigner:listOfReactantLinks>
<celldesigner:reactantLink alias="a11" reactant="s11" targetLineIndex="-1,0"/>
</celldesigner:listOfReactantLinks>
<celldesigner:listOfProductLinks>
<celldesigner:productLink alias="a12" product="s12" targetLineIndex="-1,2"/>
</celldesigner:listOfProductLinks>
<celldesigner:editPoints>0.33333333333333326,-2.220446049250313E-16 0.6666666666666665,-6.661338147750939E-16</celldesigner:editPoints>
<celldesigner:listOfModification>
<celldesigner:modification aliases="a9" editPoints="0.33333333333333304,4.440892098500626E-16 0.6666666666666661,8.881784197001252E-16" modifiers="s9" targetLineIndex="-1,1" type="CATALYSIS"/>
</celldesigner:listOfModification>
</annotation>
<listOfReactants>
<speciesReference species="s5">
<annotation>
<celldesigner:alias>a5</celldesigner:alias>
</annotation>
</speciesReference>
<speciesReference species="s11">
<annotation>
<celldesigner:alias>a11</celldesigner:alias>
</annotation>
</speciesReference>
</listOfReactants>
<listOfProducts>
<speciesReference species="s7">
<annotation>
<celldesigner:alias>a7</celldesigner:alias>
</annotation>
</speciesReference>
<speciesReference species="s12">
<annotation>
<celldesigner:alias>a12</celldesigner:alias>
</annotation>
</speciesReference>
</listOfProducts>
<listOfModifiers>
<modifierSpeciesReference species="s9">
<annotation>
<celldesigner:alias>a9</celldesigner:alias>
</annotation>
</modifierSpeciesReference>
</listOfModifiers>
</reaction>
<reaction id="re6" reversible="false">
<annotation>
<celldesigner:reactionType>STATE_TRANSITION</celldesigner:reactionType>
<celldesigner:baseReactants>s7</celldesigner:baseReactants>
<celldesigner:baseProducts>s8</celldesigner:baseProducts>
<celldesigner:listOfReactantLinks>
<celldesigner:reactantLink alias="a13" reactant="s11" targetLineIndex="-1,0"/>
</celldesigner:listOfReactantLinks>
<celldesigner:listOfProductLinks>
<celldesigner:productLink alias="a14" product="s12" targetLineIndex="-1,2"/>
</celldesigner:listOfProductLinks>
<celldesigner:editPoints>0.33333333333333304,2.4424906541753444E-15 0.6666666666666661,5.551115123125783E-15</celldesigner:editPoints>
<celldesigner:listOfModification>
<celldesigner:modification aliases="a10" editPoints="0.3333333333333335,8.881784197001252E-16 0.6666666666666663,-8.881784197001252E-16" modifiers="s10" targetLineIndex="-1,1" type="CATALYSIS"/>
</celldesigner:listOfModification>
</annotation>
<listOfReactants>
<speciesReference species="s7">
<annotation>
<celldesigner:alias>a7</celldesigner:alias>
</annotation>
</speciesReference>
<speciesReference species="s11">
<annotation>
<celldesigner:alias>a13</celldesigner:alias>
</annotation>
</speciesReference>
</listOfReactants>
<listOfProducts>
<speciesReference species="s8">
<annotation>
<celldesigner:alias>a8</celldesigner:alias>
</annotation>
</speciesReference>
<speciesReference species="s12">
<annotation>
<celldesigner:alias>a14</celldesigner:alias>
</annotation>
</speciesReference>
</listOfProducts>
<listOfModifiers>
<modifierSpeciesReference species="s10">
<annotation>
<celldesigner:alias>a10</celldesigner:alias>
</annotation>
</modifierSpeciesReference>
</listOfModifiers>
</reaction>
<reaction id="re7" reversible="false">
<annotation>
<celldesigner:reactionType>STATE_TRANSITION</celldesigner:reactionType>
<celldesigner:baseReactants>s9</celldesigner:baseReactants>
<celldesigner:baseProducts>s9</celldesigner:baseProducts>
<celldesigner:editPoints>0.33333333333333304,0.0 0.6666666666666665,0.0</celldesigner:editPoints>
<celldesigner:listOfModification>
<celldesigner:modification aliases="a17" editPoints="0.014802958094283447,0.6380481267132476 1.1132231487989053,0.21446933036121305" modifiers="s15" offsetX="2.0" offsetY="1.0" targetLineIndex="-1,1" type="CATALYSIS"/>
</celldesigner:listOfModification>
</annotation>
<listOfReactants>
<speciesReference species="s9">
<annotation>
<celldesigner:alias>a15</celldesigner:alias>
</annotation>
</speciesReference>
</listOfReactants>
<listOfProducts>
<speciesReference species="s9">
<annotation>
<celldesigner:alias>a9</celldesigner:alias>
</annotation>
</speciesReference>
</listOfProducts>
<listOfModifiers>
<modifierSpeciesReference species="s15">
<annotation>
<celldesigner:alias>a17</celldesigner:alias>
</annotation>
</modifierSpeciesReference>
</listOfModifiers>
</reaction>
<reaction id="re8" reversible="false">
<annotation>
<celldesigner:reactionType>STATE_TRANSITION</celldesigner:reactionType>
<celldesigner:baseReactants>s10</celldesigner:baseReactants>
<celldesigner:baseProducts>s10</celldesigner:baseProducts>
<celldesigner:editPoints>0.33333333333333304,1.7763568394002505E-15 0.6666666666666665,1.7763568394002505E-15</celldesigner:editPoints>
<celldesigner:listOfModification>
<celldesigner:modification aliases="a17" editPoints="-0.007786236908942534,-0.6760810330217168 1.1161955333555342,-0.2766241014998858" modifiers="s15" targetLineIndex="-1,1" type="CATALYSIS"/>
</celldesigner:listOfModification>
</annotation>
<listOfReactants>
<speciesReference species="s10">
<annotation>
<celldesigner:alias>a16</celldesigner:alias>
</annotation>
</speciesReference>
</listOfReactants>
<listOfProducts>
<speciesReference species="s10">
<annotation>
<celldesigner:alias>a10</celldesigner:alias>
</annotation>
</speciesReference>
</listOfProducts>
<listOfModifiers>
<modifierSpeciesReference species="s15">
<annotation>
<celldesigner:alias>a17</celldesigner:alias>
</annotation>
</modifierSpeciesReference>
</listOfModifiers>
</reaction>
<reaction id="re9" reversible="false">
<annotation>
<celldesigner:reactionType>STATE_TRANSITION</celldesigner:reactionType>
<celldesigner:baseReactants>s15</celldesigner:baseReactants>
<celldesigner:baseProducts>s15</celldesigner:baseProducts>
<celldesigner:listOfReactantLinks>
<celldesigner:reactantLink alias="a20" reactant="s18" targetLineIndex="-1,1"/>
</celldesigner:listOfReactantLinks>
<celldesigner:listOfProductLinks>
<celldesigner:productLink alias="a21" product="s19" targetLineIndex="-1,1"/>
</celldesigner:listOfProductLinks>
<celldesigner:editPoints>0.3333333333333333,0.0 0.666666666666667,-8.881784197001252E-16</celldesigner:editPoints>
<celldesigner:listOfModification>
<celldesigner:modification aliases="a18" editPoints="0.33333333333333304,-4.440892098500626E-16 0.6666666666666661,4.440892098500626E-16" modifiers="s16" targetLineIndex="-1,1" type="CATALYSIS"/>
</celldesigner:listOfModification>
</annotation>
<listOfReactants>
<speciesReference species="s15">
<annotation>
<celldesigner:alias>a19</celldesigner:alias>
</annotation>
</speciesReference>
<speciesReference species="s18">
<annotation>
<celldesigner:alias>a20</celldesigner:alias>
</annotation>
</speciesReference>
</listOfReactants>
<listOfProducts>
<speciesReference species="s15">
<annotation>
<celldesigner:alias>a17</celldesigner:alias>
</annotation>
</speciesReference>
<speciesReference species="s19">
<annotation>
<celldesigner:alias>a21</celldesigner:alias>
</annotation>
</speciesReference>
</listOfProducts>
<listOfModifiers>
<modifierSpeciesReference species="s16">
<annotation>
<celldesigner:alias>a18</celldesigner:alias>
</annotation>
</modifierSpeciesReference>
</listOfModifiers>
</reaction>
<reaction id="re12" reversible="false">
<annotation>
<celldesigner:reactionType>HETERODIMER_ASSOCIATION</celldesigner:reactionType>
<celldesigner:baseReactants>s21,s3</celldesigner:baseReactants>
<celldesigner:baseProducts>s23</celldesigner:baseProducts>
<celldesigner:editPoints>0.33333333333333304,0.0 0.6666666666666665,0.0 0.33333333333333326,-4.440892098500626E-16 0.6666666666666665,0.0 0.3333333333333326,0.0 0.6666666666666665,0.0 0.3333333333333336,0.3333333333333335</celldesigner:editPoints>
</annotation>
<listOfReactants>
<speciesReference species="s21">
<annotation>
<celldesigner:alias>a23</celldesigner:alias>
</annotation>
</speciesReference>
<speciesReference species="s3">
<annotation>
<celldesigner:alias>a3</celldesigner:alias>
</annotation>
</speciesReference>
</listOfReactants>
<listOfProducts>
<speciesReference species="s23">
<annotation>
<celldesigner:alias>a27</celldesigner:alias>
</annotation>
</speciesReference>
</listOfProducts>
</reaction>
<reaction id="re13" reversible="false">
<annotation>
<celldesigner:reactionType>TRANSPORT</celldesigner:reactionType>
<celldesigner:baseReactants>s23</celldesigner:baseReactants>
<celldesigner:baseProducts>s24</celldesigner:baseProducts>
<celldesigner:editPoints>0.33333333333333304,-1.2836953722228372E-16 0.666666666666667,-2.393918396847994E-16</celldesigner:editPoints>
</annotation>
<listOfReactants>
<speciesReference species="s23">
<annotation>
<celldesigner:alias>a27</celldesigner:alias>
</annotation>
</speciesReference>
</listOfReactants>
<listOfProducts>
<speciesReference species="s24">
<annotation>
<celldesigner:alias>a28</celldesigner:alias>
</annotation>
</speciesReference>
</listOfProducts>
</reaction>
<reaction id="re14" reversible="false">
<annotation>
<celldesigner:reactionType>KNOWN_TRANSITION_OMITTED</celldesigner:reactionType>
<celldesigner:baseReactants>s29</celldesigner:baseReactants>
<celldesigner:baseProducts>s10</celldesigner:baseProducts>
<celldesigner:editPoints>0.3333333333333335,4.440892098500626E-16 0.666666666666667,4.440892098500626E-16</celldesigner:editPoints>
</annotation>
<listOfReactants>
<speciesReference species="s29">
<annotation>
<celldesigner:alias>a35</celldesigner:alias>
</annotation>
</speciesReference>
</listOfReactants>
<listOfProducts>
<speciesReference species="s10">
<annotation>
<celldesigner:alias>a16</celldesigner:alias>
</annotation>
</speciesReference>
</listOfProducts>
</reaction>
<reaction id="re15" reversible="false">
<annotation>
<celldesigner:reactionType>HETERODIMER_ASSOCIATION</celldesigner:reactionType>
<celldesigner:baseReactants>s25,s24</celldesigner:baseReactants>
<celldesigner:baseProducts>s33</celldesigner:baseProducts>
<celldesigner:editPoints>0.333333333333357,-1.4210854715202004E-14 0.6666666666666673,0.0 0.33333333333333215,-4.440892098500626E-16 0.6666666666666661,4.440892098500626E-16 0.3333333333333348,-8.881784197001252E-16 0.6666666666666679,-8.881784197001252E-16 0.33333333333333304,0.33333333333333304</celldesigner:editPoints>
</annotation>
<listOfReactants>
<speciesReference species="s25">
<annotation>
<celldesigner:alias>a29</celldesigner:alias>
</annotation>
</speciesReference>
<speciesReference species="s24">
<annotation>
<celldesigner:alias>a28</celldesigner:alias>
</annotation>
</speciesReference>
</listOfReactants>
<listOfProducts>
<speciesReference species="s33">
<annotation>
<celldesigner:alias>a39</celldesigner:alias>
</annotation>
</speciesReference>
</listOfProducts>
</reaction>
<reaction id="re16" reversible="false">
<annotation>
<celldesigner:reactionType>TRANSCRIPTIONAL_ACTIVATION</celldesigner:reactionType>
<celldesigner:baseReactants>s33</celldesigner:baseReactants>
<celldesigner:baseProducts>s34</celldesigner:baseProducts>
<celldesigner:offset x="-4.0" y="-8.0"/>
<celldesigner:editPoints>0.33333333333333437,0.0 0.666666666666667,8.881784197001252E-16</celldesigner:editPoints>
</annotation>
<listOfReactants>
<speciesReference species="s33">
<annotation>
<celldesigner:alias>a39</celldesigner:alias>
</annotation>
</speciesReference>
</listOfReactants>
<listOfProducts>
<speciesReference species="s34">
<annotation>
<celldesigner:alias>a40</celldesigner:alias>
</annotation>
</speciesReference>
</listOfProducts>
</reaction>
<reaction id="re17" reversible="false">
<annotation>
<celldesigner:reactionType>TRANSCRIPTIONAL_INHIBITION</celldesigner:reactionType>
<celldesigner:baseReactants>s33</celldesigner:baseReactants>
<celldesigner:baseProducts>s34</celldesigner:baseProducts>
<celldesigner:editPoints>0.2852597692436998,0.24146492936245423 0.686785311847574,0.21128284287193821</celldesigner:editPoints>
</annotation>
<listOfReactants>
<speciesReference species="s33">
<annotation>
<celldesigner:alias>a39</celldesigner:alias>
</annotation>
</speciesReference>
</listOfReactants>
<listOfProducts>
<speciesReference species="s34">
<annotation>
<celldesigner:alias>a40</celldesigner:alias>
</annotation>
</speciesReference>
</listOfProducts>
</reaction>
<reaction id="re18" reversible="false">
<annotation>
<celldesigner:reactionType>UNKNOWN_TRANSITION</celldesigner:reactionType>
<celldesigner:baseReactants>s34</celldesigner:baseReactants>
<celldesigner:baseProducts>s27</celldesigner:baseProducts>
<celldesigner:editPoints>0.33333333333333304,-8.881784197001252E-16 0.6666666666666661,8.881784197001252E-16</celldesigner:editPoints>
</annotation>
<listOfReactants>
<speciesReference species="s34">
<annotation>
<celldesigner:alias>a40</celldesigner:alias>
</annotation>
</speciesReference>
</listOfReactants>
<listOfProducts>
<speciesReference species="s27">
<annotation>
<celldesigner:alias>a33</celldesigner:alias>
</annotation>
</speciesReference>
</listOfProducts>
</reaction>
<reaction id="re19" reversible="false">
<annotation>
<celldesigner:reactionType>UNKNOWN_TRANSITION</celldesigner:reactionType>
<celldesigner:baseReactants>s34</celldesigner:baseReactants>
<celldesigner:baseProducts>s28</celldesigner:baseProducts>
<celldesigner:editPoints>0.33333333333333215,0.0 0.6666666666666661,-1.7763568394002505E-15</celldesigner:editPoints>
</annotation>
<listOfReactants>
<speciesReference species="s34">
<annotation>
<celldesigner:alias>a40</celldesigner:alias>
</annotation>
</speciesReference>
</listOfReactants>
<listOfProducts>
<speciesReference species="s28">
<annotation>
<celldesigner:alias>a34</celldesigner:alias>
</annotation>
</speciesReference>
</listOfProducts>
</reaction>
<reaction id="re21" reversible="false">
<annotation>
<celldesigner:reactionType>STATE_TRANSITION</celldesigner:reactionType>
<celldesigner:baseReactants>s35</celldesigner:baseReactants>
<celldesigner:baseProducts>s36</celldesigner:baseProducts>
<celldesigner:editPoints>0.33333333333333304,0.0 0.6666666666666661,1.6653345369377348E-16</celldesigner:editPoints>
<celldesigner:listOfModification>
<celldesigner:modification aliases="a43" editPoints="0.3333333333333333,-8.881784197001252E-16 0.6666666666666667,0.0" modifiers="s37" targetLineIndex="-1,1" type="CATALYSIS"/>
</celldesigner:listOfModification>
</annotation>
<listOfReactants>
<speciesReference species="s35">
<annotation>
<celldesigner:alias>a41</celldesigner:alias>
</annotation>
</speciesReference>
</listOfReactants>
<listOfProducts>
<speciesReference species="s36">
<annotation>
<celldesigner:alias>a42</celldesigner:alias>
</annotation>
</speciesReference>
</listOfProducts>
<listOfModifiers>
<modifierSpeciesReference species="s37">
<annotation>
<celldesigner:alias>a43</celldesigner:alias>
</annotation>
</modifierSpeciesReference>
</listOfModifiers>
</reaction>
<reaction id="re22" reversible="false">
<annotation>
<celldesigner:reactionType>TRANSPORT</celldesigner:reactionType>
<celldesigner:baseReactants>s36</celldesigner:baseReactants>
<celldesigner:baseProducts>s38</celldesigner:baseProducts>
<celldesigner:editPoints>0.3333333333333335,-2.220446049250313E-16 0.666666666666667,-6.661338147750939E-16</celldesigner:editPoints>
</annotation>
<listOfReactants>
<speciesReference species="s36">
<annotation>
<celldesigner:alias>a42</celldesigner:alias>
</annotation>
</speciesReference>
</listOfReactants>
<listOfProducts>
<speciesReference species="s38">
<annotation>
<celldesigner:alias>a44</celldesigner:alias>
</annotation>
</speciesReference>
</listOfProducts>
</reaction>
<reaction id="re23" reversible="false">
<annotation>
<celldesigner:reactionType>STATE_TRANSITION</celldesigner:reactionType>
<celldesigner:baseReactants>s38</celldesigner:baseReactants>
<celldesigner:baseProducts>s39</celldesigner:baseProducts>
<celldesigner:listOfReactantLinks>
<celldesigner:reactantLink alias="a53" reactant="s47" targetLineIndex="-1,0"/>
<celldesigner:reactantLink alias="a50" reactant="s44" targetLineIndex="-1,0"/>
</celldesigner:listOfReactantLinks>
<celldesigner:listOfProductLinks>
<celldesigner:productLink alias="a51" product="s45" targetLineIndex="-1,2"/>
<celldesigner:productLink alias="a52" product="s46" targetLineIndex="-1,1"/>
</celldesigner:listOfProductLinks>
<celldesigner:offset x="-2.0" y="-1.0"/>
<celldesigner:editPoints>0.3333333333333335,0.0 0.6666666666666665,-1.7763568394002505E-15</celldesigner:editPoints>
<celldesigner:listOfModification>
<celldesigner:modification aliases="a49" editPoints="0.33333333333333304,2.220446049250313E-16 0.6666666666666661,2.220446049250313E-16" modifiers="s43" targetLineIndex="-1,0" type="CATALYSIS"/>
<celldesigner:modification aliases="a54" editPoints="0.33333333333333304,-4.440892098500626E-15 0.666666666666667,-8.659739592076221E-15" modifiers="s48" targetLineIndex="-1,0" type="CATALYSIS"/>
</celldesigner:listOfModification>
</annotation>
<listOfReactants>
<speciesReference species="s38">
<annotation>
<celldesigner:alias>a44</celldesigner:alias>
</annotation>
</speciesReference>
<speciesReference species="s47">
<annotation>
<celldesigner:alias>a53</celldesigner:alias>
</annotation>
</speciesReference>
<speciesReference species="s44">
<annotation>
<celldesigner:alias>a50</celldesigner:alias>
</annotation>
</speciesReference>
</listOfReactants>
<listOfProducts>
<speciesReference species="s39">
<annotation>
<celldesigner:alias>a45</celldesigner:alias>
</annotation>
</speciesReference>
<speciesReference species="s45">
<annotation>
<celldesigner:alias>a51</celldesigner:alias>
</annotation>
</speciesReference>
<speciesReference species="s46">
<annotation>
<celldesigner:alias>a52</celldesigner:alias>
</annotation>
</speciesReference>
</listOfProducts>
<listOfModifiers>
<modifierSpeciesReference species="s43">
<annotation>
<celldesigner:alias>a49</celldesigner:alias>
</annotation>
</modifierSpeciesReference>
<modifierSpeciesReference species="s48">
<annotation>
<celldesigner:alias>a54</celldesigner:alias>
</annotation>
</modifierSpeciesReference>
</listOfModifiers>
</reaction>
<reaction id="re24" reversible="false">
<annotation>
<celldesigner:reactionType>STATE_TRANSITION</celldesigner:reactionType>
<celldesigner:baseReactants>s40</celldesigner:baseReactants>
<celldesigner:baseProducts>s41</celldesigner:baseProducts>
<celldesigner:offset x="26.0" y="9.0"/>
<celldesigner:editPoints>0.33333333333333326,0.0 0.6666666666666667,0.0</celldesigner:editPoints>
<celldesigner:listOfModification>
<celldesigner:modification aliases="a48" editPoints="0.3333333333333348,4.440892098500626E-16 0.6666666666666572,-8.881784197001252E-15" modifiers="s42" targetLineIndex="-1,1" type="CATALYSIS"/>
</celldesigner:listOfModification>
</annotation>
<listOfReactants>
<speciesReference species="s40">
<annotation>
<celldesigner:alias>a46</celldesigner:alias>
</annotation>
</speciesReference>
</listOfReactants>
<listOfProducts>
<speciesReference species="s41">
<annotation>
<celldesigner:alias>a47</celldesigner:alias>
</annotation>
</speciesReference>
</listOfProducts>
<listOfModifiers>
<modifierSpeciesReference species="s42">
<annotation>
<celldesigner:alias>a48</celldesigner:alias>
</annotation>
</modifierSpeciesReference>
</listOfModifiers>
</reaction>
<reaction id="re25" reversible="false">
<annotation>
<celldesigner:reactionType>TRANSPORT</celldesigner:reactionType>
<celldesigner:baseReactants>s41</celldesigner:baseReactants>
<celldesigner:baseProducts>s2</celldesigner:baseProducts>
<celldesigner:editPoints>0.3333333333333336,-4.440892098500626E-16 0.6666666666666667,-8.881784197001252E-16</celldesigner:editPoints>
</annotation>
<listOfReactants>
<speciesReference species="s41">
<annotation>
<celldesigner:alias>a47</celldesigner:alias>
</annotation>
</speciesReference>
</listOfReactants>
<listOfProducts>
<speciesReference species="s2">
<annotation>
<celldesigner:alias>a2</celldesigner:alias>
</annotation>
</speciesReference>
</listOfProducts>
</reaction>
<reaction id="re26" reversible="false">
<annotation>
<celldesigner:reactionType>TRANSPORT</celldesigner:reactionType>
<celldesigner:baseReactants>s39</celldesigner:baseReactants>
<celldesigner:baseProducts>s40</celldesigner:baseProducts>
<celldesigner:editPoints>0.3333333333333335,-1.6653345369377348E-16 0.6666666666666665,-3.885780586188048E-16</celldesigner:editPoints>
</annotation>
<listOfReactants>
<speciesReference species="s39">
<annotation>
<celldesigner:alias>a45</celldesigner:alias>
</annotation>
</speciesReference>
</listOfReactants>
<listOfProducts>
<speciesReference species="s40">
<annotation>
<celldesigner:alias>a46</celldesigner:alias>
</annotation>
</speciesReference>
</listOfProducts>
</reaction>
<reaction id="re28" reversible="false">
<annotation>
<celldesigner:reactionType>TRANSPORT</celldesigner:reactionType>
<celldesigner:baseReactants>s39</celldesigner:baseReactants>
<celldesigner:baseProducts>s1</celldesigner:baseProducts>
<celldesigner:editPoints>0.33333333333333326,-4.440892098500626E-16 0.6666666666666663,0.0</celldesigner:editPoints>
</annotation>
<listOfReactants>
<speciesReference species="s39">
<annotation>
<celldesigner:alias>a45</celldesigner:alias>
</annotation>
</speciesReference>
</listOfReactants>
<listOfProducts>
<speciesReference species="s1">
<annotation>
<celldesigner:alias>a1</celldesigner:alias>
</annotation>
</speciesReference>
</listOfProducts>
</reaction>
<reaction id="re29" reversible="false">
<annotation>
<celldesigner:reactionType>HETERODIMER_ASSOCIATION</celldesigner:reactionType>
<celldesigner:baseReactants>s49,s41</celldesigner:baseReactants>
<celldesigner:baseProducts>s55</celldesigner:baseProducts>
<celldesigner:editPoints>0.33333333333333304,5.828670879282072E-16 0.6666666666666661,-3.0531133177191805E-16 0.3333333333333335,2.220446049250313E-16 0.6666666666666661,0.0 0.33333333333333326,4.440892098500626E-16 0.6666666666666667,0.0 0.33333333333333326,0.33333333333333326</celldesigner:editPoints>
</annotation>
<listOfReactants>
<speciesReference species="s49">
<annotation>
<celldesigner:alias>a55</celldesigner:alias>
</annotation>
</speciesReference>
<speciesReference species="s41">
<annotation>
<celldesigner:alias>a47</celldesigner:alias>
</annotation>
</speciesReference>
</listOfReactants>
<listOfProducts>
<speciesReference species="s55">
<annotation>
<celldesigner:alias>a63</celldesigner:alias>
</annotation>
</speciesReference>
</listOfProducts>
</reaction>
<reaction id="re32" reversible="false">
<annotation>
<celldesigner:reactionType>TRANSCRIPTIONAL_ACTIVATION</celldesigner:reactionType>
<celldesigner:baseReactants>s33</celldesigner:baseReactants>
<celldesigner:baseProducts>s29</celldesigner:baseProducts>
<celldesigner:editPoints>0.3333333333333332,-8.881784197001252E-16 0.6666666666666663,0.0</celldesigner:editPoints>
</annotation>
<listOfReactants>
<speciesReference species="s33">
<annotation>
<celldesigner:alias>a39</celldesigner:alias>
</annotation>
</speciesReference>
</listOfReactants>
<listOfProducts>
<speciesReference species="s29">
<annotation>
<celldesigner:alias>a35</celldesigner:alias>
</annotation>
</speciesReference>
</listOfProducts>
</reaction>
<reaction id="re33" reversible="false">
<annotation>
<celldesigner:reactionType>TRANSPORT</celldesigner:reactionType>
<celldesigner:baseReactants>s7</celldesigner:baseReactants>
<celldesigner:baseProducts>s3</celldesigner:baseProducts>
<celldesigner:editPoints>0.33333333333333304,-2.220446049250313E-16 0.6666666666666663,-2.220446049250313E-16</celldesigner:editPoints>
</annotation>
<listOfReactants>
<speciesReference species="s7">
<annotation>
<celldesigner:alias>a7</celldesigner:alias>
</annotation>
</speciesReference>
</listOfReactants>
<listOfProducts>
<speciesReference species="s3">
<annotation>
<celldesigner:alias>a3</celldesigner:alias>
</annotation>
</speciesReference>
</listOfProducts>
</reaction>
</listOfReactions>
</model>
</sbml>
