<?xml version="1.0" encoding="UTF-8"?>
<!-- Terms and Conditions -->
<!-- 
Copyright (C)) 2005 Applied Biosystems.  
This file may be copied and redistributed freely, without advance permission, 
provided that this Copyright statement is reproduced with each copy.  
 
LIMITATION OF WARRANTY 
NOTHING IN THIS AGREEMENT WILL BE CONSTRUED AS A REPRESENTATION MADE OR 
WARRANTY GIVEN BY APPLIED BIOSYSTEMS OR ANY THIRD PARTY THAT THE USE OF 
DATA PROVIDED HEREUNDER WILL NOT INFRINGE ANY PATENT, COPYRIGHT, TRADEMARK 
OR OTHER RIGHTS OF ANY THIRD PARTY. DATA IS PROVIDED "AS IS" WITHOUT 
WARRANTY OF ANY KIND WHATSOEVER, EXPRESS OR IMPLIED, INCLUDING IMPLIED 
WARRANTIES OF MERCHANTABILITY OR FITNESS FOR A PARTICULAR PURPOSE. APPLIED 
BIOSYSTEMS MAKES NO WARRANTY THAT ITS DATA DOES NOT CONTAIN ERRORS.
-->

<!-- Created by SBML API 2.0(a17.0) -->
<sbml level="2" version="1" xmlns="http://www.sbml.org/sbml/level2" xmlns:celldesigner="http://www.sbml.org/2001/ns/celldesigner">
<model id="Xanthine_space_and_space_guanine_space_salvage_space_pathway">
<notes>
<html xmlns="http://www.w3.org/1999/xhtml">
<!--Notes by CellDesigner-->
<body>
<![CDATA[
Purine nucleosides can be synthesize in two ways, de novo biosynthesis and salvaging pathways. In salvaging pathways nucleosides from RNA and DNA breakdown can reenter purine nucleoside de novo biosynthesis.

Website=www.biocyc.org/Ecoli/Pathways/
free text=Voet and Voet  (textbook)  Biochemistry
]]>
</body>
</html>
</notes>
<annotation>
<celldesigner:modelVersion>2.3</celldesigner:modelVersion>
<celldesigner:modelDisplay sizeX="1000" sizeY="700"/>
<celldesigner:listOfCompartmentAliases/>
<celldesigner:listOfSpeciesAliases>
<celldesigner:speciesAlias id="a1" species="s1">
<celldesigner:activity>inactive</celldesigner:activity>
<celldesigner:bounds h="39.0" w="102.0" x="509.0" y="263.0"/>
<celldesigner:singleLine width="1.0"/>
<celldesigner:paint color="ffffffff" scheme="Color"/>
</celldesigner:speciesAlias>
<celldesigner:speciesAlias id="a2" species="s2">
<celldesigner:activity>inactive</celldesigner:activity>
<celldesigner:bounds h="47.0" w="90.0" x="516.0" y="556.0"/>
<celldesigner:singleLine width="1.0"/>
<celldesigner:paint color="ffffffff" scheme="Color"/>
</celldesigner:speciesAlias>
<celldesigner:speciesAlias id="a3" species="s3">
<celldesigner:activity>inactive</celldesigner:activity>
<celldesigner:bounds h="49.0" w="101.0" x="886.0" y="556.0"/>
<celldesigner:singleLine width="1.0"/>
<celldesigner:paint color="ffffffff" scheme="Color"/>
</celldesigner:speciesAlias>
<celldesigner:speciesAlias id="a4" species="s4">
<celldesigner:activity>inactive</celldesigner:activity>
<celldesigner:bounds h="22.0" w="35.0" x="608.0" y="534.0"/>
<celldesigner:singleLine width="1.0"/>
<celldesigner:paint color="ffffffff" scheme="Color"/>
</celldesigner:speciesAlias>
<celldesigner:speciesAlias id="a5" species="s5">
<celldesigner:activity>inactive</celldesigner:activity>
<celldesigner:bounds h="18.0" w="44.0" x="806.0" y="531.0"/>
<celldesigner:singleLine width="1.0"/>
<celldesigner:paint color="ffffffff" scheme="Color"/>
</celldesigner:speciesAlias>
<celldesigner:speciesAlias id="a6" species="s6">
<celldesigner:activity>inactive</celldesigner:activity>
<celldesigner:bounds h="20.0" w="50.0" x="598.0" y="357.0"/>
<celldesigner:singleLine width="1.0"/>
<celldesigner:paint color="ffffffff" scheme="Color"/>
</celldesigner:speciesAlias>
<celldesigner:speciesAlias id="a7" species="s7">
<celldesigner:activity>inactive</celldesigner:activity>
<celldesigner:bounds h="22.0" w="42.0" x="856.0" y="445.0"/>
<celldesigner:singleLine width="1.0"/>
<celldesigner:paint color="ffffffff" scheme="Color"/>
</celldesigner:speciesAlias>
<celldesigner:speciesAlias id="a8" species="s8">
<celldesigner:activity>inactive</celldesigner:activity>
<celldesigner:bounds h="44.0" w="124.0" x="498.0" y="12.0"/>
<celldesigner:singleLine width="1.0"/>
<celldesigner:paint color="ffffffff" scheme="Color"/>
</celldesigner:speciesAlias>
<celldesigner:speciesAlias id="a9" species="s9">
<celldesigner:activity>inactive</celldesigner:activity>
<celldesigner:bounds h="56.0" w="113.0" x="428.0" y="189.0"/>
<celldesigner:singleLine width="1.0"/>
<celldesigner:paint color="ffffffff" scheme="Color"/>
</celldesigner:speciesAlias>
<celldesigner:speciesAlias id="a10" species="s10">
<celldesigner:activity>inactive</celldesigner:activity>
<celldesigner:bounds h="25.0" w="39.0" x="484.0" y="82.0"/>
<celldesigner:singleLine width="1.0"/>
<celldesigner:paint color="ffffffff" scheme="Color"/>
</celldesigner:speciesAlias>
<celldesigner:speciesAlias id="a11" species="s11">
<celldesigner:activity>inactive</celldesigner:activity>
<celldesigner:bounds h="35.0" w="72.0" x="58.0" y="273.0"/>
<celldesigner:singleLine width="1.0"/>
<celldesigner:paint color="ffffffff" scheme="Color"/>
</celldesigner:speciesAlias>
<celldesigner:speciesAlias id="a12" species="s12">
<celldesigner:activity>inactive</celldesigner:activity>
<celldesigner:bounds h="53.0" w="116.0" x="38.0" y="510.0"/>
<celldesigner:singleLine width="1.0"/>
<celldesigner:paint color="ffffffff" scheme="Color"/>
</celldesigner:speciesAlias>
<celldesigner:speciesAlias id="a13" species="s13">
<celldesigner:activity>inactive</celldesigner:activity>
<celldesigner:bounds h="34.0" w="80.0" x="56.0" y="32.0"/>
<celldesigner:singleLine width="1.0"/>
<celldesigner:paint color="ffffffff" scheme="Color"/>
</celldesigner:speciesAlias>
<celldesigner:speciesAlias id="a14" species="s10">
<celldesigner:activity>inactive</celldesigner:activity>
<celldesigner:bounds h="20.0" w="33.0" x="24.0" y="106.0"/>
<celldesigner:singleLine width="1.0"/>
<celldesigner:paint color="ffffffff" scheme="Color"/>
</celldesigner:speciesAlias>
<celldesigner:speciesAlias id="a15" species="s24">
<celldesigner:activity>inactive</celldesigner:activity>
<celldesigner:bounds h="47.0" w="78.0" x="5.0" y="221.0"/>
<celldesigner:singleLine width="1.0"/>
<celldesigner:paint color="ffffffff" scheme="Color"/>
</celldesigner:speciesAlias>
<celldesigner:speciesAlias id="a16" species="s6">
<celldesigner:activity>inactive</celldesigner:activity>
<celldesigner:bounds h="22.0" w="47.0" x="32.0" y="325.0"/>
<celldesigner:singleLine width="1.0"/>
<celldesigner:paint color="ffffffff" scheme="Color"/>
</celldesigner:speciesAlias>
<celldesigner:speciesAlias id="a17" species="s7">
<celldesigner:activity>inactive</celldesigner:activity>
<celldesigner:bounds h="20.0" w="38.0" x="33.0" y="449.0"/>
<celldesigner:singleLine width="1.0"/>
<celldesigner:paint color="ffffffff" scheme="Color"/>
</celldesigner:speciesAlias>
<celldesigner:speciesAlias id="a18" species="s15">
<celldesigner:activity>inactive</celldesigner:activity>
<celldesigner:bounds h="22.0" w="37.0" x="395.0" y="315.0"/>
<celldesigner:singleLine width="1.0"/>
<celldesigner:paint color="ffffffff" scheme="Color"/>
</celldesigner:speciesAlias>
<celldesigner:speciesAlias id="a19" species="s16">
<celldesigner:activity>inactive</celldesigner:activity>
<celldesigner:bounds h="21.0" w="32.0" x="191.0" y="317.0"/>
<celldesigner:singleLine width="1.0"/>
<celldesigner:paint color="ffffffff" scheme="Color"/>
</celldesigner:speciesAlias>
<celldesigner:speciesAlias id="a20" species="s17">
<celldesigner:activity>inactive</celldesigner:activity>
<celldesigner:bounds h="28.0" w="156.0" x="134.0" y="153.0"/>
<celldesigner:singleLine width="1.0"/>
<celldesigner:paint color="ff66ccff" scheme="Color"/>
</celldesigner:speciesAlias>
<celldesigner:speciesAlias id="a21" species="s18">
<celldesigner:activity>inactive</celldesigner:activity>
<celldesigner:bounds h="38.0" w="139.0" x="148.0" y="388.0"/>
<celldesigner:singleLine width="1.0"/>
<celldesigner:paint color="ff66ccff" scheme="Color"/>
</celldesigner:speciesAlias>
<celldesigner:speciesAlias id="a22" species="s19">
<celldesigner:activity>inactive</celldesigner:activity>
<celldesigner:bounds h="22.0" w="119.0" x="244.0" y="235.0"/>
<celldesigner:singleLine width="1.0"/>
<celldesigner:paint color="ff66ccff" scheme="Color"/>
</celldesigner:speciesAlias>
<celldesigner:speciesAlias id="a23" species="s20">
<celldesigner:activity>inactive</celldesigner:activity>
<celldesigner:bounds h="34.0" w="93.0" x="686.0" y="128.0"/>
<celldesigner:singleLine width="1.0"/>
<celldesigner:paint color="ff66ccff" scheme="Color"/>
</celldesigner:speciesAlias>
<celldesigner:speciesAlias id="a24" species="s21">
<celldesigner:activity>inactive</celldesigner:activity>
<celldesigner:bounds h="25.0" w="106.0" x="694.0" y="632.0"/>
<celldesigner:singleLine width="1.0"/>
<celldesigner:paint color="ff66ccff" scheme="Color"/>
</celldesigner:speciesAlias>
<celldesigner:speciesAlias id="a25" species="s22">
<celldesigner:activity>inactive</celldesigner:activity>
<celldesigner:bounds h="34.0" w="142.0" x="753.0" y="323.0"/>
<celldesigner:singleLine width="1.0"/>
<celldesigner:paint color="ff66ccff" scheme="Color"/>
</celldesigner:speciesAlias>
<celldesigner:speciesAlias id="a26" species="s23">
<celldesigner:activity>inactive</celldesigner:activity>
<celldesigner:bounds h="24.0" w="152.0" x="318.0" y="464.0"/>
<celldesigner:singleLine width="1.0"/>
<celldesigner:paint color="ff66ccff" scheme="Color"/>
</celldesigner:speciesAlias>
<celldesigner:speciesAlias id="a27" species="s24">
<celldesigner:activity>inactive</celldesigner:activity>
<celldesigner:bounds h="31.0" w="91.0" x="439.0" y="347.0"/>
<celldesigner:singleLine width="1.0"/>
<celldesigner:paint color="ffffffff" scheme="Color"/>
</celldesigner:speciesAlias>
<celldesigner:speciesAlias id="a28" species="s10">
<celldesigner:activity>inactive</celldesigner:activity>
<celldesigner:bounds h="24.0" w="34.0" x="589.0" y="483.0"/>
<celldesigner:singleLine width="1.0"/>
<celldesigner:paint color="ffffffff" scheme="Color"/>
</celldesigner:speciesAlias>
</celldesigner:listOfSpeciesAliases>
<celldesigner:listOfGroups/>
<celldesigner:listOfProteins>
<celldesigner:protein id="p1" name="Xanthosine phosphorylase" type="GENERIC"/>
<celldesigner:protein id="p2" name="Xanthine phosphoribosyl_br_transferase" type="GENERIC"/>
<celldesigner:protein id="p3" name="Guanine deaminase" type="GENERIC"/>
<celldesigner:protein id="p4" name="Deoxyguanosine_br_phosphorylase" type="GENERIC"/>
<celldesigner:protein id="p5" name="Guanosine kinase" type="GENERIC"/>
<celldesigner:protein id="p6" name="Guanine phosphoribosyl_br_transferase" type="GENERIC"/>
<celldesigner:protein id="p7" name="Guanosine phosphorylase" type="GENERIC"/>
</celldesigner:listOfProteins>
<celldesigner:listOfBlockDiagrams/>
</annotation>
<listOfCompartments>
<compartment id="default" size="1.0"/>
</listOfCompartments>
<listOfSpecies>
<species compartment="default" id="s1" initialAmount="0.0" name="guanine">
<notes>
<html xmlns="http://www.w3.org/1999/xhtml">
<!--Notes by CellDesigner-->
<body>
Long Name:  guanine
Synonym:  Synonym not specified
Accession:  S04347
</body>
</html>
</notes>
<annotation>
<celldesigner:positionToCompartment>inside</celldesigner:positionToCompartment>
<celldesigner:speciesIdentity>
<celldesigner:class>SIMPLE_MOLECULE</celldesigner:class>
<celldesigner:name>guanine</celldesigner:name>
</celldesigner:speciesIdentity>
</annotation>
</species>
<species compartment="default" id="s2" initialAmount="0.0" name="guanosine">
<notes>
<html xmlns="http://www.w3.org/1999/xhtml">
<!--Notes by CellDesigner-->
<body>
Long Name:  guanosine
Synonym:  Synonym not specified
Accession:  S04349
</body>
</html>
</notes>
<annotation>
<celldesigner:positionToCompartment>inside</celldesigner:positionToCompartment>
<celldesigner:speciesIdentity>
<celldesigner:class>SIMPLE_MOLECULE</celldesigner:class>
<celldesigner:name>guanosine</celldesigner:name>
</celldesigner:speciesIdentity>
</annotation>
</species>
<species compartment="default" id="s3" initialAmount="0.0" name="GMP">
<notes>
<html xmlns="http://www.w3.org/1999/xhtml">
<!--Notes by CellDesigner-->
<body>
Long Name:  GMP
Synonym:  Synonym not specified
Accession:  S04340
</body>
</html>
</notes>
<annotation>
<celldesigner:positionToCompartment>inside</celldesigner:positionToCompartment>
<celldesigner:speciesIdentity>
<celldesigner:class>SIMPLE_MOLECULE</celldesigner:class>
<celldesigner:name>GMP</celldesigner:name>
</celldesigner:speciesIdentity>
</annotation>
</species>
<species compartment="default" id="s4" initialAmount="0.0" name="ATP">
<notes>
<html xmlns="http://www.w3.org/1999/xhtml">
<!--Notes by CellDesigner-->
<body>
Long Name:  ATP
Synonym:  Synonym not specified
Accession:  S04343
</body>
</html>
</notes>
<annotation>
<celldesigner:positionToCompartment>inside</celldesigner:positionToCompartment>
<celldesigner:speciesIdentity>
<celldesigner:class>SIMPLE_MOLECULE</celldesigner:class>
<celldesigner:name>ATP</celldesigner:name>
</celldesigner:speciesIdentity>
</annotation>
</species>
<species compartment="default" id="s5" initialAmount="0.0" name="ADP">
<notes>
<html xmlns="http://www.w3.org/1999/xhtml">
<!--Notes by CellDesigner-->
<body>
Long Name:  ADP
Synonym:  Synonym not specified
Accession:  S04351
</body>
</html>
</notes>
<annotation>
<celldesigner:positionToCompartment>inside</celldesigner:positionToCompartment>
<celldesigner:speciesIdentity>
<celldesigner:class>SIMPLE_MOLECULE</celldesigner:class>
<celldesigner:name>ADP</celldesigner:name>
</celldesigner:speciesIdentity>
</annotation>
</species>
<species compartment="default" id="s6" initialAmount="0.0" name="PRPP">
<notes>
<html xmlns="http://www.w3.org/1999/xhtml">
<!--Notes by CellDesigner-->
<body>
Long Name:  PRPP
Synonym:  Synonym not specified
Accession:  S04341
</body>
</html>
</notes>
<annotation>
<celldesigner:positionToCompartment>inside</celldesigner:positionToCompartment>
<celldesigner:speciesIdentity>
<celldesigner:class>SIMPLE_MOLECULE</celldesigner:class>
<celldesigner:name>PRPP</celldesigner:name>
</celldesigner:speciesIdentity>
</annotation>
</species>
<species compartment="default" id="s7" initialAmount="0.0" name="PP_sub_i">
<notes>
<html xmlns="http://www.w3.org/1999/xhtml">
<!--Notes by CellDesigner-->
<body>
Long Name:  PPi
Synonym:  Synonym not specified
Accession:  S04352
</body>
</html>
</notes>
<annotation>
<celldesigner:positionToCompartment>inside</celldesigner:positionToCompartment>
<celldesigner:speciesIdentity>
<celldesigner:class>SIMPLE_MOLECULE</celldesigner:class>
<celldesigner:name>PP_sub_i</celldesigner:name>
</celldesigner:speciesIdentity>
</annotation>
</species>
<species compartment="default" id="s8" initialAmount="0.0" name="deoxyguanosine">
<notes>
<html xmlns="http://www.w3.org/1999/xhtml">
<!--Notes by CellDesigner-->
<body>
Long Name:  deoxyguanosine
Synonym:  Synonym not specified
Accession:  S04339
</body>
</html>
</notes>
<annotation>
<celldesigner:positionToCompartment>inside</celldesigner:positionToCompartment>
<celldesigner:speciesIdentity>
<celldesigner:class>SIMPLE_MOLECULE</celldesigner:class>
<celldesigner:name>deoxyguanosine</celldesigner:name>
</celldesigner:speciesIdentity>
</annotation>
</species>
<species compartment="default" id="s9" initialAmount="0.0" name="deoxyribose-1-_br_phosphate">
<notes>
<html xmlns="http://www.w3.org/1999/xhtml">
<!--Notes by CellDesigner-->
<body>
Long Name:  deoxyribose-1-phosphate
Synonym:  Synonym not specified
Accession:  S04346
</body>
</html>
</notes>
<annotation>
<celldesigner:positionToCompartment>inside</celldesigner:positionToCompartment>
<celldesigner:speciesIdentity>
<celldesigner:class>SIMPLE_MOLECULE</celldesigner:class>
<celldesigner:name>deoxyribose-1-_br_phosphate</celldesigner:name>
</celldesigner:speciesIdentity>
</annotation>
</species>
<species compartment="default" id="s10" initialAmount="0.0" name="PO_sub_4">
<notes>
<html xmlns="http://www.w3.org/1999/xhtml">
<!--Notes by CellDesigner-->
<body>
Long Name:  PO4
Synonym:  Synonym not specified
Accession:  S04348
</body>
</html>
</notes>
<annotation>
<celldesigner:positionToCompartment>inside</celldesigner:positionToCompartment>
<celldesigner:speciesIdentity>
<celldesigner:class>SIMPLE_MOLECULE</celldesigner:class>
<celldesigner:name>PO_sub_4</celldesigner:name>
</celldesigner:speciesIdentity>
</annotation>
</species>
<species compartment="default" id="s11" initialAmount="0.0" name="xanthine">
<notes>
<html xmlns="http://www.w3.org/1999/xhtml">
<!--Notes by CellDesigner-->
<body>
Long Name:  xanthine
Synonym:  Synonym not specified
Accession:  S04336
</body>
</html>
</notes>
<annotation>
<celldesigner:positionToCompartment>inside</celldesigner:positionToCompartment>
<celldesigner:speciesIdentity>
<celldesigner:class>SIMPLE_MOLECULE</celldesigner:class>
<celldesigner:name>xanthine</celldesigner:name>
</celldesigner:speciesIdentity>
</annotation>
</species>
<species compartment="default" id="s13" initialAmount="0.0" name="xanthosine">
<notes>
<html xmlns="http://www.w3.org/1999/xhtml">
<!--Notes by CellDesigner-->
<body>
Long Name:  xanthosine
Synonym:  Synonym not specified
Accession:  S04345
</body>
</html>
</notes>
<annotation>
<celldesigner:positionToCompartment>inside</celldesigner:positionToCompartment>
<celldesigner:speciesIdentity>
<celldesigner:class>SIMPLE_MOLECULE</celldesigner:class>
<celldesigner:name>xanthosine</celldesigner:name>
</celldesigner:speciesIdentity>
</annotation>
</species>
<species compartment="default" id="s12" initialAmount="0.0" name="xanthosine-5-_br_phosphate">
<notes>
<html xmlns="http://www.w3.org/1999/xhtml">
<!--Notes by CellDesigner-->
<body>
Long Name:  xanthosine-5-phosphate
Synonym:  Synonym not specified
Accession:  S04342
</body>
</html>
</notes>
<annotation>
<celldesigner:positionToCompartment>inside</celldesigner:positionToCompartment>
<celldesigner:speciesIdentity>
<celldesigner:class>SIMPLE_MOLECULE</celldesigner:class>
<celldesigner:name>xanthosine-5-_br_phosphate</celldesigner:name>
</celldesigner:speciesIdentity>
</annotation>
</species>
<species compartment="default" id="s15" initialAmount="0.0" name="H_sub_2_endsub_O">
<notes>
<html xmlns="http://www.w3.org/1999/xhtml">
<!--Notes by CellDesigner-->
<body>
Long Name:  H2O
Synonym:  Synonym not specified
Accession:  S04344
</body>
</html>
</notes>
<annotation>
<celldesigner:positionToCompartment>inside</celldesigner:positionToCompartment>
<celldesigner:speciesIdentity>
<celldesigner:class>SIMPLE_MOLECULE</celldesigner:class>
<celldesigner:name>H_sub_2_endsub_O</celldesigner:name>
</celldesigner:speciesIdentity>
</annotation>
</species>
<species compartment="default" id="s16" initialAmount="0.0" name="NH_sub_3">
<notes>
<html xmlns="http://www.w3.org/1999/xhtml">
<!--Notes by CellDesigner-->
<body>
Long Name:  NH3
Synonym:  Synonym not specified
Accession:  S04337
</body>
</html>
</notes>
<annotation>
<celldesigner:positionToCompartment>inside</celldesigner:positionToCompartment>
<celldesigner:speciesIdentity>
<celldesigner:class>SIMPLE_MOLECULE</celldesigner:class>
<celldesigner:name>NH_sub_3</celldesigner:name>
</celldesigner:speciesIdentity>
</annotation>
</species>
<species compartment="default" id="s17" initialAmount="0.0" name="Xanthosine phosphorylase">
<notes>
<html xmlns="http://www.w3.org/1999/xhtml">
<!--Notes by CellDesigner-->
<body>
Long Name:  Xanthosine phosphorylase
Synonym:  Synonym not specified
Accession:  P03246
</body>
</html>
</notes>
<annotation>
<celldesigner:positionToCompartment>inside</celldesigner:positionToCompartment>
<celldesigner:speciesIdentity>
<celldesigner:class>PROTEIN</celldesigner:class>
<celldesigner:proteinReference>p1</celldesigner:proteinReference>
</celldesigner:speciesIdentity>
<celldesigner:listOfCatalyzedReactions>
<celldesigner:catalyzed reaction="r5"/>
</celldesigner:listOfCatalyzedReactions>
</annotation>
</species>
<species compartment="default" id="s18" initialAmount="0.0" name="Xanthine phosphoribosyl_br_transferase">
<notes>
<html xmlns="http://www.w3.org/1999/xhtml">
<!--Notes by CellDesigner-->
<body>
Long Name:  Xanthine phosphoribosyltransferase
Synonym:  Synonym not specified
Accession:  P03247
</body>
</html>
</notes>
<annotation>
<celldesigner:positionToCompartment>inside</celldesigner:positionToCompartment>
<celldesigner:speciesIdentity>
<celldesigner:class>PROTEIN</celldesigner:class>
<celldesigner:proteinReference>p2</celldesigner:proteinReference>
</celldesigner:speciesIdentity>
<celldesigner:listOfCatalyzedReactions>
<celldesigner:catalyzed reaction="r6"/>
</celldesigner:listOfCatalyzedReactions>
</annotation>
</species>
<species compartment="default" id="s19" initialAmount="0.0" name="Guanine deaminase">
<notes>
<html xmlns="http://www.w3.org/1999/xhtml">
<!--Notes by CellDesigner-->
<body>
Long Name:  Guanine deaminase
Synonym:  Synonym not specified
Accession:  P03249
</body>
</html>
</notes>
<annotation>
<celldesigner:positionToCompartment>inside</celldesigner:positionToCompartment>
<celldesigner:speciesIdentity>
<celldesigner:class>PROTEIN</celldesigner:class>
<celldesigner:proteinReference>p3</celldesigner:proteinReference>
</celldesigner:speciesIdentity>
<celldesigner:listOfCatalyzedReactions>
<celldesigner:catalyzed reaction="r4"/>
</celldesigner:listOfCatalyzedReactions>
</annotation>
</species>
<species compartment="default" id="s20" initialAmount="0.0" name="Deoxyguanosine_br_phosphorylase">
<notes>
<html xmlns="http://www.w3.org/1999/xhtml">
<!--Notes by CellDesigner-->
<body>
Long Name:  Deoxyguanosine phosphorylase
Synonym:  Synonym not specified
Accession:  P03248
</body>
</html>
</notes>
<annotation>
<celldesigner:positionToCompartment>inside</celldesigner:positionToCompartment>
<celldesigner:speciesIdentity>
<celldesigner:class>PROTEIN</celldesigner:class>
<celldesigner:proteinReference>p4</celldesigner:proteinReference>
</celldesigner:speciesIdentity>
<celldesigner:listOfCatalyzedReactions>
<celldesigner:catalyzed reaction="r7"/>
</celldesigner:listOfCatalyzedReactions>
</annotation>
</species>
<species compartment="default" id="s21" initialAmount="0.0" name="Guanosine kinase">
<notes>
<html xmlns="http://www.w3.org/1999/xhtml">
<!--Notes by CellDesigner-->
<body>
Long Name:  Guanosine kinase
Synonym:  Synonym not specified
Accession:  P03251
</body>
</html>
</notes>
<annotation>
<celldesigner:positionToCompartment>inside</celldesigner:positionToCompartment>
<celldesigner:speciesIdentity>
<celldesigner:class>PROTEIN</celldesigner:class>
<celldesigner:proteinReference>p5</celldesigner:proteinReference>
</celldesigner:speciesIdentity>
<celldesigner:listOfCatalyzedReactions>
<celldesigner:catalyzed reaction="r2"/>
</celldesigner:listOfCatalyzedReactions>
</annotation>
</species>
<species compartment="default" id="s22" initialAmount="0.0" name="Guanine phosphoribosyl_br_transferase">
<notes>
<html xmlns="http://www.w3.org/1999/xhtml">
<!--Notes by CellDesigner-->
<body>
Long Name:  Guanine phosphoribosyltransferase
Synonym:  Synonym not specified
Accession:  P03245
</body>
</html>
</notes>
<annotation>
<celldesigner:positionToCompartment>inside</celldesigner:positionToCompartment>
<celldesigner:speciesIdentity>
<celldesigner:class>PROTEIN</celldesigner:class>
<celldesigner:proteinReference>p6</celldesigner:proteinReference>
</celldesigner:speciesIdentity>
<celldesigner:listOfCatalyzedReactions>
<celldesigner:catalyzed reaction="r3"/>
</celldesigner:listOfCatalyzedReactions>
</annotation>
</species>
<species compartment="default" id="s23" initialAmount="0.0" name="Guanosine phosphorylase">
<notes>
<html xmlns="http://www.w3.org/1999/xhtml">
<!--Notes by CellDesigner-->
<body>
Long Name:  Guanosine phosphorylase
Synonym:  Synonym not specified
Accession:  P03250
</body>
</html>
</notes>
<annotation>
<celldesigner:positionToCompartment>inside</celldesigner:positionToCompartment>
<celldesigner:speciesIdentity>
<celldesigner:class>PROTEIN</celldesigner:class>
<celldesigner:proteinReference>p7</celldesigner:proteinReference>
</celldesigner:speciesIdentity>
<celldesigner:listOfCatalyzedReactions>
<celldesigner:catalyzed reaction="r1"/>
</celldesigner:listOfCatalyzedReactions>
</annotation>
</species>
<species compartment="default" id="s24" initialAmount="0.0" name="ribose-1-_br_phosphate">
<notes>
<html xmlns="http://www.w3.org/1999/xhtml">
<!--Notes by CellDesigner-->
<body>
Long Name:  ribose-1-phosphate
Synonym:  Synonym not specified
Accession:  S04338
</body>
</html>
</notes>
<annotation>
<celldesigner:positionToCompartment>inside</celldesigner:positionToCompartment>
<celldesigner:speciesIdentity>
<celldesigner:class>SIMPLE_MOLECULE</celldesigner:class>
<celldesigner:name>ribose-1-_br_phosphate</celldesigner:name>
</celldesigner:speciesIdentity>
</annotation>
</species>
</listOfSpecies>
<listOfReactions>
<reaction id="r1" reversible="false">
<annotation>
<celldesigner:reactionType>STATE_TRANSITION</celldesigner:reactionType>
<celldesigner:baseReactants>s1</celldesigner:baseReactants>
<celldesigner:baseProducts>s2</celldesigner:baseProducts>
<celldesigner:listOfReactantLinks>
<celldesigner:reactantLink alias="a27" reactant="s24" targetLineIndex="-1,1"/>
</celldesigner:listOfReactantLinks>
<celldesigner:listOfProductLinks>
<celldesigner:productLink alias="a28" product="s10" targetLineIndex="-1,1"/>
</celldesigner:listOfProductLinks>
<celldesigner:editPoints>0.3333333333333335,0.0 0.6666666666666667,-8.881784197001252E-16</celldesigner:editPoints>
<celldesigner:listOfModification>
<celldesigner:modification aliases="a26" editPoints="0.33333333333333326,8.881784197001252E-16 0.6666666666666667,8.881784197001252E-16" modifiers="s23" targetLineIndex="-1,1" type="CATALYSIS"/>
</celldesigner:listOfModification>
</annotation>
<listOfReactants>
<speciesReference species="s1">
<annotation>
<celldesigner:alias>a1</celldesigner:alias>
</annotation>
</speciesReference>
<speciesReference species="s24">
<annotation>
<celldesigner:alias>a27</celldesigner:alias>
</annotation>
</speciesReference>
</listOfReactants>
<listOfProducts>
<speciesReference species="s2">
<annotation>
<celldesigner:alias>a2</celldesigner:alias>
</annotation>
</speciesReference>
<speciesReference species="s10">
<annotation>
<celldesigner:alias>a28</celldesigner:alias>
</annotation>
</speciesReference>
</listOfProducts>
<listOfModifiers>
<modifierSpeciesReference species="s23">
<annotation>
<celldesigner:alias>a26</celldesigner:alias>
</annotation>
</modifierSpeciesReference>
</listOfModifiers>
</reaction>
<reaction id="r2" reversible="false">
<annotation>
<celldesigner:reactionType>STATE_TRANSITION</celldesigner:reactionType>
<celldesigner:baseReactants>s2</celldesigner:baseReactants>
<celldesigner:baseProducts>s3</celldesigner:baseProducts>
<celldesigner:listOfReactantLinks>
<celldesigner:reactantLink alias="a4" reactant="s4" targetLineIndex="-1,1"/>
</celldesigner:listOfReactantLinks>
<celldesigner:listOfProductLinks>
<celldesigner:productLink alias="a5" product="s5" targetLineIndex="-1,1"/>
</celldesigner:listOfProductLinks>
<celldesigner:editPoints>0.33333333333333326,-1.3322676295501878E-15 0.6666666666666667,-2.886579864025407E-15</celldesigner:editPoints>
<celldesigner:listOfModification>
<celldesigner:modification aliases="a24" editPoints="0.3333333333333317,-1.7763568394002505E-15 0.6666666666666656,1.7763568394002505E-15" modifiers="s21" targetLineIndex="-1,1" type="CATALYSIS"/>
</celldesigner:listOfModification>
</annotation>
<listOfReactants>
<speciesReference species="s2">
<annotation>
<celldesigner:alias>a2</celldesigner:alias>
</annotation>
</speciesReference>
<speciesReference species="s4">
<annotation>
<celldesigner:alias>a4</celldesigner:alias>
</annotation>
</speciesReference>
</listOfReactants>
<listOfProducts>
<speciesReference species="s3">
<annotation>
<celldesigner:alias>a3</celldesigner:alias>
</annotation>
</speciesReference>
<speciesReference species="s5">
<annotation>
<celldesigner:alias>a5</celldesigner:alias>
</annotation>
</speciesReference>
</listOfProducts>
<listOfModifiers>
<modifierSpeciesReference species="s21">
<annotation>
<celldesigner:alias>a24</celldesigner:alias>
</annotation>
</modifierSpeciesReference>
</listOfModifiers>
</reaction>
<reaction id="r3" reversible="false">
<annotation>
<celldesigner:reactionType>STATE_TRANSITION</celldesigner:reactionType>
<celldesigner:baseReactants>s1</celldesigner:baseReactants>
<celldesigner:baseProducts>s3</celldesigner:baseProducts>
<celldesigner:listOfReactantLinks>
<celldesigner:reactantLink alias="a6" reactant="s6" targetLineIndex="-1,1"/>
</celldesigner:listOfReactantLinks>
<celldesigner:listOfProductLinks>
<celldesigner:productLink alias="a7" product="s7" targetLineIndex="-1,1"/>
</celldesigner:listOfProductLinks>
<celldesigner:editPoints>0.33333333333333326,-2.7755575615628914E-17 0.666666666666667,8.326672684688674E-17</celldesigner:editPoints>
<celldesigner:listOfModification>
<celldesigner:modification aliases="a25" editPoints="0.3333333333333339,1.7763568394002505E-15 0.6666666666666661,1.7763568394002505E-15" modifiers="s22" targetLineIndex="-1,1" type="CATALYSIS"/>
</celldesigner:listOfModification>
</annotation>
<listOfReactants>
<speciesReference species="s1">
<annotation>
<celldesigner:alias>a1</celldesigner:alias>
</annotation>
</speciesReference>
<speciesReference species="s6">
<annotation>
<celldesigner:alias>a6</celldesigner:alias>
</annotation>
</speciesReference>
</listOfReactants>
<listOfProducts>
<speciesReference species="s3">
<annotation>
<celldesigner:alias>a3</celldesigner:alias>
</annotation>
</speciesReference>
<speciesReference species="s7">
<annotation>
<celldesigner:alias>a7</celldesigner:alias>
</annotation>
</speciesReference>
</listOfProducts>
<listOfModifiers>
<modifierSpeciesReference species="s22">
<annotation>
<celldesigner:alias>a25</celldesigner:alias>
</annotation>
</modifierSpeciesReference>
</listOfModifiers>
</reaction>
<reaction id="r4" reversible="false">
<annotation>
<celldesigner:reactionType>STATE_TRANSITION</celldesigner:reactionType>
<celldesigner:baseReactants>s1</celldesigner:baseReactants>
<celldesigner:baseProducts>s11</celldesigner:baseProducts>
<celldesigner:listOfReactantLinks>
<celldesigner:reactantLink alias="a18" reactant="s15" targetLineIndex="-1,1"/>
</celldesigner:listOfReactantLinks>
<celldesigner:listOfProductLinks>
<celldesigner:productLink alias="a19" product="s16" targetLineIndex="-1,1"/>
</celldesigner:listOfProductLinks>
<celldesigner:editPoints>0.3333333333333335,2.220446049250313E-16 0.6666666666666667,6.661338147750939E-16</celldesigner:editPoints>
<celldesigner:listOfModification>
<celldesigner:modification aliases="a22" editPoints="0.3333333333333335,-8.881784197001252E-16 0.6666666666666665,-8.881784197001252E-16" modifiers="s19" targetLineIndex="-1,1" type="CATALYSIS"/>
</celldesigner:listOfModification>
</annotation>
<listOfReactants>
<speciesReference species="s1">
<annotation>
<celldesigner:alias>a1</celldesigner:alias>
</annotation>
</speciesReference>
<speciesReference species="s15">
<annotation>
<celldesigner:alias>a18</celldesigner:alias>
</annotation>
</speciesReference>
</listOfReactants>
<listOfProducts>
<speciesReference species="s11">
<annotation>
<celldesigner:alias>a11</celldesigner:alias>
</annotation>
</speciesReference>
<speciesReference species="s16">
<annotation>
<celldesigner:alias>a19</celldesigner:alias>
</annotation>
</speciesReference>
</listOfProducts>
<listOfModifiers>
<modifierSpeciesReference species="s19">
<annotation>
<celldesigner:alias>a22</celldesigner:alias>
</annotation>
</modifierSpeciesReference>
</listOfModifiers>
</reaction>
<reaction id="r5" reversible="false">
<annotation>
<celldesigner:reactionType>STATE_TRANSITION</celldesigner:reactionType>
<celldesigner:baseReactants>s13</celldesigner:baseReactants>
<celldesigner:baseProducts>s11</celldesigner:baseProducts>
<celldesigner:listOfReactantLinks>
<celldesigner:reactantLink alias="a14" reactant="s10" targetLineIndex="-1,1"/>
</celldesigner:listOfReactantLinks>
<celldesigner:listOfProductLinks>
<celldesigner:productLink alias="a15" product="s24" targetLineIndex="-1,1"/>
</celldesigner:listOfProductLinks>
<celldesigner:editPoints>0.3333333333333335,0.0 0.666666666666667,-2.220446049250313E-16</celldesigner:editPoints>
<celldesigner:listOfModification>
<celldesigner:modification aliases="a20" editPoints="0.33333333333333304,-2.220446049250313E-16 0.6666666666666665,-2.220446049250313E-16" modifiers="s17" targetLineIndex="-1,1" type="CATALYSIS"/>
</celldesigner:listOfModification>
</annotation>
<listOfReactants>
<speciesReference species="s13">
<annotation>
<celldesigner:alias>a13</celldesigner:alias>
</annotation>
</speciesReference>
<speciesReference species="s10">
<annotation>
<celldesigner:alias>a14</celldesigner:alias>
</annotation>
</speciesReference>
</listOfReactants>
<listOfProducts>
<speciesReference species="s11">
<annotation>
<celldesigner:alias>a11</celldesigner:alias>
</annotation>
</speciesReference>
<speciesReference species="s24">
<annotation>
<celldesigner:alias>a15</celldesigner:alias>
</annotation>
</speciesReference>
</listOfProducts>
<listOfModifiers>
<modifierSpeciesReference species="s17">
<annotation>
<celldesigner:alias>a20</celldesigner:alias>
</annotation>
</modifierSpeciesReference>
</listOfModifiers>
</reaction>
<reaction id="r6" reversible="false">
<annotation>
<celldesigner:reactionType>STATE_TRANSITION</celldesigner:reactionType>
<celldesigner:baseReactants>s11</celldesigner:baseReactants>
<celldesigner:baseProducts>s12</celldesigner:baseProducts>
<celldesigner:listOfReactantLinks>
<celldesigner:reactantLink alias="a16" reactant="s6" targetLineIndex="-1,1"/>
</celldesigner:listOfReactantLinks>
<celldesigner:listOfProductLinks>
<celldesigner:productLink alias="a17" product="s7" targetLineIndex="-1,1"/>
</celldesigner:listOfProductLinks>
<celldesigner:editPoints>0.33333333333333304,0.0 0.6666666666666665,0.0</celldesigner:editPoints>
<celldesigner:listOfModification>
<celldesigner:modification aliases="a21" editPoints="0.33333333333333304,-4.440892098500626E-16 0.6666666666666664,0.0" modifiers="s18" targetLineIndex="-1,1" type="CATALYSIS"/>
</celldesigner:listOfModification>
</annotation>
<listOfReactants>
<speciesReference species="s11">
<annotation>
<celldesigner:alias>a11</celldesigner:alias>
</annotation>
</speciesReference>
<speciesReference species="s6">
<annotation>
<celldesigner:alias>a16</celldesigner:alias>
</annotation>
</speciesReference>
</listOfReactants>
<listOfProducts>
<speciesReference species="s12">
<annotation>
<celldesigner:alias>a12</celldesigner:alias>
</annotation>
</speciesReference>
<speciesReference species="s7">
<annotation>
<celldesigner:alias>a17</celldesigner:alias>
</annotation>
</speciesReference>
</listOfProducts>
<listOfModifiers>
<modifierSpeciesReference species="s18">
<annotation>
<celldesigner:alias>a21</celldesigner:alias>
</annotation>
</modifierSpeciesReference>
</listOfModifiers>
</reaction>
<reaction id="r7" reversible="false">
<annotation>
<celldesigner:reactionType>STATE_TRANSITION</celldesigner:reactionType>
<celldesigner:baseReactants>s1</celldesigner:baseReactants>
<celldesigner:baseProducts>s8</celldesigner:baseProducts>
<celldesigner:listOfReactantLinks>
<celldesigner:reactantLink alias="a9" reactant="s9" targetLineIndex="-1,1"/>
</celldesigner:listOfReactantLinks>
<celldesigner:listOfProductLinks>
<celldesigner:productLink alias="a10" product="s10" targetLineIndex="-1,1"/>
</celldesigner:listOfProductLinks>
<celldesigner:editPoints>0.3333333333333335,-2.220446049250313E-16 0.666666666666667,0.0</celldesigner:editPoints>
<celldesigner:listOfModification>
<celldesigner:modification aliases="a23" editPoints="0.33333333333333304,0.0 0.6666666666666661,-4.440892098500626E-16" modifiers="s20" targetLineIndex="-1,1" type="CATALYSIS"/>
</celldesigner:listOfModification>
</annotation>
<listOfReactants>
<speciesReference species="s1">
<annotation>
<celldesigner:alias>a1</celldesigner:alias>
</annotation>
</speciesReference>
<speciesReference species="s9">
<annotation>
<celldesigner:alias>a9</celldesigner:alias>
</annotation>
</speciesReference>
</listOfReactants>
<listOfProducts>
<speciesReference species="s8">
<annotation>
<celldesigner:alias>a8</celldesigner:alias>
</annotation>
</speciesReference>
<speciesReference species="s10">
<annotation>
<celldesigner:alias>a10</celldesigner:alias>
</annotation>
</speciesReference>
</listOfProducts>
<listOfModifiers>
<modifierSpeciesReference species="s20">
<annotation>
<celldesigner:alias>a23</celldesigner:alias>
</annotation>
</modifierSpeciesReference>
</listOfModifiers>
</reaction>
</listOfReactions>
</model>
</sbml>
